[2026-03-27T23:05:37.442] [DEBUG] debug-file - entry : default@CompileArkTS cost memory 1.2017669677734375
[2026-03-27T23:05:37.443] [DEBUG] debug-file - Executing task :entry:default@BuildJS
[2026-03-27T23:05:37.444] [DEBUG] debug-file - Task 'entry:default@BuildJS' cost while wrapping incremental declarations: 1 ms 
[2026-03-27T23:05:37.445] [DEBUG] debug-file - entry : default@BuildJS cost memory 0.1413421630859375
[2026-03-27T23:05:37.446] [DEBUG] debug-file - runTaskFromQueue task cost before running: 188 ms 
[2026-03-27T23:05:37.446] [INFO] debug-file - Finished :entry:default@BuildJS... after 3 ms 
[2026-03-27T23:05:37.447] [DEBUG] debug-file - Executing task :entry:default@CacheNativeLibs
[2026-03-27T23:05:37.447] [DEBUG] debug-file - Task 'entry:default@CacheNativeLibs' cost while wrapping incremental declarations: 1 ms 
[2026-03-27T23:05:37.449] [DEBUG] debug-file - Incremental task entry:default@CacheNativeLibs pre-execution cost: 2 ms .
[2026-03-27T23:05:37.449] [DEBUG] debug-file - entry : default@CacheNativeLibs cost memory 0.09386444091796875
[2026-03-27T23:05:37.449] [INFO] debug-file - UP-TO-DATE :entry:default@CacheNativeLibs...  
[2026-03-27T23:05:38.362] [DEBUG] debug-file - worker[4] has one work done.
[2026-03-27T23:05:38.362] [DEBUG] debug-file - default@CompileArkTS work[12] done.
[2026-03-27T23:05:38.362] [DEBUG] debug-file - A work dispatched to worker[4] failed because unable to get work from ready queue.
[2026-03-27T23:05:44.253] [DEBUG] debug-file - worker[14] has one work done.
[2026-03-27T23:05:44.254] [DEBUG] debug-file - CopyResources is end, endTime: 1656815073558100
[2026-03-27T23:05:44.254] [DEBUG] debug-file - default@CompileArkTS work[13] done.
[2026-03-27T23:05:44.254] [DEBUG] debug-file - A work dispatched to worker[14] failed because unable to get work from ready queue.
[2026-03-27T23:05:44.255] [INFO] debug-file - Finished :entry:default@CompileArkTS... after 944 ms 
[2026-03-27T23:05:44.256] [DEBUG] debug-file - Executing task :entry:default@GeneratePkgModuleJson
[2026-03-27T23:05:44.256] [DEBUG] debug-file - File: 'D:\HMAPPTEST\LiubaiNovel-ReReader\entry\build\default\intermediates\preload\default\preload.json' from 'preloadSoJsonPath' is not exists, just ignore.
[2026-03-27T23:05:44.257] [DEBUG] debug-file - Error occurs while handling @Input 'shouldDeduplicateHar': The "data" argument must be of type string or an instance of Buffer, TypedArray, or DataView. Received undefined
[2026-03-27T23:05:44.257] [DEBUG] debug-file - Task 'entry:default@GeneratePkgModuleJson' cost while wrapping incremental declarations: 1 ms 
[2026-03-27T23:05:44.257] [DEBUG] debug-file - Incremental task entry:default@GeneratePkgModuleJson pre-execution cost: 1 ms .
[2026-03-27T23:05:44.257] [DEBUG] debug-file - entry : default@GeneratePkgModuleJson cost memory 0.10182952880859375
[2026-03-27T23:05:44.258] [INFO] debug-file - UP-TO-DATE :entry:default@GeneratePkgModuleJson...  
[2026-03-27T23:05:44.258] [DEBUG] debug-file - Executing task :entry:default@ProcessCompiledResources
[2026-03-27T23:05:44.258] [DEBUG] debug-file - File: 'D:\HMAPPTEST\LiubaiNovel-ReReader\entry\build\default\intermediates\preload\default\preload.json' from 'preloadSoJsonPath' is not exists, just ignore.
[2026-03-27T23:05:44.258] [DEBUG] debug-file - Task 'entry:default@ProcessCompiledResources' cost while wrapping incremental declarations: 1 ms 
[2026-03-27T23:05:44.259] [DEBUG] debug-file - entry : default@ProcessCompiledResources cost memory 0.05632781982421875
[2026-03-27T23:05:44.259] [DEBUG] debug-file - runTaskFromQueue task cost before running: 7 s 
[2026-03-27T23:05:44.259] [INFO] debug-file - Finished :entry:default@ProcessCompiledResources... after 1 ms 
[2026-03-27T23:05:44.261] [DEBUG] debug-file - Executing task :entry:default@PackageHap
[2026-03-27T23:05:44.271] [DEBUG] debug-file - entry:default@PackageHap is not up-to-date, since the input file 'D:\HMAPPTEST\LiubaiNovel-ReReader\entry\build\default\intermediates\loader_out\default\ets' has been changed.
[2026-03-27T23:05:44.271] [DEBUG] debug-file - Incremental task entry:default@PackageHap pre-execution cost: 10 ms .
[2026-03-27T23:05:44.272] [DEBUG] debug-file - Use tool [D:\Program Files\Huawei\DevEco Studio\sdk\default\openharmony\toolchains\lib\app_packing_tool.jar]
 [
  'java',
  '-Dfile.encoding=GBK',
  '-jar',
  'D:\\Program Files\\Huawei\\DevEco Studio\\sdk\\default\\openharmony\\toolchains\\lib\\app_packing_tool.jar',
  '--mode',
  'hap',
  '--force',
  'true',
  '--lib-path',
  'D:\\HMAPPTEST\\LiubaiNovel-ReReader\\entry\\build\\default\\intermediates\\stripped_native_libs\\default',
  '--json-path',
  'D:\\HMAPPTEST\\LiubaiNovel-ReReader\\entry\\build\\default\\intermediates\\package\\default\\module.json',
  '--resources-path',
  'D:\\HMAPPTEST\\LiubaiNovel-ReReader\\entry\\build\\default\\intermediates\\res\\default\\resources',
  '--index-path',
  'D:\\HMAPPTEST\\LiubaiNovel-ReReader\\entry\\build\\default\\intermediates\\res\\default\\resources.index',
  '--pack-info-path',
  'D:\\HMAPPTEST\\LiubaiNovel-ReReader\\entry\\build\\default\\outputs\\default\\pack.info',
  '--out-path',
  'D:\\HMAPPTEST\\LiubaiNovel-ReReader\\entry\\build\\default\\outputs\\default\\entry-default-unsigned.hap',
  '--ets-path',
  'D:\\HMAPPTEST\\LiubaiNovel-ReReader\\entry\\build\\default\\intermediates\\loader_out\\default\\ets'
]
[2026-03-27T23:05:44.314] [DEBUG] debug-file - java daemon socket received message:{"code":0,"message":"pack success"}
[2026-03-27T23:05:44.317] [DEBUG] debug-file - entry : default@PackageHap cost memory -0.5139846801757812
[2026-03-27T23:05:44.317] [DEBUG] debug-file - runTaskFromQueue task cost before running: 7 s 59 ms 
[2026-03-27T23:05:44.317] [INFO] debug-file - Finished :entry:default@PackageHap... after 57 ms 
[2026-03-27T23:05:44.318] [DEBUG] debug-file - Executing task :entry:default@PackingCheck
[2026-03-27T23:05:44.323] [DEBUG] debug-file - entry : default@PackingCheck cost memory -0.142730712890625
[2026-03-27T23:05:44.323] [DEBUG] debug-file - runTaskFromQueue task cost before running: 7 s 65 ms 
[2026-03-27T23:05:44.323] [INFO] debug-file - Finished :entry:default@PackingCheck... after 5 ms 
[2026-03-27T23:05:44.324] [DEBUG] debug-file - Executing task :entry:default@SignHap
[2026-03-27T23:05:44.326] [DEBUG] debug-file - entry:default@SignHap is not up-to-date, since the input file 'D:\HMAPPTEST\LiubaiNovel-ReReader\entry\build\default\outputs\default\entry-default-unsigned.hap' has been changed.
[2026-03-27T23:05:44.326] [DEBUG] debug-file - Incremental task entry:default@SignHap pre-execution cost: 2 ms .
[2026-03-27T23:05:44.342] [DEBUG] debug-file - java daemon socket close code:1000 reason:close by user
[2026-03-27T23:05:44.376] [DEBUG] debug-file - java daemon socket received message:{"code":0,"message":"verify profile success"}
[2026-03-27T23:05:44.380] [DEBUG] debug-file - java daemon socket close code:1000 reason:close by user
[2026-03-27T23:05:44.478] [DEBUG] debug-file - java daemon socket received message:{"code":0,"message":"sign app success"}
[2026-03-27T23:05:44.479] [DEBUG] debug-file - entry : default@SignHap cost memory -0.1219635009765625
[2026-03-27T23:05:44.479] [DEBUG] debug-file - runTaskFromQueue task cost before running: 7 s 221 ms 
[2026-03-27T23:05:44.479] [INFO] debug-file - Finished :entry:default@SignHap... after 155 ms 
[2026-03-27T23:05:44.480] [DEBUG] debug-file - Executing task :entry:default@CollectDebugSymbol
[2026-03-27T23:05:44.481] [DEBUG] debug-file - entry : default@CollectDebugSymbol cost memory 0.0834808349609375
[2026-03-27T23:05:44.481] [DEBUG] debug-file - runTaskFromQueue task cost before running: 7 s 224 ms 
[2026-03-27T23:05:44.482] [INFO] debug-file - Finished :entry:default@CollectDebugSymbol... after 1 ms 
[2026-03-27T23:05:44.482] [DEBUG] debug-file - Executing task :entry:assembleHap
[2026-03-27T23:05:44.482] [DEBUG] debug-file - entry : assembleHap cost memory 0.01227569580078125
[2026-03-27T23:05:44.482] [DEBUG] debug-file - runTaskFromQueue task cost before running: 7 s 224 ms 
[2026-03-27T23:05:44.482] [INFO] debug-file - Finished :entry:assembleHap... after 1 ms 
[2026-03-27T23:05:45.294] [INFO] debug-file - BUILD SUCCESSFUL in 8 s 36 ms 
[2026-03-27T23:05:45.294] [DEBUG] debug-file - There is no need to refresh cache, since the incremental task entry:default@PreBuild is up-to-date.
[2026-03-27T23:05:45.294] [DEBUG] debug-file - Update task entry:default@CreateModuleInfo output file:D:\HMAPPTEST\LiubaiNovel-ReReader\entry\build\default\generated\profile\default\ModuleInfo.ts cache.
[2026-03-27T23:05:45.294] [DEBUG] debug-file - Incremental task entry:default@CreateModuleInfo post-execution cost:1 ms .
[2026-03-27T23:05:45.295] [DEBUG] debug-file - There is no need to refresh cache, since the incremental task entry:default@GenerateMetadata is up-to-date.
[2026-03-27T23:05:45.295] [DEBUG] debug-file - There is no need to refresh cache, since the incremental task entry:default@MergeProfile is up-to-date.
[2026-03-27T23:05:45.295] [DEBUG] debug-file - There is no need to refresh cache, since the incremental task entry:default@CreateBuildProfile is up-to-date.
[2026-03-27T23:05:45.295] [DEBUG] debug-file - Update task entry:default@GeneratePkgContextInfo output file:D:\HMAPPTEST\LiubaiNovel-ReReader\entry\build\default\intermediates\loader\default\pkgContextInfo.json cache.
[2026-03-27T23:05:45.295] [DEBUG] debug-file - Incremental task entry:default@GeneratePkgContextInfo post-execution cost:1 ms .
[2026-03-27T23:05:45.295] [DEBUG] debug-file - Update task entry:default@ProcessIntegratedHsp output file:D:\HMAPPTEST\LiubaiNovel-ReReader\build\cache\default\integrated_hsp\integratedHspCache.json cache.
[2026-03-27T23:05:45.295] [DEBUG] debug-file - Incremental task entry:default@ProcessIntegratedHsp post-execution cost:1 ms .
[2026-03-27T23:05:45.295] [DEBUG] debug-file - There is no need to refresh cache, since the incremental task entry:default@MakePackInfo is up-to-date.
[2026-03-27T23:05:45.295] [DEBUG] debug-file - Update task entry:default@SyscapTransform input file:D:\Program Files\Huawei\DevEco Studio\sdk\default\openharmony\toolchains\syscap_tool.exe cache by regenerate.
[2026-03-27T23:05:45.296] [DEBUG] debug-file - Update task entry:default@SyscapTransform input file:D:\Program Files\Huawei\DevEco Studio\sdk\default\openharmony\ets\api\device-define cache by regenerate.
[2026-03-27T23:05:45.296] [DEBUG] debug-file - Update task entry:default@SyscapTransform output file:D:\HMAPPTEST\LiubaiNovel-ReReader\entry\build\default\intermediates\syscap\default\rpcid.sc cache.
[2026-03-27T23:05:45.297] [DEBUG] debug-file - Incremental task entry:default@SyscapTransform post-execution cost:2 ms .
[2026-03-27T23:05:45.297] [DEBUG] debug-file - There is no need to refresh cache, since the incremental task entry:default@ProcessProfile is up-to-date.
[2026-03-27T23:05:45.297] [DEBUG] debug-file - There is no need to refresh cache, since the incremental task entry:default@ProcessRouterMap is up-to-date.
[2026-03-27T23:05:45.297] [DEBUG] debug-file - There is no need to refresh cache, since the incremental task entry:default@ProcessShareConfig is up-to-date.
[2026-03-27T23:05:45.297] [DEBUG] debug-file - Update task entry:default@ProcessStartupConfig output file:D:\HMAPPTEST\LiubaiNovel-ReReader\entry\build\default\intermediates\startup\default\startup_config.json cache.
[2026-03-27T23:05:45.298] [DEBUG] debug-file - Incremental task entry:default@ProcessStartupConfig post-execution cost:1 ms .
[2026-03-27T23:05:45.298] [DEBUG] debug-file - There is no need to refresh cache, since the incremental task entry:default@ProcessResource is up-to-date.
[2026-03-27T23:05:45.299] [DEBUG] debug-file - Update task entry:default@GenerateLoaderJson input file:D:\HMAPPTEST\LiubaiNovel-ReReader\entry\build\default\intermediates\router_map\default\temp-router-map.json cache by regenerate.
[2026-03-27T23:05:45.299] [DEBUG] debug-file - Update task entry:default@GenerateLoaderJson output file:D:\HMAPPTEST\LiubaiNovel-ReReader\entry\build\default\intermediates\loader\default\loader.json cache.
[2026-03-27T23:05:45.299] [DEBUG] debug-file - Incremental task entry:default@GenerateLoaderJson post-execution cost:2 ms .
[2026-03-27T23:05:45.300] [DEBUG] debug-file - There is no need to refresh cache, since the incremental task entry:default@ProcessLibs is up-to-date.
[2026-03-27T23:05:45.300] [DEBUG] debug-file - There is no need to refresh cache, since the incremental task entry:default@CompileResource is up-to-date.
[2026-03-27T23:05:45.300] [DEBUG] debug-file - There is no need to refresh cache, since the incremental task entry:default@DoNativeStrip is up-to-date.
[2026-03-27T23:05:45.301] [DEBUG] debug-file - Update task entry:default@CompileArkTS input file:D:\HMAPPTEST\LiubaiNovel-ReReader\entry\build\default\intermediates\loader\default cache from map.
[2026-03-27T23:05:45.301] [DEBUG] debug-file - Update task entry:default@CompileArkTS input file:D:\HMAPPTEST\LiubaiNovel-ReReader\entry\build\default\intermediates\res\default\resources\rawfile cache by regenerate.
[2026-03-27T23:05:45.301] [DEBUG] debug-file - Update task entry:default@CompileArkTS input file:D:\HMAPPTEST\LiubaiNovel-ReReader\entry\build\default\intermediates\res\default\ResourceTable.txt cache by regenerate.
[2026-03-27T23:05:45.302] [DEBUG] debug-file - Update task entry:default@CompileArkTS input file:D:\HMAPPTEST\LiubaiNovel-ReReader\entry\build\default\intermediates\res\default\ark_module.json cache by regenerate.
[2026-03-27T23:05:45.302] [DEBUG] debug-file - Update task entry:default@CompileArkTS input file:D:\HMAPPTEST\LiubaiNovel-ReReader\entry\build\default\intermediates\res\default\resources\base\profile cache by regenerate.
[2026-03-27T23:05:45.302] [DEBUG] debug-file - Update task entry:default@CompileArkTS input file:D:\HMAPPTEST\LiubaiNovel-ReReader\entry\src\main\ets cache by regenerate.
[2026-03-27T23:05:45.309] [DEBUG] debug-file - Update task entry:default@CompileArkTS input file:D:\HMAPPTEST\LiubaiNovel-ReReader\entry\build\default\generated\profile\default\BuildProfile.ets cache by regenerate.
[2026-03-27T23:05:45.309] [DEBUG] debug-file - Update task entry:default@CompileArkTS output file:D:\HMAPPTEST\LiubaiNovel-ReReader\entry\build\default\intermediates\loader_out\default\ets cache.
[2026-03-27T23:05:45.310] [DEBUG] debug-file - Incremental task entry:default@CompileArkTS post-execution cost:10 ms .
[2026-03-27T23:05:45.311] [DEBUG] debug-file - Update task entry:default@BuildJS input file:D:\HMAPPTEST\LiubaiNovel-ReReader\entry\build\default\intermediates\loader\default cache by regenerate.
[2026-03-27T23:05:45.311] [DEBUG] debug-file - Update task entry:default@BuildJS input file:D:\HMAPPTEST\LiubaiNovel-ReReader\entry\build\default\intermediates\res\default\resources\rawfile cache by regenerate.
[2026-03-27T23:05:45.312] [DEBUG] debug-file - Update task entry:default@BuildJS input file:D:\HMAPPTEST\LiubaiNovel-ReReader\entry\build\default\intermediates\res\default\ResourceTable.txt cache by regenerate.
[2026-03-27T23:05:45.312] [DEBUG] debug-file - Update task entry:default@BuildJS input file:D:\HMAPPTEST\LiubaiNovel-ReReader\entry\build\default\intermediates\res\default\ark_module.json cache by regenerate.
[2026-03-27T23:05:45.312] [DEBUG] debug-file - Update task entry:default@BuildJS input file:D:\HMAPPTEST\LiubaiNovel-ReReader\entry\build\default\intermediates\res\default\resources\base\profile cache by regenerate.
[2026-03-27T23:05:45.312] [DEBUG] debug-file - Update task entry:default@BuildJS output file:D:\HMAPPTEST\LiubaiNovel-ReReader\entry\build\default\intermediates\loader_out\default\js cache.
[2026-03-27T23:05:45.313] [DEBUG] debug-file - Incremental task entry:default@BuildJS post-execution cost:3 ms .
[2026-03-27T23:05:45.313] [DEBUG] debug-file - There is no need to refresh cache, since the incremental task entry:default@CacheNativeLibs is up-to-date.
[2026-03-27T23:05:45.313] [DEBUG] debug-file - There is no need to refresh cache, since the incremental task entry:default@GeneratePkgModuleJson is up-to-date.
[2026-03-27T23:05:45.313] [DEBUG] debug-file - Incremental task entry:default@ProcessCompiledResources post-execution cost:1 ms .
[2026-03-27T23:05:45.313] [DEBUG] debug-file - Update task entry:default@PackageHap input file:D:\HMAPPTEST\LiubaiNovel-ReReader\entry\build\default\intermediates\stripped_native_libs\default cache by regenerate.
[2026-03-27T23:05:45.314] [DEBUG] debug-file - Update task entry:default@PackageHap input file:D:\HMAPPTEST\LiubaiNovel-ReReader\entry\build\default\intermediates\res\default\module.json cache by regenerate.
[2026-03-27T23:05:45.314] [DEBUG] debug-file - Update task entry:default@PackageHap input file:D:\HMAPPTEST\LiubaiNovel-ReReader\entry\build\default\intermediates\res\default\resources cache by regenerate.
[2026-03-27T23:05:45.320] [DEBUG] debug-file - Update task entry:default@PackageHap input file:D:\HMAPPTEST\LiubaiNovel-ReReader\entry\build\default\intermediates\res\default\resources.index cache by regenerate.
[2026-03-27T23:05:45.320] [DEBUG] debug-file - Update task entry:default@PackageHap input file:D:\HMAPPTEST\LiubaiNovel-ReReader\entry\build\default\outputs\default\pack.info cache by regenerate.
[2026-03-27T23:05:45.320] [DEBUG] debug-file - Update task entry:default@PackageHap input file:D:\HMAPPTEST\LiubaiNovel-ReReader\entry\build\default\intermediates\loader_out\default\ets cache from map.
[2026-03-27T23:05:45.320] [DEBUG] debug-file - Update task entry:default@PackageHap input file:D:\HMAPPTEST\LiubaiNovel-ReReader\entry\build\default\intermediates\loader_out\default\ets\sourceMaps.map cache by regenerate.
[2026-03-27T23:05:45.320] [DEBUG] debug-file - Update task entry:default@PackageHap input file:D:\HMAPPTEST\LiubaiNovel-ReReader\entry\build\default\generated\profile\default\BuildProfile.ets cache by regenerate.
[2026-03-27T23:05:45.320] [DEBUG] debug-file - Update task entry:default@PackageHap output file:D:\HMAPPTEST\LiubaiNovel-ReReader\entry\build\default\outputs\default\entry-default-unsigned.hap cache.
[2026-03-27T23:05:45.321] [DEBUG] debug-file - Update task entry:default@PackageHap output file:D:\HMAPPTEST\LiubaiNovel-ReReader\entry\build\default\intermediates\source_map\default\sourceMaps.map cache.
[2026-03-27T23:05:45.321] [DEBUG] debug-file - Update task entry:default@PackageHap output file:D:\HMAPPTEST\LiubaiNovel-ReReader\entry\build\default\outputs\default\mapping\sourceMaps.map cache.
[2026-03-27T23:05:45.321] [DEBUG] debug-file - Incremental task entry:default@PackageHap post-execution cost:8 ms .
[2026-03-27T23:05:45.321] [DEBUG] debug-file - Update task entry:default@SignHap input file:C:\Users\zxyzhy233\.ohos\config\default_LiubaiNovel-ReReader_U1UTVGz8nzXoDVi686OyEZxVoEKg_W5HfTmv5fg-wcI=.cer cache by regenerate.
[2026-03-27T23:05:45.321] [DEBUG] debug-file - Update task entry:default@SignHap input file:C:\Users\zxyzhy233\.ohos\config\default_LiubaiNovel-ReReader_U1UTVGz8nzXoDVi686OyEZxVoEKg_W5HfTmv5fg-wcI=.p7b cache by regenerate.
[2026-03-27T23:05:45.322] [DEBUG] debug-file - Update task entry:default@SignHap input file:C:\Users\zxyzhy233\.ohos\config\default_LiubaiNovel-ReReader_U1UTVGz8nzXoDVi686OyEZxVoEKg_W5HfTmv5fg-wcI=.p12 cache by regenerate.
[2026-03-27T23:05:45.322] [DEBUG] debug-file - Update task entry:default@SignHap input file:D:\HMAPPTEST\LiubaiNovel-ReReader\entry\build\default\outputs\default\entry-default-unsigned.hap cache from map.
[2026-03-27T23:05:45.322] [DEBUG] debug-file - Update task entry:default@SignHap output file:D:\HMAPPTEST\LiubaiNovel-ReReader\entry\build\default\outputs\default\entry-default-signed.hap cache.
[2026-03-27T23:05:45.322] [DEBUG] debug-file - Incremental task entry:default@SignHap post-execution cost:2 ms .
[2026-03-27T23:05:45.322] [DEBUG] debug-file - Update task entry:default@CollectDebugSymbol input file:D:\HMAPPTEST\LiubaiNovel-ReReader\entry\build\default\intermediates\loader_out\default\ets\sourceMaps.map cache by regenerate.
[2026-03-27T23:05:45.323] [DEBUG] debug-file - Update task entry:default@CollectDebugSymbol input file:D:\HMAPPTEST\LiubaiNovel-ReReader\entry\build\default\intermediates\libs\default cache by regenerate.
[2026-03-27T23:05:45.323] [DEBUG] debug-file - Update task entry:default@CollectDebugSymbol output file:D:\HMAPPTEST\LiubaiNovel-ReReader\entry\build\default\outputs\default\symbol cache.
[2026-03-27T23:05:45.323] [DEBUG] debug-file - Incremental task entry:default@CollectDebugSymbol post-execution cost:1 ms .
[2026-03-27T23:05:46.050] [DEBUG] debug-file - Cleanup worker 14.
[2026-03-27T23:05:46.050] [DEBUG] debug-file - Worker 14 has been cleaned up.
[2026-03-27T23:05:46.050] [DEBUG] debug-file - Current idle worker size: 1.
[2026-03-27T23:05:46.050] [DEBUG] debug-file - Current resident worker size: 2.
[2026-03-27T23:05:46.051] [DEBUG] debug-file - hvigor build process will be closed.
[2026-03-27T23:05:46.051] [DEBUG] debug-file - java daemon socket close code:1000 reason:close by user
[2026-03-27T23:05:46.058] [DEBUG] debug-file - session manager: send message to worker process.
[2026-03-27T23:05:46.059] [DEBUG] debug-file - session manager: send message to worker process.
[2026-03-27T23:05:46.059] [DEBUG] debug-file - watch worker: worker id should be larger than 0. Nothing will be sent to any worker thread.
[2026-03-27T23:05:46.060] [DEBUG] debug-file - watch worker: worker id should be larger than 0. Nothing will be sent to any worker thread.
[2026-03-27T23:05:46.069] [DEBUG] debug-file - worker[14] exits with exit code 1.
[2026-03-28T08:07:51.821] [DEBUG] debug-file - env: nodejsVersion=v18.20.1
[2026-03-28T08:07:54.333] [DEBUG] debug-file - env: daemon=true
[2026-03-28T08:07:51.822] [DEBUG] debug-file - env: hvigor-config.json5 content = {
  modelVersion: '5.0.4',
  dependencies: {},
  execution: {},
  logging: {},
  debugging: {},
  nodeOptions: {}
}
[2026-03-28T08:08:10.152] [DEBUG] debug-file - java daemon tryConnect failed Error: connect ECONNREFUSED 127.0.0.1:45050
[2026-03-28T08:08:12.074] [DEBUG] debug-file - java daemon started at port 45050 pid 1908780
[2026-03-28T08:08:12.095] [DEBUG] debug-file - session manager: set active socket. socketId=HV7m0zNoeJE26UuwAAAB
[2026-03-28T08:08:24.980] [DEBUG] debug-file - watch worker: worker id should be larger than 0. Nothing will be sent to any worker thread.
[2026-03-28T08:08:24.985] [DEBUG] debug-file - Since there is no instance or instance is terminated, create a new worker pool.
[2026-03-28T08:08:24.986] [DEBUG] debug-file - Worker pool is initialized with config:  {
  minPoolNum: 2,
  maxPoolNum: undefined,
  maxCoreSize: undefined,
  cacheCapacity: undefined,
  cacheTtl: undefined
}
[2026-03-28T08:08:24.987] [DEBUG] debug-file - Create  resident worker with id: 0.
[2026-03-28T08:08:24.989] [DEBUG] debug-file - Create  resident worker with id: 1.
[2026-03-28T08:08:24.992] [DEBUG] debug-file - Workers' log level updated to INFO
[2026-03-28T08:08:25.001] [DEBUG] debug-file - Hvigor init with startParameters:{
  hvigorfileTypeCheck: false,
  parallelExecution: true,
  incrementalExecution: true,
  printStackTrace: false,
  daemon: true,
  analyze: 0,
  logLevel: Level { level: 20000, levelStr: 'INFO', colour: 'green' },
  optimizationStrategy: 'memory',
  hotCompile: undefined,
  hotReloadBuild: undefined,
  customizedParam: undefined
}
[2026-03-28T08:08:25.016] [DEBUG] debug-file - Cache service initialization finished in 15 ms 
[2026-03-28T08:08:25.018] [DEBUG] debug-file - hvigorfile, resolving D:\HMAPPTEST\LiubaiNovel-ReReader\hvigorfile.ts
[2026-03-28T08:08:36.039] [DEBUG] debug-file - hvigorfile, require result:  { default: { plugins: [] } }
[2026-03-28T08:08:36.040] [DEBUG] debug-file - hvigorfile, binding system plugins null
[2026-03-28T08:08:36.040] [DEBUG] debug-file - Starting plugin build process
[2026-03-28T08:08:36.040] [DEBUG] debug-file - App plugin prepare start...
[2026-03-28T08:08:36.041] [DEBUG] debug-file - App plugin prepare end...
[2026-03-28T08:08:36.041] [DEBUG] debug-file - App plugin creating...
[2026-03-28T08:08:36.249] [DEBUG] debug-file - App plugin register hook start...
[2026-03-28T08:08:36.249] [DEBUG] debug-file - App plugin register hook end...
[2026-03-28T08:08:36.250] [DEBUG] debug-file - Plugin build process completed
[2026-03-28T08:08:36.251] [DEBUG] debug-file - Start initialize project's product build option map with build mode debug.
[2026-03-28T08:08:36.251] [DEBUG] debug-file - Picking option from product 'default' with build mode 'debug'.
[2026-03-28T08:08:36.251] [DEBUG] debug-file - Product 'default' build option initialized
[2026-03-28T08:08:36.251] [DEBUG] debug-file - Picking option from product 'zxyzhy233' with build mode 'debug'.
[2026-03-28T08:08:36.251] [DEBUG] debug-file - Product 'zxyzhy233' build option initialized
[2026-03-28T08:08:36.252] [DEBUG] debug-file - End initialize project's product build option map with build mode 'debug'.
[2026-03-28T08:08:36.253] [DEBUG] debug-file - Obtain build option for product 'default'in this build.
[2026-03-28T08:08:36.255] [DEBUG] debug-file - D:\HMAPPTEST\LiubaiNovel-ReReader\build\cache\default\remote_hsp\remoteHspCache.json not exists.
[2026-03-28T08:08:36.257] [DEBUG] debug-file - Local scan or download HarmonyOS sdk components toolchains,ets,js,native,previewer
[2026-03-28T08:08:36.259] [DEBUG] debug-file - Local scan or download hmscore sdk components toolchains,ets,native
[2026-03-28T08:08:36.261] [DEBUG] debug-file - Start recording SDK configuration permission data.
[2026-03-28T08:08:36.293] [DEBUG] debug-file - Sdk init in 37 ms 
[2026-03-28T08:08:36.298] [DEBUG] debug-file - Project task initialization takes 4 ms 
[2026-03-28T08:08:36.298] [DEBUG] debug-file - hvigorfile, binding custom plugins []
[2026-03-28T08:08:36.298] [DEBUG] debug-file - hvigorfile, no custom plugins were found in D:\HMAPPTEST\LiubaiNovel-ReReader\hvigorfile.ts
[2026-03-28T08:08:36.298] [DEBUG] debug-file - hvigorfile, resolve finished D:\HMAPPTEST\LiubaiNovel-ReReader\hvigorfile.ts
[2026-03-28T08:08:36.299] [DEBUG] debug-file - hvigorfile, resolving D:\HMAPPTEST\LiubaiNovel-ReReader\entry\hvigorfile.ts
[2026-03-28T08:08:36.305] [DEBUG] debug-file - hvigorfile, require result:  { default: { plugins: [] } }
[2026-03-28T08:08:36.305] [DEBUG] debug-file - hvigorfile, binding system plugins null
[2026-03-28T08:08:36.305] [DEBUG] debug-file - Starting plugin build process
[2026-03-28T08:08:36.305] [DEBUG] debug-file - Hap plugin creating...
[2026-03-28T08:08:36.306] [DEBUG] debug-file - failed to load cangjie to dynamically generate schemas: Error: Cannot find module '@ohos/cangjie-build-support/index'
Require stack:
- D:\Program Files\Huawei\DevEco Studio\tools\hvigor\hvigor-ohos-plugin\src\plugin\hooks\cangjie-register.js
- D:\Program Files\Huawei\DevEco Studio\tools\hvigor\hvigor-ohos-plugin\src\plugin\strategy\stage-init-strategy.js
- D:\Program Files\Huawei\DevEco Studio\tools\hvigor\hvigor-ohos-plugin\src\plugin\builder\abstract-plugin-builder.js
- D:\Program Files\Huawei\DevEco Studio\tools\hvigor\hvigor-ohos-plugin\src\plugin\builder\app-plugin-builder.js
- D:\Program Files\Huawei\DevEco Studio\tools\hvigor\hvigor-ohos-plugin\src\plugin\factory\plugin-factory.js
- D:\Program Files\Huawei\DevEco Studio\tools\hvigor\hvigor-ohos-plugin\index.js
- D:\HMAPPTEST\LiubaiNovel-ReReader\hvigorfile.ts
- D:\Program Files\Huawei\DevEco Studio\tools\hvigor\hvigor\src\base\internal\lifecycle\configuration.js
- D:\Program Files\Huawei\DevEco Studio\tools\hvigor\hvigor\src\base\boot\index.js
- D:\Program Files\Huawei\DevEco Studio\tools\hvigor\hvigor\src\base\daemon\cluster\worker-process-lifecycle.js
- D:\Program Files\Huawei\DevEco Studio\tools\hvigor\hvigor\src\base\daemon\process\daemon-process-boot-script.js
[2026-03-28T08:08:36.318] [DEBUG] debug-file - Start initialize module-target build option map, moduleName=entry, buildMode=debug
[2026-03-28T08:08:36.318] [DEBUG] debug-file - Target 'default' config initialized
[2026-03-28T08:08:36.319] [DEBUG] debug-file - Module 'entry' target 'default' build option initialized
[2026-03-28T08:08:36.319] [DEBUG] debug-file - End initialize module-target build option map, moduleName=entry
[2026-03-28T08:08:36.319] [DEBUG] debug-file - Start initialize module-target build option map, moduleName=entry, buildMode=zxyzhy233
[2026-03-28T08:08:36.319] [DEBUG] debug-file - Target 'default' config initialized
[2026-03-28T08:08:36.319] [DEBUG] debug-file - Does not get target 'default'corresponding build option.
[2026-03-28T08:08:36.319] [DEBUG] debug-file - Using preset build option 'default'.
[2026-03-28T08:08:36.319] [DEBUG] debug-file - Module 'entry' target 'default' build option initialized
[2026-03-28T08:08:36.319] [DEBUG] debug-file - End initialize module-target build option map, moduleName=entry
[2026-03-28T08:08:36.320] [DEBUG] debug-file - Start initialize module-target build option map, moduleName=entry, buildMode=release
[2026-03-28T08:08:36.320] [DEBUG] debug-file - Target 'default' config initialized
[2026-03-28T08:08:36.320] [DEBUG] debug-file - Module 'entry' target 'default' build option initialized
[2026-03-28T08:08:36.320] [DEBUG] debug-file - End initialize module-target build option map, moduleName=entry
[2026-03-28T08:08:36.320] [DEBUG] debug-file - Start initialize module-target build option map, moduleName=entry, buildMode=debug
[2026-03-28T08:08:36.320] [DEBUG] debug-file - Target 'default' config initialized
[2026-03-28T08:08:36.321] [DEBUG] debug-file - Module 'entry' target 'default' build option initialized
[2026-03-28T08:08:36.321] [DEBUG] debug-file - End initialize module-target build option map, moduleName=entry
[2026-03-28T08:08:36.321] [DEBUG] debug-file - Start initialize module-target build option map, moduleName=entry, buildMode=zxyzhy233
[2026-03-28T08:08:36.321] [DEBUG] debug-file - Target 'default' config initialized
[2026-03-28T08:08:36.321] [DEBUG] debug-file - Does not get target 'default'corresponding build option.
[2026-03-28T08:08:36.321] [DEBUG] debug-file - Using preset build option 'default'.
[2026-03-28T08:08:36.321] [DEBUG] debug-file - Module 'entry' target 'default' build option initialized
[2026-03-28T08:08:36.321] [DEBUG] debug-file - End initialize module-target build option map, moduleName=entry
[2026-03-28T08:08:36.321] [DEBUG] debug-file - Start initialize module-target build option map, moduleName=entry, buildMode=release
[2026-03-28T08:08:36.321] [DEBUG] debug-file - Target 'default' config initialized
[2026-03-28T08:08:36.321] [DEBUG] debug-file - Module 'entry' target 'default' build option initialized
[2026-03-28T08:08:36.321] [DEBUG] debug-file - End initialize module-target build option map, moduleName=entry
[2026-03-28T08:08:36.322] [DEBUG] debug-file - Start initialize module-target build option map, moduleName=entry, buildMode=debug
[2026-03-28T08:08:36.322] [DEBUG] debug-file - Target 'default' config initialized
[2026-03-28T08:08:36.322] [DEBUG] debug-file - Module 'entry' target 'default' build option initialized
[2026-03-28T08:08:36.322] [DEBUG] debug-file - End initialize module-target build option map, moduleName=entry
[2026-03-28T08:08:36.322] [DEBUG] debug-file - Obtain build option for module 'entry' target 'default'in this build.
[2026-03-28T08:08:36.327] [DEBUG] debug-file - Module entry task initialization takes 4 ms 
[2026-03-28T08:08:36.327] [DEBUG] debug-file - Hap plugin register hook start...
[2026-03-28T08:08:36.327] [DEBUG] debug-file - Hap plugin register hook end...
[2026-03-28T08:08:36.328] [DEBUG] debug-file - Plugin build process completed
[2026-03-28T08:08:36.328] [DEBUG] debug-file - hvigorfile, binding custom plugins []
[2026-03-28T08:08:36.328] [DEBUG] debug-file - hvigorfile, no custom plugins were found in D:\HMAPPTEST\LiubaiNovel-ReReader\entry\hvigorfile.ts
[2026-03-28T08:08:36.328] [DEBUG] debug-file - hvigorfile, resolve finished D:\HMAPPTEST\LiubaiNovel-ReReader\entry\hvigorfile.ts
[2026-03-28T08:08:36.345] [DEBUG] debug-file - hvigorfile, resolve hvigorfile dependencies in 17 ms 
[2026-03-28T08:08:36.346] [DEBUG] debug-file - project has submodules:entry
[2026-03-28T08:08:36.347] [DEBUG] debug-file - start to load updatedOhPackageInfo to the disk
[2026-03-28T08:08:36.351] [DEBUG] debug-file - load to the disk finished
[2026-03-28T08:08:36.352] [DEBUG] debug-file - Start to initialize dependency information.
[2026-03-28T08:08:36.354] [DEBUG] debug-file - Module LiubaiNovel-ReReader Collected Dependency: 
[2026-03-28T08:08:36.354] [DEBUG] debug-file - Module LiubaiNovel-ReReader's total dependency: 0
[2026-03-28T08:08:36.355] [DEBUG] debug-file - Start to initialize dependency information.
[2026-03-28T08:08:36.357] [DEBUG] debug-file - Module entry Collected Dependency: 
[2026-03-28T08:08:36.357] [DEBUG] debug-file - Module entry's total dependency: 0
[2026-03-28T08:08:36.360] [DEBUG] debug-file - Configuration phase cost:11 s 344 ms 
[2026-03-28T08:08:36.362] [DEBUG] debug-file - Configuration task cost before running: 11 s 370 ms 
[2026-03-28T08:08:36.369] [DEBUG] debug-file - Executing task :entry:default@PreBuild
[2026-03-28T08:08:36.372] [DEBUG] debug-file - Task 'entry:default@PreBuild' cost while wrapping incremental declarations: 1 ms 
[2026-03-28T08:08:36.382] [DEBUG] debug-file - Incremental task entry:default@PreBuild pre-execution cost: 6 ms .
[2026-03-28T08:08:36.382] [DEBUG] debug-file - entry : default@PreBuild cost memory 0.49347686767578125
[2026-03-28T08:08:36.384] [INFO] debug-file - UP-TO-DATE :entry:default@PreBuild...  
[2026-03-28T08:08:36.385] [DEBUG] debug-file - Executing task :entry:default@CreateModuleInfo
[2026-03-28T08:08:36.385] [DEBUG] debug-file - Task 'entry:default@CreateModuleInfo' cost while wrapping incremental declarations: 1 ms 
[2026-03-28T08:08:36.386] [DEBUG] debug-file - entry : default@CreateModuleInfo cost memory 0.04273223876953125
[2026-03-28T08:08:36.386] [DEBUG] debug-file - runTaskFromQueue task cost before running: 11 s 394 ms 
[2026-03-28T08:08:36.386] [INFO] debug-file - Finished :entry:default@CreateModuleInfo... after 2 ms 
[2026-03-28T08:08:36.389] [DEBUG] debug-file - Executing task :entry:default@GenerateMetadata
[2026-03-28T08:08:36.390] [DEBUG] debug-file - Task 'entry:default@GenerateMetadata' cost while wrapping incremental declarations: 1 ms 
[2026-03-28T08:08:36.391] [DEBUG] debug-file - Incremental task entry:default@GenerateMetadata pre-execution cost: 1 ms .
[2026-03-28T08:08:36.391] [DEBUG] debug-file - entry : default@GenerateMetadata cost memory 0.0924835205078125
[2026-03-28T08:08:36.391] [INFO] debug-file - UP-TO-DATE :entry:default@GenerateMetadata...  
[2026-03-28T08:08:36.392] [DEBUG] debug-file - Executing task :entry:default@ConfigureCmake
[2026-03-28T08:08:36.393] [DEBUG] debug-file - entry : default@ConfigureCmake cost memory 0.01457977294921875
[2026-03-28T08:08:36.393] [DEBUG] debug-file - runTaskFromQueue task cost before running: 11 s 401 ms 
[2026-03-28T08:08:36.393] [INFO] debug-file - Finished :entry:default@ConfigureCmake... after 1 ms 
[2026-03-28T08:08:36.394] [DEBUG] debug-file - Executing task :entry:default@MergeProfile
[2026-03-28T08:08:36.395] [DEBUG] debug-file - Task 'entry:default@MergeProfile' cost while wrapping incremental declarations: 1 ms 
[2026-03-28T08:08:36.397] [DEBUG] debug-file - Incremental task entry:default@MergeProfile pre-execution cost: 2 ms .
[2026-03-28T08:08:36.397] [DEBUG] debug-file - entry : default@MergeProfile cost memory 0.14875030517578125
[2026-03-28T08:08:36.397] [INFO] debug-file - UP-TO-DATE :entry:default@MergeProfile...  
[2026-03-28T08:08:36.399] [DEBUG] debug-file - Executing task :entry:default@CreateBuildProfile
[2026-03-28T08:08:36.399] [DEBUG] debug-file - Task 'entry:default@CreateBuildProfile' cost while wrapping incremental declarations: 1 ms 
[2026-03-28T08:08:36.400] [DEBUG] debug-file - Incremental task entry:default@CreateBuildProfile pre-execution cost: 1 ms .
[2026-03-28T08:08:36.400] [DEBUG] debug-file - entry : default@CreateBuildProfile cost memory 0.09778594970703125
[2026-03-28T08:08:36.400] [INFO] debug-file - UP-TO-DATE :entry:default@CreateBuildProfile...  
[2026-03-28T08:08:36.401] [DEBUG] debug-file - Executing task :entry:default@PreCheckSyscap
[2026-03-28T08:08:36.402] [DEBUG] debug-file - entry : default@PreCheckSyscap cost memory 0.0147247314453125
[2026-03-28T08:08:36.402] [DEBUG] debug-file - runTaskFromQueue task cost before running: 11 s 409 ms 
[2026-03-28T08:08:36.402] [INFO] debug-file - Finished :entry:default@PreCheckSyscap... after 1 ms 
[2026-03-28T08:08:36.403] [DEBUG] debug-file - Executing task :entry:default@GeneratePkgContextInfo
[2026-03-28T08:08:36.410] [DEBUG] debug-file - Task 'entry:default@GeneratePkgContextInfo' cost while wrapping incremental declarations: 1 ms 
[2026-03-28T08:08:36.411] [DEBUG] debug-file - entry : default@GeneratePkgContextInfo cost memory 0.2178802490234375
[2026-03-28T08:08:36.411] [DEBUG] debug-file - runTaskFromQueue task cost before running: 11 s 419 ms 
[2026-03-28T08:08:36.411] [INFO] debug-file - Finished :entry:default@GeneratePkgContextInfo... after 8 ms 
[2026-03-28T08:08:36.414] [DEBUG] debug-file - Executing task :entry:default@ProcessIntegratedHsp
[2026-03-28T08:08:36.415] [DEBUG] debug-file - entry:default@ProcessIntegratedHsp is not up-to-date, since the output file 'D:\HMAPPTEST\LiubaiNovel-ReReader\build\cache\default\integrated_hsp\integratedHspCache.json' does not exist.
[2026-03-28T08:08:36.415] [DEBUG] debug-file - Incremental task entry:default@ProcessIntegratedHsp pre-execution cost: 1 ms .
[2026-03-28T08:08:36.415] [DEBUG] debug-file - entry : default@ProcessIntegratedHsp cost memory 0.0580596923828125
[2026-03-28T08:08:36.415] [DEBUG] debug-file - runTaskFromQueue task cost before running: 11 s 423 ms 
[2026-03-28T08:08:36.415] [INFO] debug-file - Finished :entry:default@ProcessIntegratedHsp... after 2 ms 
[2026-03-28T08:08:36.417] [DEBUG] debug-file - Executing task :entry:default@BuildNativeWithCmake
[2026-03-28T08:08:36.417] [DEBUG] debug-file - entry : default@BuildNativeWithCmake cost memory 0.01488494873046875
[2026-03-28T08:08:36.417] [DEBUG] debug-file - runTaskFromQueue task cost before running: 11 s 425 ms 
[2026-03-28T08:08:36.417] [INFO] debug-file - Finished :entry:default@BuildNativeWithCmake... after 1 ms 
[2026-03-28T08:08:36.418] [DEBUG] debug-file - Executing task :entry:default@MakePackInfo
[2026-03-28T08:08:36.421] [DEBUG] debug-file - Incremental task entry:default@MakePackInfo pre-execution cost: 2 ms .
[2026-03-28T08:08:36.421] [DEBUG] debug-file - entry : default@MakePackInfo cost memory 0.1439361572265625
[2026-03-28T08:08:36.421] [INFO] debug-file - UP-TO-DATE :entry:default@MakePackInfo...  
[2026-03-28T08:08:36.423] [DEBUG] debug-file - Executing task :entry:default@SyscapTransform
[2026-03-28T08:08:36.423] [DEBUG] debug-file - File: 'D:\HMAPPTEST\LiubaiNovel-ReReader\entry\src\main\syscap.json' from 'sysCapJsonPath' is not exists, just ignore.
[2026-03-28T08:08:36.424] [DEBUG] debug-file - Task 'entry:default@SyscapTransform' cost while wrapping incremental declarations: 1 ms 
[2026-03-28T08:08:36.436] [DEBUG] debug-file - entry:default@SyscapTransform is not up-to-date, since the output file 'D:\HMAPPTEST\LiubaiNovel-ReReader\entry\build\default\intermediates\syscap\default\rpcid.sc' does not exist.
[2026-03-28T08:08:36.436] [DEBUG] debug-file - Incremental task entry:default@SyscapTransform pre-execution cost: 12 ms .
[2026-03-28T08:08:36.436] [DEBUG] debug-file - entry : default@SyscapTransform cost memory 0.4158935546875
[2026-03-28T08:08:36.436] [DEBUG] debug-file - runTaskFromQueue task cost before running: 11 s 444 ms 
[2026-03-28T08:08:36.437] [INFO] debug-file - Finished :entry:default@SyscapTransform... after 14 ms 
[2026-03-28T08:08:36.438] [DEBUG] debug-file - Executing task :entry:default@ProcessProfile
[2026-03-28T08:08:36.447] [DEBUG] debug-file - Task 'entry:default@ProcessProfile' cost while wrapping incremental declarations: 1 ms 
[2026-03-28T08:08:36.448] [DEBUG] debug-file - Incremental task entry:default@ProcessProfile pre-execution cost: 1 ms .
[2026-03-28T08:08:36.448] [DEBUG] debug-file - entry : default@ProcessProfile cost memory 0.15793609619140625
[2026-03-28T08:08:36.449] [INFO] debug-file - UP-TO-DATE :entry:default@ProcessProfile...  
[2026-03-28T08:08:36.450] [DEBUG] debug-file - Executing task :entry:default@ProcessRouterMap
[2026-03-28T08:08:36.452] [DEBUG] debug-file - Incremental task entry:default@ProcessRouterMap pre-execution cost: 2 ms .
[2026-03-28T08:08:36.452] [DEBUG] debug-file - entry : default@ProcessRouterMap cost memory 0.1377716064453125
[2026-03-28T08:08:36.452] [INFO] debug-file - UP-TO-DATE :entry:default@ProcessRouterMap...  
[2026-03-28T08:08:36.453] [DEBUG] debug-file - Executing task :entry:default@ProcessShareConfig
[2026-03-28T08:08:36.455] [DEBUG] debug-file - Incremental task entry:default@ProcessShareConfig pre-execution cost: 1 ms .
[2026-03-28T08:08:36.455] [DEBUG] debug-file - entry : default@ProcessShareConfig cost memory 0.1087188720703125
[2026-03-28T08:08:36.455] [INFO] debug-file - UP-TO-DATE :entry:default@ProcessShareConfig...  
[2026-03-28T08:08:36.456] [DEBUG] debug-file - Executing task :entry:default@ProcessStartupConfig
[2026-03-28T08:08:36.456] [DEBUG] debug-file - Task 'entry:default@ProcessStartupConfig' cost while wrapping incremental declarations: 1 ms 
[2026-03-28T08:08:36.457] [DEBUG] debug-file - entry:default@ProcessStartupConfig is not up-to-date, since the output file 'D:\HMAPPTEST\LiubaiNovel-ReReader\entry\build\default\intermediates\startup\default\startup_config.json' does not exist.
[2026-03-28T08:08:36.457] [DEBUG] debug-file - Incremental task entry:default@ProcessStartupConfig pre-execution cost: 1 ms .
[2026-03-28T08:08:36.457] [DEBUG] debug-file - entry : default@ProcessStartupConfig cost memory 0.0917205810546875
[2026-03-28T08:08:36.458] [DEBUG] debug-file - runTaskFromQueue task cost before running: 11 s 465 ms 
[2026-03-28T08:08:36.458] [INFO] debug-file - Finished :entry:default@ProcessStartupConfig... after 2 ms 
[2026-03-28T08:08:36.459] [DEBUG] debug-file - Executing task :entry:default@BuildNativeWithNinja
[2026-03-28T08:08:36.459] [DEBUG] debug-file - entry : default@BuildNativeWithNinja cost memory 0.02069854736328125
[2026-03-28T08:08:36.459] [DEBUG] debug-file - runTaskFromQueue task cost before running: 11 s 467 ms 
[2026-03-28T08:08:36.459] [INFO] debug-file - Finished :entry:default@BuildNativeWithNinja... after 1 ms 
[2026-03-28T08:08:36.461] [DEBUG] debug-file - restool module names: entry; moduleName=entry, taskName=default@ProcessResource
[2026-03-28T08:08:36.463] [DEBUG] debug-file - Executing task :entry:default@ProcessResource
[2026-03-28T08:08:36.463] [DEBUG] debug-file - Task 'entry:default@ProcessResource' cost while wrapping incremental declarations: 1 ms 
[2026-03-28T08:08:36.464] [DEBUG] debug-file - Incremental task entry:default@ProcessResource pre-execution cost: 1 ms .
[2026-03-28T08:08:36.464] [DEBUG] debug-file - entry : default@ProcessResource cost memory 0.13097381591796875
[2026-03-28T08:08:36.465] [INFO] debug-file - UP-TO-DATE :entry:default@ProcessResource...  
[2026-03-28T08:08:36.467] [DEBUG] debug-file - Executing task :entry:default@GenerateLoaderJson
[2026-03-28T08:08:36.467] [DEBUG] debug-file - Task 'entry:default@GenerateLoaderJson' cost while wrapping incremental declarations: 1 ms 
[2026-03-28T08:08:36.473] [DEBUG] debug-file - Incremental task entry:default@GenerateLoaderJson pre-execution cost: 3 ms .
[2026-03-28T08:08:36.473] [DEBUG] debug-file - entry : default@GenerateLoaderJson cost memory 0.4438934326171875
[2026-03-28T08:08:36.475] [INFO] debug-file - UP-TO-DATE :entry:default@GenerateLoaderJson...  
[2026-03-28T08:08:36.477] [DEBUG] debug-file - Executing task :entry:default@ProcessLibs
[2026-03-28T08:08:36.479] [DEBUG] debug-file - Incremental task entry:default@ProcessLibs pre-execution cost: 1 ms .
[2026-03-28T08:08:36.479] [DEBUG] debug-file - entry : default@ProcessLibs cost memory 0.10295867919921875
[2026-03-28T08:08:36.480] [INFO] debug-file - UP-TO-DATE :entry:default@ProcessLibs...  
[2026-03-28T08:08:36.480] [DEBUG] debug-file - restool module names: entry; moduleName=entry, taskName=default@CompileResource
[2026-03-28T08:08:36.481] [DEBUG] debug-file - Executing task :entry:default@CompileResource
[2026-03-28T08:08:36.499] [DEBUG] debug-file - Incremental task entry:default@CompileResource pre-execution cost: 16 ms .
[2026-03-28T08:08:36.499] [DEBUG] debug-file - entry : default@CompileResource cost memory 2.0569381713867188
[2026-03-28T08:08:36.499] [INFO] debug-file - UP-TO-DATE :entry:default@CompileResource...  
[2026-03-28T08:08:36.500] [DEBUG] debug-file - Executing task :entry:default@DoNativeStrip
[2026-03-28T08:08:36.501] [DEBUG] debug-file - Task 'entry:default@DoNativeStrip' cost while wrapping incremental declarations: 1 ms 
[2026-03-28T08:08:36.501] [DEBUG] debug-file - Incremental task entry:default@DoNativeStrip pre-execution cost: 1 ms .
[2026-03-28T08:08:36.502] [DEBUG] debug-file - entry : default@DoNativeStrip cost memory 0.08007049560546875
[2026-03-28T08:08:36.502] [INFO] debug-file - UP-TO-DATE :entry:default@DoNativeStrip...  
[2026-03-28T08:08:36.503] [DEBUG] debug-file - Executing task :entry:default@CompileArkTS
[2026-03-28T08:08:36.504] [DEBUG] debug-file - obfuscationOptions: undefined
[2026-03-28T08:08:36.505] [DEBUG] debug-file - Task 'entry:default@CompileArkTS' cost while wrapping incremental declarations: 1 ms 
[2026-03-28T08:08:36.514] [DEBUG] debug-file - entry:default@CompileArkTS is not up-to-date, since the input file 'D:\HMAPPTEST\LiubaiNovel-ReReader\entry\src\main\ets' has been changed.
[2026-03-28T08:08:36.514] [DEBUG] debug-file - Incremental task entry:default@CompileArkTS pre-execution cost: 8 ms .
[2026-03-28T08:08:36.524] [DEBUG] debug-file - build config:
[2026-03-28T08:08:36.525] [DEBUG] debug-file - {
  moduleType: 'entry',
  perf: 0,
  targetName: '.default',
  packageManagerType: 'ohpm',
  localPropertiesPath: 'D:\\HMAPPTEST\\LiubaiNovel-ReReader\\local.properties',
  isPreview: false,
  isOhosTest: false,
  isLocalTest: false,
  buildMode: 'Debug',
  hotReloadBuild: undefined,
  watchMode: 'false',
  aceProfilePath: 'D:\\HMAPPTEST\\LiubaiNovel-ReReader\\entry\\build\\default\\intermediates\\res\\default\\resources\\base\\profile',
  etsLoaderPath: 'D:\\Program Files\\Huawei\\DevEco Studio\\sdk\\default\\openharmony\\ets\\build-tools\\ets-loader',
  modulePath: 'D:\\HMAPPTEST\\LiubaiNovel-ReReader\\entry',
  testFrameworkPar: {
    testMode: undefined,
    coveragePathFilter: undefined,
    coverageMode: undefined
  },
  needCoverageInsert: false,
  debugLine: false,
  projectTopDir: 'D:\\HMAPPTEST\\LiubaiNovel-ReReader',
  compileSdkVersion: 22,
  compatibleSdkVersion: 16,
  originCompatibleSdkVersion: '5.0.4(16)',
  compatibleSdkVersionStage: undefined,
  bundleName: 'l***s',
  etsLoaderVersion: '6.0.2.130',
  etsLoaderReleaseType: 'Release',
  aotCompileMode: 'type',
  apPath: 'D:\\HMAPPTEST\\LiubaiNovel-ReReader\\entry\\modules.ap',
  entryModuleName: 'entry',
  entryModuleVersion: '1.0.0',
  entryPackageName: 'entry',
  allModuleNameHash: 'a11a1993f991714b0f6cbd939f95a832900df08bf6034ee64e8c9c7fd5263465',
  externalApiPaths: [
    'D:\\Program Files\\Huawei\\DevEco Studio\\sdk\\default\\hms\\ets'
  ],
  compilerTypes: [],
  isCrossplatform: false,
  hvigorPluginFile: undefined,
  compilePluginPath: undefined,
  buildGeneratedProfilePath: 'D:\\HMAPPTEST\\LiubaiNovel-ReReader\\entry\\build\\default\\generated\\profile\\default',
  bundleType: 'app',
  arkTSVersion: undefined,
  apiVersion: 22,
  needCompleteSourcesMap: false,
  isFaMode: false,
  buildDir: 'D:\\HMAPPTEST\\LiubaiNovel-ReReader\\entry\\build',
  deviceTypes: [ 'phone', 'tablet', '2in1' ],
  pkgContextInfo: undefined,
  ohPackagePathMap: {},
  dependencyAliasMap: {},
  permission: {
    requestPermissions: [ [Object], [Object], [Object], [Object], [Object] ],
    definePermissions: undefined
  },
  useGetCurrentBundleName: false,
  projectArkOption: undefined,
  sourceMapDir: undefined,
  branchElimination: false,
  transformLib: undefined,
  tsImportSendable: false,
  resolveConflictMode: true,
  depName2RootPath: {},
  depName2DepInfo: {},
  rootPathSet: [ 'D:\\HMAPPTEST\\LiubaiNovel-ReReader' ],
  useNativeResolver: true,
  shouldEmitJs: true,
  useTscResolve: false,
  singleFileEmit: false,
  userProjectConfig: {
    autoLazyImport: false,
    allowEmptyBundleName: false,
    reExportCheckMode: 'noCheck',
    executionMode: 'memory',
    usePathPlaceholder: false,
    writeRollupCache: true,
    isExpandImportEnabled: false,
    expandImportExclude: '',
    lazyImportExclude: '',
    lazyImportInclude: '',
    ignoreCrossplatformCheck: false,
    isHarDeduplicateEnabled: false,
    skipOhModulesLint: false,
    enableStrictCheckOHModule: false,
    disableSendableCheckRules: [],
    useDeclarationFileSignature: false,
    customizedOptions: undefined,
    integratedHsp: false,
    isPreloadSoEnabled: false
  },
  executionMode: 'memory',
  arkCompileCachePath: 'D:\\HMAPPTEST\\LiubaiNovel-ReReader\\entry\\build\\default\\cache\\default\\default@CompileArkTS\\esmodule',
  autoLazyFilter: undefined,
  isHarDeduplicateEnabled: false,
  intermediateHarDuplicateDirPath: 'D:\\HMAPPTEST\\LiubaiNovel-ReReader\\entry\\build\\default\\intermediates\\har_duplicate\\default',
  autoLazyImport: false,
  allowEmptyBundleName: false,
  reExportCheckMode: 'noCheck',
  usePathPlaceholder: false,
  writeRollupCache: true,
  isExpandImportEnabled: false,
  expandImportExclude: '',
  lazyImportExclude: '',
  lazyImportInclude: '',
  ignoreCrossplatformCheck: false,
  skipOhModulesLint: false,
  enableStrictCheckOHModule: false,
  disableSendableCheckRules: [],
  useDeclarationFileSignature: false,
  customizedOptions: undefined,
  integratedHsp: false,
  isPreloadSoEnabled: false,
  strictMode: undefined,
  useNormalizedOHMUrl: false,
  caseSensitiveCheck: false,
  aceModuleJsonPath: 'D:\\HMAPPTEST\\LiubaiNovel-ReReader\\entry\\build\\default\\intermediates\\res\\default\\ark_module.json',
  appResource: 'D:\\HMAPPTEST\\LiubaiNovel-ReReader\\entry\\build\\default\\intermediates\\res\\default\\ResourceTable.txt',
  rawFileResource: 'D:\\HMAPPTEST\\LiubaiNovel-ReReader\\entry\\build\\default\\intermediates\\res\\default\\resources\\rawfile',
  resourceTableHash: 'beff500b4692e6d2419f1f3406be43f87434c8352ec0945159888780ac1a04a8',
  runtimeOS: 'HarmonyOS',
  sdkInfo: 'false:22:6.0.2.130:Release',
  aceModuleRoot: 'D:\\HMAPPTEST\\LiubaiNovel-ReReader\\entry\\src\\main\\ets',
  compileMode: 'esmodule',
  aceSuperVisualPath: 'D:\\HMAPPTEST\\LiubaiNovel-ReReader\\entry\\src\\main\\supervisual',
  aceBuildJson: 'D:\\HMAPPTEST\\LiubaiNovel-ReReader\\entry\\build\\default\\intermediates\\loader\\default\\loader.json',
  cachePath: 'D:\\HMAPPTEST\\LiubaiNovel-ReReader\\entry\\build\\default\\cache\\default\\default@CompileArkTS\\esmodule\\debug',
  aceModuleBuild: 'D:\\HMAPPTEST\\LiubaiNovel-ReReader\\entry\\build\\default\\intermediates\\loader_out\\default\\ets',
  supportChunks: true,
  declaredFilesPath: undefined,
  shouldCollectDirectImportees: false,
  isByteCodeHarOptimize: false,
  expandImportPath: undefined,
  pkgNameToPkgBriefInfo: {
    entry: {
      pkgRoot: 'D:\\HMAPPTEST\\LiubaiNovel-ReReader\\entry',
      originalSourceRoots: undefined,
      sourceRoots: [Array],
      pkgName: 'entry'
    }
  },
  projectModel: {
    'D:\\HMAPPTEST\\LiubaiNovel-ReReader\\entry\\src\\main': {
      moduleName: 'entry',
      modulePkgPath: 'D:\\HMAPPTEST\\LiubaiNovel-ReReader\\entry',
      belongProjectPath: 'D:\\HMAPPTEST\\LiubaiNovel-ReReader'
    },
    'D:\\HMAPPTEST\\LiubaiNovel-ReReader\\entry': {
      moduleName: 'entry',
      modulePkgPath: 'D:\\HMAPPTEST\\LiubaiNovel-ReReader\\entry',
      belongProjectPath: 'D:\\HMAPPTEST\\LiubaiNovel-ReReader'
    },
    'D:\\HMAPPTEST\\LiubaiNovel-ReReader': {
      moduleName: 'LiubaiNovel-ReReader',
      modulePkgPath: 'D:\\HMAPPTEST\\LiubaiNovel-ReReader',
      belongProjectPath: 'D:\\HMAPPTEST\\LiubaiNovel-ReReader'
    }
  },
  pkgJsonFileHash: 'a6de197493e91058a2f95b29b195d09566b5469c816481caefb54d012cea0cdb',
  allModulePaths: [ 'D:\\HMAPPTEST\\LiubaiNovel-ReReader\\entry' ],
  routerMap: {},
  obfuscationOptions: undefined,
  byteCodeHarToDependencyKeys: undefined,
  compileBlockPkg: [],
  mockParams: {
    decorator: '@MockSetup',
    packageName: '@ohos/hamock',
    etsSourceRootPath: 'src/main/ets',
    mockConfigPath: undefined,
    mockConfigKey2ModuleInfo: {},
    source2ModuleIdMap: {}
  },
  copyCodeResourceEnable: true,
  copyCodeResourceExcludes: [],
  copyCodeResourceIncludes: undefined,
  uiTransformOptimization: false,
  sdkPath: 'D:/Program Files/Huawei/DevEco Studio/sdk',
  needPreloadSoFileSet: {},
  preloadSoFilePath: 'D:\\HMAPPTEST\\LiubaiNovel-ReReader\\entry\\build\\default\\intermediates\\preload\\default\\preload.json',
  useSourceHash: false,
  localModuleParamMap: {},
  otherPaths: {
    'entry/*': [
      '..\\*',
      '..\\..\\..\\build\\default\\generated\\profile\\default\\*'
    ]
  },
  collectImportersConfig: undefined
}
[2026-03-28T08:08:36.525] [DEBUG] debug-file - Compile arkts with external api path: D:\Program Files\Huawei\DevEco Studio\sdk\default\hms\ets
[2026-03-28T08:08:36.527] [DEBUG] debug-file - default@CompileArkTS work[0] is submitted.
[2026-03-28T08:08:36.527] [DEBUG] debug-file - default@CompileArkTS work[0] is pushed to ready queue.
[2026-03-28T08:08:36.527] [DEBUG] debug-file - A work dispatched to worker[15] failed because unable to get work from ready queue.
[2026-03-28T08:08:36.527] [DEBUG] debug-file - A work dispatched to worker[14] failed because unable to get work from ready queue.
[2026-03-28T08:08:36.527] [DEBUG] debug-file - A work dispatched to worker[13] failed because unable to get work from ready queue.
[2026-03-28T08:08:36.527] [DEBUG] debug-file - A work dispatched to worker[12] failed because unable to get work from ready queue.
[2026-03-28T08:08:36.527] [DEBUG] debug-file - A work dispatched to worker[11] failed because unable to get work from ready queue.
[2026-03-28T08:08:36.527] [DEBUG] debug-file - A work dispatched to worker[10] failed because unable to get work from ready queue.
[2026-03-28T08:08:36.528] [DEBUG] debug-file - A work dispatched to worker[9] failed because unable to get work from ready queue.
[2026-03-28T08:08:36.528] [DEBUG] debug-file - A work dispatched to worker[8] failed because unable to get work from ready queue.
[2026-03-28T08:08:36.528] [DEBUG] debug-file - A work dispatched to worker[7] failed because unable to get work from ready queue.
[2026-03-28T08:08:36.528] [DEBUG] debug-file - A work dispatched to worker[6] failed because unable to get work from ready queue.
[2026-03-28T08:08:36.528] [DEBUG] debug-file - A work dispatched to worker[5] failed because unable to get work from ready queue.
[2026-03-28T08:08:36.528] [DEBUG] debug-file - Create  resident worker with id: 4.
[2026-03-28T08:08:36.529] [DEBUG] debug-file - default@CompileArkTS work[0] has been dispatched to worker[4].
[2026-03-28T08:08:36.529] [DEBUG] debug-file - default@CompileArkTS work[0] is dispatched.
[2026-03-28T08:08:36.529] [DEBUG] debug-file - CopyResources startTime: 1689393683338000
[2026-03-28T08:08:36.529] [DEBUG] debug-file - default@CompileArkTS work[1] is submitted.
[2026-03-28T08:08:36.530] [DEBUG] debug-file - default@CompileArkTS work[1] is pushed to ready queue.
[2026-03-28T08:08:36.530] [DEBUG] debug-file - A work dispatched to worker[15] failed because unable to get work from ready queue.
[2026-03-28T08:08:36.530] [DEBUG] debug-file - Create  resident worker with id: 14.
[2026-03-28T08:08:36.531] [DEBUG] debug-file - default@CompileArkTS work[1] has been dispatched to worker[14].
[2026-03-28T08:08:36.531] [DEBUG] debug-file - default@CompileArkTS work[1] is dispatched.
[2026-03-28T08:08:36.531] [DEBUG] debug-file - entry : default@CompileArkTS cost memory 2.5731658935546875
[2026-03-28T08:08:36.533] [DEBUG] debug-file - Executing task :entry:default@BuildJS
[2026-03-28T08:08:36.533] [DEBUG] debug-file - Task 'entry:default@BuildJS' cost while wrapping incremental declarations: 1 ms 
[2026-03-28T08:08:36.535] [DEBUG] debug-file - entry : default@BuildJS cost memory 0.14388275146484375
[2026-03-28T08:08:36.536] [DEBUG] debug-file - runTaskFromQueue task cost before running: 11 s 544 ms 
[2026-03-28T08:08:36.536] [INFO] debug-file - Finished :entry:default@BuildJS... after 3 ms 
[2026-03-28T08:08:36.537] [DEBUG] debug-file - Executing task :entry:default@CacheNativeLibs
[2026-03-28T08:08:36.538] [DEBUG] debug-file - Task 'entry:default@CacheNativeLibs' cost while wrapping incremental declarations: 1 ms 
[2026-03-28T08:08:36.539] [DEBUG] debug-file - Incremental task entry:default@CacheNativeLibs pre-execution cost: 1 ms .
[2026-03-28T08:08:36.539] [DEBUG] debug-file - entry : default@CacheNativeLibs cost memory 0.095428466796875
[2026-03-28T08:08:36.539] [INFO] debug-file - UP-TO-DATE :entry:default@CacheNativeLibs...  
[2026-03-28T08:08:44.493] [DEBUG] debug-file - worker[14] has one work done.
[2026-03-28T08:08:44.493] [DEBUG] debug-file - CopyResources is end, endTime: 1689401647422300
[2026-03-28T08:08:44.494] [DEBUG] debug-file - default@CompileArkTS work[1] done.
[2026-03-28T08:08:44.494] [DEBUG] debug-file - A work dispatched to worker[14] failed because unable to get work from ready queue.
[2026-03-28T08:09:01.357] [DEBUG] debug-file - worker[4] has one work error.
[2026-03-28T08:09:01.358] [DEBUG] debug-file - default@CompileArkTS work[0] failed.
[2026-03-28T08:09:01.358] [DEBUG] debug-file - Ark compile task finished.finished time is 1689418511339200
[2026-03-28T08:09:01.358] [ERROR] debug-file - Failed :entry:default@CompileArkTS... 
[2026-03-28T08:09:01.359] [WARN] debug-file - 
[33m1 WARN: [33m[33mArkTS:WARN: For details about ArkTS syntax errors, see FAQs[39m[39m
[33m2 WARN: [33m[33mArkTS:WARN File: D:/HMAPPTEST/LiubaiNovel-ReReader/entry/src/main/ets/entryability/WindowAbility.ets:60:28
 Function may throw exceptions. Special handling is required.
[39m[39m
[33m3 WARN: [33m[33mArkTS:WARN File: D:/HMAPPTEST/LiubaiNovel-ReReader/entry/src/main/ets/entryability/WindowAbility.ets:62:42
 Function may throw exceptions. Special handling is required.
[39m[39m
[33m4 WARN: [33m[33mArkTS:WARN File: D:/HMAPPTEST/LiubaiNovel-ReReader/entry/src/main/ets/entryability/WindowAbility.ets:63:39
 Function may throw exceptions. Special handling is required.
[39m[39m
[33m5 WARN: [33m[33mArkTS:WARN File: D:/HMAPPTEST/LiubaiNovel-ReReader/entry/src/main/ets/entryability/WindowAbility.ets:113:5
 Function may throw exceptions. Special handling is required.
[39m[39m
[33m6 WARN: [33m[33mArkTS:WARN File: D:/HMAPPTEST/LiubaiNovel-ReReader/entry/src/main/ets/entryability/WindowAbility.ets:127:5
 Function may throw exceptions. Special handling is required.
[39m[39m
[33m7 WARN: [33m[33mArkTS:WARN File: D:/HMAPPTEST/LiubaiNovel-ReReader/entry/src/main/ets/entryability/WindowAbility.ets:140:35
 Function may throw exceptions. Special handling is required.
[39m[39m
[33m8 WARN: [33m[33mArkTS:WARN File: D:/HMAPPTEST/LiubaiNovel-ReReader/entry/src/main/ets/entryability/WindowAbility.ets:151:5
 Function may throw exceptions. Special handling is required.
[39m[39m
[33m9 WARN: [33m[33mArkTS:WARN File: D:/HMAPPTEST/LiubaiNovel-ReReader/entry/src/main/ets/utils/FileUtils.ets:43:12
 Function may throw exceptions. Special handling is required.
[39m[39m
[33m10 WARN: [33m[33mArkTS:WARN File: D:/HMAPPTEST/LiubaiNovel-ReReader/entry/src/main/ets/utils/FileUtils.ets:158:7
 Function may throw exceptions. Special handling is required.
[39m[39m
[33m11 WARN: [33m[33mArkTS:WARN File: D:/HMAPPTEST/LiubaiNovel-ReReader/entry/src/main/ets/common/LocalBookImporter.ets:87:7
 Function may throw exceptions. Special handling is required.
[39m[39m
[33m12 WARN: [33m[33mArkTS:WARN File: D:/HMAPPTEST/LiubaiNovel-ReReader/entry/src/main/ets/pages/Index.ets:772:12
 'pushUrl' has been deprecated.
[39m[39m
[33m13 WARN: [33m[33mArkTS:WARN File: D:/HMAPPTEST/LiubaiNovel-ReReader/entry/src/main/ets/pages/Index.ets:792:7
 Function may throw exceptions. Special handling is required.
[39m[39m
[33m14 WARN: [33m[33mArkTS:WARN File: D:/HMAPPTEST/LiubaiNovel-ReReader/entry/src/main/ets/pages/Index.ets:806:14
 'pushUrl' has been deprecated.
[39m[39m
[33m15 WARN: [33m[33mArkTS:WARN File: D:/HMAPPTEST/LiubaiNovel-ReReader/entry/src/main/ets/pages/Index.ets:823:7
 Function may throw exceptions. Special handling is required.
[39m[39m
[33m16 WARN: [33m[33mArkTS:WARN File: D:/HMAPPTEST/LiubaiNovel-ReReader/entry/src/main/ets/pages/Index.ets:848:12
 'pushUrl' has been deprecated.
[39m[39m
[33m17 WARN: [33m[33mArkTS:WARN File: D:/HMAPPTEST/LiubaiNovel-ReReader/entry/src/main/ets/pages/Index.ets:869:5
 Function may throw exceptions. Special handling is required.
[39m[39m
[33m18 WARN: [33m[33mArkTS:WARN File: D:/HMAPPTEST/LiubaiNovel-ReReader/entry/src/main/ets/pages/Index.ets:884:7
 Function may throw exceptions. Special handling is required.
[39m[39m
[33m19 WARN: [33m[33mArkTS:WARN File: D:/HMAPPTEST/LiubaiNovel-ReReader/entry/src/main/ets/pages/Index.ets:903:7
 Function may throw exceptions. Special handling is required.
[39m[39m
[33m20 WARN: [33m[33mArkTS:WARN File: D:/HMAPPTEST/LiubaiNovel-ReReader/entry/src/main/ets/pages/Index.ets:932:7
 Function may throw exceptions. Special handling is required.
[39m[39m
[33m21 WARN: [33m[33mArkTS:WARN File: D:/HMAPPTEST/LiubaiNovel-ReReader/entry/src/main/ets/pages/Index.ets:1012:7
 Function may throw exceptions. Special handling is required.
[39m[39m
[33m22 WARN: [33m[33mArkTS:WARN File: D:/HMAPPTEST/LiubaiNovel-ReReader/entry/src/main/ets/pages/RecommendPage.ets:47:23
 'getContext' has been deprecated.
[39m[39m
[33m23 WARN: [33m[33mArkTS:WARN File: D:/HMAPPTEST/LiubaiNovel-ReReader/entry/src/main/ets/pages/RecommendPage.ets:214:23
 'getContext' has been deprecated.
[39m[39m
[33m24 WARN: [33m[33mArkTS:WARN File: D:/HMAPPTEST/LiubaiNovel-ReReader/entry/src/main/ets/pages/RecommendPage.ets:234:23
 'getContext' has been deprecated.
[39m[39m
[33m25 WARN: [33m[33mArkTS:WARN File: D:/HMAPPTEST/LiubaiNovel-ReReader/entry/src/main/ets/pages/Mine.ets:44:21
 'getContext' has been deprecated.
[39m[39m
[33m26 WARN: [33m[33mArkTS:WARN File: D:/HMAPPTEST/LiubaiNovel-ReReader/entry/src/main/ets/pages/Mine.ets:46:24
 Function may throw exceptions. Special handling is required.
[39m[39m
[33m27 WARN: [33m[33mArkTS:WARN File: D:/HMAPPTEST/LiubaiNovel-ReReader/entry/src/main/ets/pages/BookSourcePage.ets:216:29
 'getParams' has been deprecated.
[39m[39m
[33m28 WARN: [33m[33mArkTS:WARN File: D:/HMAPPTEST/LiubaiNovel-ReReader/entry/src/main/ets/pages/BookSourcePage.ets:257:7
 Function may throw exceptions. Special handling is required.
[39m[39m
[33m29 WARN: [33m[33mArkTS:WARN File: D:/HMAPPTEST/LiubaiNovel-ReReader/entry/src/main/ets/pages/BookSourcePage.ets:291:7
 Function may throw exceptions. Special handling is required.
[39m[39m
[33m30 WARN: [33m[33mArkTS:WARN File: D:/HMAPPTEST/LiubaiNovel-ReReader/entry/src/main/ets/pages/BookSourcePage.ets:303:23
 'getContext' has been deprecated.
[39m[39m
[33m31 WARN: [33m[33mArkTS:WARN File: D:/HMAPPTEST/LiubaiNovel-ReReader/entry/src/main/ets/pages/BookSourcePage.ets:312:7
 Function may throw exceptions. Special handling is required.
[39m[39m
[33m32 WARN: [33m[33mArkTS:WARN File: D:/HMAPPTEST/LiubaiNovel-ReReader/entry/src/main/ets/pages/BookSourcePage.ets:385:37
 'decode' has been deprecated.
[39m[39m
[33m33 WARN: [33m[33mArkTS:WARN File: D:/HMAPPTEST/LiubaiNovel-ReReader/entry/src/main/ets/pages/BookSourcePage.ets:429:7
 Function may throw exceptions. Special handling is required.
[39m[39m
[33m34 WARN: [33m[33mArkTS:WARN File: D:/HMAPPTEST/LiubaiNovel-ReReader/entry/src/main/ets/pages/BookSourcePage.ets:465:7
 Function may throw exceptions. Special handling is required.
[39m[39m
[33m35 WARN: [33m[33mArkTS:WARN File: D:/HMAPPTEST/LiubaiNovel-ReReader/entry/src/main/ets/pages/BookSourcePage.ets:504:7
 Function may throw exceptions. Special handling is required.
[39m[39m
[33m36 WARN: [33m[33mArkTS:WARN File: D:/HMAPPTEST/LiubaiNovel-ReReader/entry/src/main/ets/pages/BookSourcePage.ets:525:14
 'pushUrl' has been deprecated.
[39m[39m
[33m37 WARN: [33m[33mArkTS:WARN File: D:/HMAPPTEST/LiubaiNovel-ReReader/entry/src/main/ets/pages/BookSourcePage.ets:544:7
 Function may throw exceptions. Special handling is required.
[39m[39m
[33m38 WARN: [33m[33mArkTS:WARN File: D:/HMAPPTEST/LiubaiNovel-ReReader/entry/src/main/ets/pages/BookSourcePage.ets:566:14
 'pushUrl' has been deprecated.
[39m[39m
[33m39 WARN: [33m[33mArkTS:WARN File: D:/HMAPPTEST/LiubaiNovel-ReReader/entry/src/main/ets/pages/BookSourceEditPage.ets:159:29
 'getParams' has been deprecated.
[39m[39m
[33m40 WARN: [33m[33mArkTS:WARN File: D:/HMAPPTEST/LiubaiNovel-ReReader/entry/src/main/ets/pages/BookSourceEditPage.ets:331:14
 'replaceUrl' has been deprecated.
[39m[39m
[33m41 WARN: [33m[33mArkTS:WARN File: D:/HMAPPTEST/LiubaiNovel-ReReader/entry/src/main/ets/pages/BookSourceEditPage.ets:342:16
 'back' has been deprecated.
[39m[39m
[33m42 WARN: [33m[33mArkTS:WARN File: D:/HMAPPTEST/LiubaiNovel-ReReader/entry/src/main/ets/pages/BookSourceEditPage.ets:347:14
 'back' has been deprecated.
[39m[39m
[33m43 WARN: [33m[33mArkTS:WARN File: D:/HMAPPTEST/LiubaiNovel-ReReader/entry/src/main/ets/pages/BookSourceEditPage.ets:355:12
 'back' has been deprecated.
[39m[39m
[33m44 WARN: [33m[33mArkTS:WARN File: D:/HMAPPTEST/LiubaiNovel-ReReader/entry/src/main/ets/pages/BookDetailPage.ets:65:29
 'getParams' has been deprecated.
[39m[39m
[33m45 WARN: [33m[33mArkTS:WARN File: D:/HMAPPTEST/LiubaiNovel-ReReader/entry/src/main/ets/pages/BookDetailPage.ets:278:7
 Function may throw exceptions. Special handling is required.
[39m[39m
[33m46 WARN: [33m[33mArkTS:WARN File: D:/HMAPPTEST/LiubaiNovel-ReReader/entry/src/main/ets/pages/BookDetailPage.ets:335:9
 Function may throw exceptions. Special handling is required.
[39m[39m
[33m47 WARN: [33m[33mArkTS:WARN File: D:/HMAPPTEST/LiubaiNovel-ReReader/entry/src/main/ets/pages/BookDetailPage.ets:343:12
 'pushUrl' has been deprecated.
[39m[39m
[33m48 WARN: [33m[33mArkTS:WARN File: D:/HMAPPTEST/LiubaiNovel-ReReader/entry/src/main/ets/pages/BookDetailPage.ets:373:12
 'pushUrl' has been deprecated.
[39m[39m
[33m49 WARN: [33m[33mArkTS:WARN File: D:/HMAPPTEST/LiubaiNovel-ReReader/entry/src/main/ets/pages/BookDetailPage.ets:471:7
 Function may throw exceptions. Special handling is required.
[39m[39m
[33m50 WARN: [33m[33mArkTS:WARN File: D:/HMAPPTEST/LiubaiNovel-ReReader/entry/src/main/ets/pages/BookDetailPage.ets:481:12
 'back' has been deprecated.
[39m[39m
[33m51 WARN: [33m[33mArkTS:WARN File: D:/HMAPPTEST/LiubaiNovel-ReReader/entry/src/main/ets/reader/providers/EpubParser.ets:173:11
 Function may throw exceptions. Special handling is required.
[39m[39m
[33m52 WARN: [33m[33mArkTS:WARN File: D:/HMAPPTEST/LiubaiNovel-ReReader/entry/src/main/ets/reader/providers/EpubParser.ets:411:18
 Function may throw exceptions. Special handling is required.
[39m[39m
[33m53 WARN: [33m[33mArkTS:WARN File: D:/HMAPPTEST/LiubaiNovel-ReReader/entry/src/main/ets/reader/providers/EpubParser.ets:412:18
 Function may throw exceptions. Special handling is required.
[39m[39m
[33m54 WARN: [33m[33mArkTS:WARN File: D:/HMAPPTEST/LiubaiNovel-ReReader/entry/src/main/ets/reader/providers/EpubParser.ets:414:5
 Function may throw exceptions. Special handling is required.
[39m[39m
[33m55 WARN: [33m[33mArkTS:WARN File: D:/HMAPPTEST/LiubaiNovel-ReReader/entry/src/main/ets/reader/providers/EpubParser.ets:415:5
 Function may throw exceptions. Special handling is required.
[39m[39m
[33m56 WARN: [33m[33mArkTS:WARN File: D:/HMAPPTEST/LiubaiNovel-ReReader/entry/src/main/ets/reader/providers/LocalBookProvider.ets:183:18
 Function may throw exceptions. Special handling is required.
[39m[39m
[33m57 WARN: [33m[33mArkTS:WARN File: D:/HMAPPTEST/LiubaiNovel-ReReader/entry/src/main/ets/reader/providers/LocalBookProvider.ets:184:18
 Function may throw exceptions. Special handling is required.
[39m[39m
[33m58 WARN: [33m[33mArkTS:WARN File: D:/HMAPPTEST/LiubaiNovel-ReReader/entry/src/main/ets/reader/providers/LocalBookProvider.ets:186:5
 Function may throw exceptions. Special handling is required.
[39m[39m
[33m59 WARN: [33m[33mArkTS:WARN File: D:/HMAPPTEST/LiubaiNovel-ReReader/entry/src/main/ets/reader/providers/LocalBookProvider.ets:187:5
 Function may throw exceptions. Special handling is required.
[39m[39m
[33m60 WARN: [33m[33mArkTS:WARN File: D:/HMAPPTEST/LiubaiNovel-ReReader/entry/src/main/ets/reader/tts/TTSController.ets:324:5
 Function may throw exceptions. Special handling is required.
[39m[39m
[33m61 WARN: [33m[33mArkTS:WARN File: D:/HMAPPTEST/LiubaiNovel-ReReader/entry/src/main/ets/pages/UnifiedReaderPage.ets:140:21
 'getContext' has been deprecated.
[39m[39m
[33m62 WARN: [33m[33mArkTS:WARN File: D:/HMAPPTEST/LiubaiNovel-ReReader/entry/src/main/ets/pages/UnifiedReaderPage.ets:155:27
 'getParams' has been deprecated.
[39m[39m
[33m63 WARN: [33m[33mArkTS:WARN File: D:/HMAPPTEST/LiubaiNovel-ReReader/entry/src/main/ets/pages/UnifiedReaderPage.ets:316:39
 'back' has been deprecated.
[39m[39m
[33m64 WARN: [33m[33mArkTS:WARN File: D:/HMAPPTEST/LiubaiNovel-ReReader/entry/src/main/ets/pages/UnifiedReaderPage.ets:411:20
 'back' has been deprecated.
[39m[39m
[33m65 WARN: [33m[33mArkTS:WARN File: D:/HMAPPTEST/LiubaiNovel-ReReader/entry/src/main/ets/pages/UnifiedReaderPage.ets:448:22
 'pushUrl' has been deprecated.
[39m[39m
[33m66 WARN: [33m[33mArkTS:WARN File: D:/HMAPPTEST/LiubaiNovel-ReReader/entry/src/main/ets/pages/UnifiedReaderPage.ets:871:7
 Function may throw exceptions. Special handling is required.
[39m[39m
[33m67 WARN: [33m[33mArkTS:WARN File: D:/HMAPPTEST/LiubaiNovel-ReReader/entry/src/main/ets/pages/UnifiedReaderPage.ets:871:20
 'showToast' has been deprecated.
[39m[39m
[33m68 WARN: [33m[33mArkTS:WARN File: D:/HMAPPTEST/LiubaiNovel-ReReader/entry/src/main/ets/pages/UnifiedReaderPage.ets:881:7
 Function may throw exceptions. Special handling is required.
[39m[39m
[33m69 WARN: [33m[33mArkTS:WARN File: D:/HMAPPTEST/LiubaiNovel-ReReader/entry/src/main/ets/pages/UnifiedReaderPage.ets:881:20
 'showToast' has been deprecated.
[39m[39m
[33m70 WARN: [33m[33mArkTS:WARN File: D:/HMAPPTEST/LiubaiNovel-ReReader/entry/src/main/ets/pages/UnifiedReaderPage.ets:905:22
 'showToast' has been deprecated.
[39m[39m
[2026-03-28T08:09:01.359] [DEBUG] debug-file - hvigor build process will be closed with an error.
[2026-03-28T08:09:01.360] [DEBUG] debug-file - ERROR: stacktrace = Error: ArkTS Compiler Error
[31m1 ERROR: [31m10605040 ArkTS Compiler Error
Error Message: Object literals cannot be used as type declarations (arkts-no-obj-literals-as-types) At File: D:/HMAPPTEST/LiubaiNovel-ReReader/entry/src/main/ets/reader/components/NewReaderView.ets:603:45
[39m
[39m
[31m2 ERROR: [31m10605038 ArkTS Compiler Error
Error Message: Object literal must correspond to some explicitly declared class or interface (arkts-no-untyped-obj-literals) At File: D:/HMAPPTEST/LiubaiNovel-ReReader/entry/src/main/ets/reader/components/NewReaderView.ets:605:14
[39m
[39m
[31m3 ERROR: [31m10605038 ArkTS Compiler Error
Error Message: Object literal must correspond to some explicitly declared class or interface (arkts-no-untyped-obj-literals) At File: D:/HMAPPTEST/LiubaiNovel-ReReader/entry/src/main/ets/reader/components/NewReaderView.ets:626:30
[39m
[39m
[31m4 ERROR: [31m10605038 ArkTS Compiler Error
Error Message: Object literal must correspond to some explicitly declared class or interface (arkts-no-untyped-obj-literals) At File: D:/HMAPPTEST/LiubaiNovel-ReReader/entry/src/main/ets/reader/components/NewReaderView.ets:630:46
[39m
[39m
[31m5 ERROR: [31m10605038 ArkTS Compiler Error
Error Message: Object literal must correspond to some explicitly declared class or interface (arkts-no-untyped-obj-literals) At File: D:/HMAPPTEST/LiubaiNovel-ReReader/entry/src/main/ets/reader/components/NewReaderView.ets:642:12
[39m
[39m
[31mCOMPILE RESULT:FAIL {ERROR:6 WARN:70}[39m
    at runArkPack (D:\Program Files\Huawei\DevEco Studio\tools\hvigor\hvigor-ohos-plugin\node_modules\@ohos\hvigor-arkts-compose\dist\src\arkts-pack.js:1:5736)
ArkTSCompilerError: ArkTS Compiler Error
    at throwArkTsCompilerError (D:\Program Files\Huawei\DevEco Studio\tools\hvigor\hvigor-ohos-plugin\node_modules\@ohos\hvigor-arkts-compose\dist\src\data\compose-error.js:1:423)
    at throwErrorIfHasErrorInfo (D:\Program Files\Huawei\DevEco Studio\tools\hvigor\hvigor-ohos-plugin\node_modules\@ohos\hvigor-arkts-compose\dist\src\plugins\common-plugin.js:1:4478)
    at Object.handler (D:\Program Files\Huawei\DevEco Studio\tools\hvigor\hvigor-ohos-plugin\node_modules\@ohos\hvigor-arkts-compose\dist\src\plugins\common-plugin.js:1:2547)
    at D:\Program Files\Huawei\DevEco Studio\tools\hvigor\hvigor-ohos-plugin\node_modules\@ohos\hvigor-arkts-base\node_modules\rollup\dist\shared\rollup.js:27765:40
[2026-03-28T08:09:01.360] [ERROR] debug-file - Error: ArkTS Compiler Error
[31m1 ERROR: [31m10605040 ArkTS Compiler Error
Error Message: Object literals cannot be used as type declarations (arkts-no-obj-literals-as-types) At File: D:/HMAPPTEST/LiubaiNovel-ReReader/entry/src/main/ets/reader/components/NewReaderView.ets:603:45
[39m
[39m
[31m2 ERROR: [31m10605038 ArkTS Compiler Error
Error Message: Object literal must correspond to some explicitly declared class or interface (arkts-no-untyped-obj-literals) At File: D:/HMAPPTEST/LiubaiNovel-ReReader/entry/src/main/ets/reader/components/NewReaderView.ets:605:14
[39m
[39m
[31m3 ERROR: [31m10605038 ArkTS Compiler Error
Error Message: Object literal must correspond to some explicitly declared class or interface (arkts-no-untyped-obj-literals) At File: D:/HMAPPTEST/LiubaiNovel-ReReader/entry/src/main/ets/reader/components/NewReaderView.ets:626:30
[39m
[39m
[31m4 ERROR: [31m10605038 ArkTS Compiler Error
Error Message: Object literal must correspond to some explicitly declared class or interface (arkts-no-untyped-obj-literals) At File: D:/HMAPPTEST/LiubaiNovel-ReReader/entry/src/main/ets/reader/components/NewReaderView.ets:630:46
[39m
[39m
[31m5 ERROR: [31m10605038 ArkTS Compiler Error
Error Message: Object literal must correspond to some explicitly declared class or interface (arkts-no-untyped-obj-literals) At File: D:/HMAPPTEST/LiubaiNovel-ReReader/entry/src/main/ets/reader/components/NewReaderView.ets:642:12
[39m
[39m
[31mCOMPILE RESULT:FAIL {ERROR:6 WARN:70}[39m
    at runArkPack (D:\Program Files\Huawei\DevEco Studio\tools\hvigor\hvigor-ohos-plugin\node_modules\@ohos\hvigor-arkts-compose\dist\src\arkts-pack.js:1:5736)
ArkTSCompilerError: ArkTS Compiler Error
    at throwArkTsCompilerError (D:\Program Files\Huawei\DevEco Studio\tools\hvigor\hvigor-ohos-plugin\node_modules\@ohos\hvigor-arkts-compose\dist\src\data\compose-error.js:1:423)
    at throwErrorIfHasErrorInfo (D:\Program Files\Huawei\DevEco Studio\tools\hvigor\hvigor-ohos-plugin\node_modules\@ohos\hvigor-arkts-compose\dist\src\plugins\common-plugin.js:1:4478)
    at Object.handler (D:\Program Files\Huawei\DevEco Studio\tools\hvigor\hvigor-ohos-plugin\node_modules\@ohos\hvigor-arkts-compose\dist\src\plugins\common-plugin.js:1:2547)
    at D:\Program Files\Huawei\DevEco Studio\tools\hvigor\hvigor-ohos-plugin\node_modules\@ohos\hvigor-arkts-base\node_modules\rollup\dist\shared\rollup.js:27765:40
[2026-03-28T08:09:02.125] [ERROR] debug-file - BUILD FAILED in 37 s 133 ms 
[2026-03-28T08:09:02.126] [DEBUG] debug-file - There is no need to refresh cache, since the incremental task entry:default@PreBuild is up-to-date.
[2026-03-28T08:09:02.126] [DEBUG] debug-file - Update task entry:default@CreateModuleInfo output file:D:\HMAPPTEST\LiubaiNovel-ReReader\entry\build\default\generated\profile\default\ModuleInfo.ts cache.
[2026-03-28T08:09:02.127] [DEBUG] debug-file - Incremental task entry:default@CreateModuleInfo post-execution cost:1 ms .
[2026-03-28T08:09:02.127] [DEBUG] debug-file - There is no need to refresh cache, since the incremental task entry:default@GenerateMetadata is up-to-date.
[2026-03-28T08:09:02.127] [DEBUG] debug-file - There is no need to refresh cache, since the incremental task entry:default@MergeProfile is up-to-date.
[2026-03-28T08:09:02.127] [DEBUG] debug-file - There is no need to refresh cache, since the incremental task entry:default@CreateBuildProfile is up-to-date.
[2026-03-28T08:09:02.127] [DEBUG] debug-file - Update task entry:default@GeneratePkgContextInfo output file:D:\HMAPPTEST\LiubaiNovel-ReReader\entry\build\default\intermediates\loader\default\pkgContextInfo.json cache.
[2026-03-28T08:09:02.128] [DEBUG] debug-file - Incremental task entry:default@GeneratePkgContextInfo post-execution cost:1 ms .
[2026-03-28T08:09:02.128] [DEBUG] debug-file - Update task entry:default@ProcessIntegratedHsp output file:D:\HMAPPTEST\LiubaiNovel-ReReader\build\cache\default\integrated_hsp\integratedHspCache.json cache.
[2026-03-28T08:09:02.128] [DEBUG] debug-file - Incremental task entry:default@ProcessIntegratedHsp post-execution cost:1 ms .
[2026-03-28T08:09:02.128] [DEBUG] debug-file - There is no need to refresh cache, since the incremental task entry:default@MakePackInfo is up-to-date.
[2026-03-28T08:09:02.128] [DEBUG] debug-file - Update task entry:default@SyscapTransform input file:D:\Program Files\Huawei\DevEco Studio\sdk\default\openharmony\toolchains\syscap_tool.exe cache by regenerate.
[2026-03-28T08:09:02.128] [DEBUG] debug-file - Update task entry:default@SyscapTransform input file:D:\Program Files\Huawei\DevEco Studio\sdk\default\openharmony\ets\api\device-define cache by regenerate.
[2026-03-28T08:09:02.130] [DEBUG] debug-file - Update task entry:default@SyscapTransform output file:D:\HMAPPTEST\LiubaiNovel-ReReader\entry\build\default\intermediates\syscap\default\rpcid.sc cache.
[2026-03-28T08:09:02.130] [DEBUG] debug-file - Incremental task entry:default@SyscapTransform post-execution cost:3 ms .
[2026-03-28T08:09:02.130] [DEBUG] debug-file - There is no need to refresh cache, since the incremental task entry:default@ProcessProfile is up-to-date.
[2026-03-28T08:09:02.130] [DEBUG] debug-file - There is no need to refresh cache, since the incremental task entry:default@ProcessRouterMap is up-to-date.
[2026-03-28T08:09:02.130] [DEBUG] debug-file - There is no need to refresh cache, since the incremental task entry:default@ProcessShareConfig is up-to-date.
[2026-03-28T08:09:02.131] [DEBUG] debug-file - Update task entry:default@ProcessStartupConfig output file:D:\HMAPPTEST\LiubaiNovel-ReReader\entry\build\default\intermediates\startup\default\startup_config.json cache.
[2026-03-28T08:09:02.131] [DEBUG] debug-file - Incremental task entry:default@ProcessStartupConfig post-execution cost:1 ms .
[2026-03-28T08:09:02.131] [DEBUG] debug-file - There is no need to refresh cache, since the incremental task entry:default@ProcessResource is up-to-date.
[2026-03-28T08:09:02.132] [DEBUG] debug-file - There is no need to refresh cache, since the incremental task entry:default@GenerateLoaderJson is up-to-date.
[2026-03-28T08:09:02.132] [DEBUG] debug-file - There is no need to refresh cache, since the incremental task entry:default@ProcessLibs is up-to-date.
[2026-03-28T08:09:02.132] [DEBUG] debug-file - There is no need to refresh cache, since the incremental task entry:default@CompileResource is up-to-date.
[2026-03-28T08:09:02.132] [DEBUG] debug-file - There is no need to refresh cache, since the incremental task entry:default@DoNativeStrip is up-to-date.
[2026-03-28T08:09:02.133] [DEBUG] debug-file - Update task entry:default@CompileArkTS input file:D:\HMAPPTEST\LiubaiNovel-ReReader\entry\build\default\intermediates\loader\default cache by regenerate.
[2026-03-28T08:09:02.134] [DEBUG] debug-file - Update task entry:default@CompileArkTS input file:D:\HMAPPTEST\LiubaiNovel-ReReader\entry\build\default\intermediates\res\default\resources\rawfile cache by regenerate.
[2026-03-28T08:09:02.135] [DEBUG] debug-file - Update task entry:default@CompileArkTS input file:D:\HMAPPTEST\LiubaiNovel-ReReader\entry\build\default\intermediates\res\default\ResourceTable.txt cache by regenerate.
[2026-03-28T08:09:02.135] [DEBUG] debug-file - Update task entry:default@CompileArkTS input file:D:\HMAPPTEST\LiubaiNovel-ReReader\entry\build\default\intermediates\res\default\ark_module.json cache by regenerate.
[2026-03-28T08:09:02.136] [DEBUG] debug-file - Update task entry:default@CompileArkTS input file:D:\HMAPPTEST\LiubaiNovel-ReReader\entry\build\default\intermediates\res\default\resources\base\profile cache by regenerate.
[2026-03-28T08:09:02.136] [DEBUG] debug-file - Update task entry:default@CompileArkTS input file:D:\HMAPPTEST\LiubaiNovel-ReReader\entry\src\main\ets cache from map.
[2026-03-28T08:09:02.136] [DEBUG] debug-file - Update task entry:default@CompileArkTS input file:D:\HMAPPTEST\LiubaiNovel-ReReader\entry\build\default\generated\profile\default\BuildProfile.ets cache by regenerate.
[2026-03-28T08:09:02.137] [DEBUG] debug-file - Update task entry:default@CompileArkTS output file:D:\HMAPPTEST\LiubaiNovel-ReReader\entry\build\default\intermediates\loader_out\default\ets cache.
[2026-03-28T08:09:02.137] [DEBUG] debug-file - Incremental task entry:default@CompileArkTS post-execution cost:6 ms .
[2026-03-28T08:09:02.138] [DEBUG] debug-file - Update task entry:default@BuildJS input file:D:\HMAPPTEST\LiubaiNovel-ReReader\entry\build\default\intermediates\loader\default cache by regenerate.
[2026-03-28T08:09:02.138] [DEBUG] debug-file - Update task entry:default@BuildJS input file:D:\HMAPPTEST\LiubaiNovel-ReReader\entry\build\default\intermediates\res\default\resources\rawfile cache by regenerate.
[2026-03-28T08:09:02.139] [DEBUG] debug-file - Update task entry:default@BuildJS input file:D:\HMAPPTEST\LiubaiNovel-ReReader\entry\build\default\intermediates\res\default\ResourceTable.txt cache by regenerate.
[2026-03-28T08:09:02.140] [DEBUG] debug-file - Update task entry:default@BuildJS input file:D:\HMAPPTEST\LiubaiNovel-ReReader\entry\build\default\intermediates\res\default\ark_module.json cache by regenerate.
[2026-03-28T08:09:02.140] [DEBUG] debug-file - Update task entry:default@BuildJS input file:D:\HMAPPTEST\LiubaiNovel-ReReader\entry\build\default\intermediates\res\default\resources\base\profile cache by regenerate.
[2026-03-28T08:09:02.140] [DEBUG] debug-file - Update task entry:default@BuildJS output file:D:\HMAPPTEST\LiubaiNovel-ReReader\entry\build\default\intermediates\loader_out\default\js cache.
[2026-03-28T08:09:02.140] [DEBUG] debug-file - Incremental task entry:default@BuildJS post-execution cost:4 ms .
[2026-03-28T08:09:02.141] [DEBUG] debug-file - There is no need to refresh cache, since the incremental task entry:default@CacheNativeLibs is up-to-date.
[2026-03-28T08:09:02.919] [DEBUG] debug-file - Cleanup worker 0.
[2026-03-28T08:09:02.919] [DEBUG] debug-file - Worker 0 has been cleaned up.
[2026-03-28T08:09:02.919] [DEBUG] debug-file - Current idle worker size: 3.
[2026-03-28T08:09:02.919] [DEBUG] debug-file - Current resident worker size: 4.
[2026-03-28T08:09:02.919] [DEBUG] debug-file - Cleanup worker 1.
[2026-03-28T08:09:02.919] [DEBUG] debug-file - Worker 1 has been cleaned up.
[2026-03-28T08:09:02.919] [DEBUG] debug-file - Current idle worker size: 2.
[2026-03-28T08:09:02.919] [DEBUG] debug-file - Current resident worker size: 4.
[2026-03-28T08:09:02.919] [DEBUG] debug-file - Cleanup worker 14.
[2026-03-28T08:09:02.919] [DEBUG] debug-file - Worker 14 has been cleaned up.
[2026-03-28T08:09:02.919] [DEBUG] debug-file - Current idle worker size: 1.
[2026-03-28T08:09:02.919] [DEBUG] debug-file - Current resident worker size: 4.
[2026-03-28T08:09:02.920] [DEBUG] debug-file - hvigor build process will be closed.
[2026-03-28T08:09:02.922] [DEBUG] debug-file - session manager: send message to worker process.
[2026-03-28T08:09:02.923] [DEBUG] debug-file - session manager: send message to worker process.
[2026-03-28T08:09:02.923] [DEBUG] debug-file - watch worker: worker id should be larger than 0. Nothing will be sent to any worker thread.
[2026-03-28T08:09:02.923] [DEBUG] debug-file - watch worker: worker id should be larger than 0. Nothing will be sent to any worker thread.
[2026-03-28T08:09:02.926] [DEBUG] debug-file - worker[1] exits with exit code 1.
[2026-03-28T08:09:02.929] [DEBUG] debug-file - worker[0] exits with exit code 1.
[2026-03-28T08:09:02.930] [DEBUG] debug-file - worker[14] exits with exit code 1.
[2026-03-28T08:09:36.007] [DEBUG] debug-file - session manager: set active socket. socketId=aKIRdgwwv6jQlMlLAAAD
[2026-03-28T08:09:36.015] [DEBUG] debug-file - watch worker: worker id should be larger than 0. Nothing will be sent to any worker thread.
[2026-03-28T08:09:36.021] [DEBUG] debug-file - Workers' log level updated to INFO
[2026-03-28T08:09:36.026] [DEBUG] debug-file - Hvigor init with startParameters:{
  hvigorfileTypeCheck: false,
  parallelExecution: true,
  incrementalExecution: true,
  printStackTrace: false,
  daemon: true,
  analyze: 0,
  logLevel: Level { level: 20000, levelStr: 'INFO', colour: 'green' },
  optimizationStrategy: 'memory',
  hotCompile: undefined,
  hotReloadBuild: undefined,
  customizedParam: undefined
}
[2026-03-28T08:09:36.033] [DEBUG] debug-file - Cache service initialization finished in 7 ms 
[2026-03-28T08:09:36.034] [DEBUG] debug-file - hvigorfile, resolving D:\HMAPPTEST\LiubaiNovel-ReReader\hvigorfile.ts
[2026-03-28T08:09:36.042] [DEBUG] debug-file - hvigorfile, require result:  { default: { plugins: [] } }
[2026-03-28T08:09:36.042] [DEBUG] debug-file - hvigorfile, binding system plugins null
[2026-03-28T08:09:36.042] [DEBUG] debug-file - Starting plugin build process
[2026-03-28T08:09:36.042] [DEBUG] debug-file - App plugin prepare start...
[2026-03-28T08:09:36.043] [DEBUG] debug-file - App plugin prepare end...
[2026-03-28T08:09:36.043] [DEBUG] debug-file - App plugin creating...
[2026-03-28T08:09:36.049] [DEBUG] debug-file - App plugin register hook start...
[2026-03-28T08:09:36.049] [DEBUG] debug-file - App plugin register hook end...
[2026-03-28T08:09:36.049] [DEBUG] debug-file - Plugin build process completed
[2026-03-28T08:09:36.050] [DEBUG] debug-file - Start initialize project's product build option map with build mode debug.
[2026-03-28T08:09:36.050] [DEBUG] debug-file - Picking option from product 'default' with build mode 'debug'.
[2026-03-28T08:09:36.050] [DEBUG] debug-file - Product 'default' build option initialized
[2026-03-28T08:09:36.050] [DEBUG] debug-file - Picking option from product 'zxyzhy233' with build mode 'debug'.
[2026-03-28T08:09:36.050] [DEBUG] debug-file - Product 'zxyzhy233' build option initialized
[2026-03-28T08:09:36.050] [DEBUG] debug-file - End initialize project's product build option map with build mode 'debug'.
[2026-03-28T08:09:36.050] [DEBUG] debug-file - Obtain build option for product 'default'in this build.
[2026-03-28T08:09:36.051] [DEBUG] debug-file - D:\HMAPPTEST\LiubaiNovel-ReReader\build\cache\default\remote_hsp\remoteHspCache.json not exists.
[2026-03-28T08:09:36.053] [DEBUG] debug-file - Start recording SDK configuration permission data.
[2026-03-28T08:09:36.082] [DEBUG] debug-file - Sdk init in 31 ms 
[2026-03-28T08:09:36.085] [DEBUG] debug-file - Project task initialization takes 3 ms 
[2026-03-28T08:09:36.085] [DEBUG] debug-file - hvigorfile, binding custom plugins []
[2026-03-28T08:09:36.085] [DEBUG] debug-file - hvigorfile, no custom plugins were found in D:\HMAPPTEST\LiubaiNovel-ReReader\hvigorfile.ts
[2026-03-28T08:09:36.085] [DEBUG] debug-file - hvigorfile, resolve finished D:\HMAPPTEST\LiubaiNovel-ReReader\hvigorfile.ts
[2026-03-28T08:09:36.085] [DEBUG] debug-file - hvigorfile, resolving D:\HMAPPTEST\LiubaiNovel-ReReader\entry\hvigorfile.ts
[2026-03-28T08:09:36.089] [DEBUG] debug-file - hvigorfile, require result:  { default: { plugins: [] } }
[2026-03-28T08:09:36.089] [DEBUG] debug-file - hvigorfile, binding system plugins null
[2026-03-28T08:09:36.089] [DEBUG] debug-file - Starting plugin build process
[2026-03-28T08:09:36.089] [DEBUG] debug-file - Hap plugin creating...
[2026-03-28T08:09:36.090] [DEBUG] debug-file - failed to load cangjie to dynamically generate schemas: Error: Cannot find module '@ohos/cangjie-build-support/index'
Require stack:
- D:\Program Files\Huawei\DevEco Studio\tools\hvigor\hvigor-ohos-plugin\src\plugin\hooks\cangjie-register.js
- D:\Program Files\Huawei\DevEco Studio\tools\hvigor\hvigor-ohos-plugin\src\plugin\strategy\stage-init-strategy.js
- D:\Program Files\Huawei\DevEco Studio\tools\hvigor\hvigor-ohos-plugin\src\plugin\builder\abstract-plugin-builder.js
- D:\Program Files\Huawei\DevEco Studio\tools\hvigor\hvigor-ohos-plugin\src\plugin\builder\app-plugin-builder.js
- D:\Program Files\Huawei\DevEco Studio\tools\hvigor\hvigor-ohos-plugin\src\plugin\factory\plugin-factory.js
- D:\Program Files\Huawei\DevEco Studio\tools\hvigor\hvigor-ohos-plugin\index.js
- D:\HMAPPTEST\LiubaiNovel-ReReader\hvigorfile.ts
- D:\Program Files\Huawei\DevEco Studio\tools\hvigor\hvigor\src\base\internal\lifecycle\configuration.js
- D:\Program Files\Huawei\DevEco Studio\tools\hvigor\hvigor\src\base\boot\index.js
- D:\Program Files\Huawei\DevEco Studio\tools\hvigor\hvigor\src\base\daemon\cluster\worker-process-lifecycle.js
- D:\Program Files\Huawei\DevEco Studio\tools\hvigor\hvigor\src\base\daemon\process\daemon-process-boot-script.js
[2026-03-28T08:09:36.092] [DEBUG] debug-file - Start initialize module-target build option map, moduleName=entry, buildMode=debug
[2026-03-28T08:09:36.093] [DEBUG] debug-file - Target 'default' config initialized
[2026-03-28T08:09:36.093] [DEBUG] debug-file - Module 'entry' target 'default' build option initialized
[2026-03-28T08:09:36.093] [DEBUG] debug-file - End initialize module-target build option map, moduleName=entry
[2026-03-28T08:09:36.094] [DEBUG] debug-file - Start initialize module-target build option map, moduleName=entry, buildMode=zxyzhy233
[2026-03-28T08:09:36.094] [DEBUG] debug-file - Target 'default' config initialized
[2026-03-28T08:09:36.094] [DEBUG] debug-file - Does not get target 'default'corresponding build option.
[2026-03-28T08:09:36.094] [DEBUG] debug-file - Using preset build option 'default'.
[2026-03-28T08:09:36.095] [DEBUG] debug-file - Module 'entry' target 'default' build option initialized
[2026-03-28T08:09:36.095] [DEBUG] debug-file - End initialize module-target build option map, moduleName=entry
[2026-03-28T08:09:36.095] [DEBUG] debug-file - Start initialize module-target build option map, moduleName=entry, buildMode=release
[2026-03-28T08:09:36.095] [DEBUG] debug-file - Target 'default' config initialized
[2026-03-28T08:09:36.096] [DEBUG] debug-file - Module 'entry' target 'default' build option initialized
[2026-03-28T08:09:36.096] [DEBUG] debug-file - End initialize module-target build option map, moduleName=entry
[2026-03-28T08:09:36.096] [DEBUG] debug-file - Start initialize module-target build option map, moduleName=entry, buildMode=debug
[2026-03-28T08:09:36.096] [DEBUG] debug-file - Target 'default' config initialized
[2026-03-28T08:09:36.096] [DEBUG] debug-file - Module 'entry' target 'default' build option initialized
[2026-03-28T08:09:36.096] [DEBUG] debug-file - End initialize module-target build option map, moduleName=entry
[2026-03-28T08:09:36.096] [DEBUG] debug-file - Start initialize module-target build option map, moduleName=entry, buildMode=zxyzhy233
[2026-03-28T08:09:36.096] [DEBUG] debug-file - Target 'default' config initialized
[2026-03-28T08:09:36.096] [DEBUG] debug-file - Does not get target 'default'corresponding build option.
[2026-03-28T08:09:36.096] [DEBUG] debug-file - Using preset build option 'default'.
[2026-03-28T08:09:36.096] [DEBUG] debug-file - Module 'entry' target 'default' build option initialized
[2026-03-28T08:09:36.096] [DEBUG] debug-file - End initialize module-target build option map, moduleName=entry
[2026-03-28T08:09:36.096] [DEBUG] debug-file - Start initialize module-target build option map, moduleName=entry, buildMode=release
[2026-03-28T08:09:36.096] [DEBUG] debug-file - Target 'default' config initialized
[2026-03-28T08:09:36.097] [DEBUG] debug-file - Module 'entry' target 'default' build option initialized
[2026-03-28T08:09:36.097] [DEBUG] debug-file - End initialize module-target build option map, moduleName=entry
[2026-03-28T08:09:36.097] [DEBUG] debug-file - Start initialize module-target build option map, moduleName=entry, buildMode=debug
[2026-03-28T08:09:36.097] [DEBUG] debug-file - Target 'default' config initialized
[2026-03-28T08:09:36.097] [DEBUG] debug-file - Module 'entry' target 'default' build option initialized
[2026-03-28T08:09:36.097] [DEBUG] debug-file - End initialize module-target build option map, moduleName=entry
[2026-03-28T08:09:36.097] [DEBUG] debug-file - Obtain build option for module 'entry' target 'default'in this build.
[2026-03-28T08:09:36.098] [DEBUG] debug-file - Module entry task initialization takes 1 ms 
[2026-03-28T08:09:36.098] [DEBUG] debug-file - Hap plugin register hook start...
[2026-03-28T08:09:36.098] [DEBUG] debug-file - Hap plugin register hook end...
[2026-03-28T08:09:36.098] [DEBUG] debug-file - Plugin build process completed
[2026-03-28T08:09:36.099] [DEBUG] debug-file - hvigorfile, binding custom plugins []
[2026-03-28T08:09:36.099] [DEBUG] debug-file - hvigorfile, no custom plugins were found in D:\HMAPPTEST\LiubaiNovel-ReReader\entry\hvigorfile.ts
[2026-03-28T08:09:36.099] [DEBUG] debug-file - hvigorfile, resolve finished D:\HMAPPTEST\LiubaiNovel-ReReader\entry\hvigorfile.ts
[2026-03-28T08:09:36.116] [DEBUG] debug-file - hvigorfile, resolve hvigorfile dependencies in 18 ms 
[2026-03-28T08:09:36.117] [DEBUG] debug-file - project has submodules:entry
[2026-03-28T08:09:36.117] [DEBUG] debug-file - Start to initialize dependency information.
[2026-03-28T08:09:36.118] [DEBUG] debug-file - Module LiubaiNovel-ReReader Collected Dependency: 
[2026-03-28T08:09:36.118] [DEBUG] debug-file - Module LiubaiNovel-ReReader's total dependency: 0
[2026-03-28T08:09:36.119] [DEBUG] debug-file - Start to initialize dependency information.
[2026-03-28T08:09:36.120] [DEBUG] debug-file - Module entry Collected Dependency: 
[2026-03-28T08:09:36.120] [DEBUG] debug-file - Module entry's total dependency: 0
[2026-03-28T08:09:36.122] [DEBUG] debug-file - Configuration phase cost:89 ms 
[2026-03-28T08:09:36.123] [DEBUG] debug-file - Configuration task cost before running: 101 ms 
[2026-03-28T08:09:36.123] [DEBUG] debug-file - Executing task :entry:clean
[2026-03-28T08:09:36.123] [DEBUG] debug-file - clean: Start terminating worker pool.
[2026-03-28T08:09:36.123] [DEBUG] debug-file - Current worker pool is stopped or closed.
[2026-03-28T08:09:36.124] [DEBUG] debug-file - Clear worker 4.
[2026-03-28T08:09:36.124] [DEBUG] debug-file - Worker 4 has been cleared.
[2026-03-28T08:09:36.124] [DEBUG] debug-file - Current idle worker size: 0.
[2026-03-28T08:09:36.124] [DEBUG] debug-file - Current busy worker size: 0.
[2026-03-28T08:09:36.126] [DEBUG] debug-file - Current worker pool is terminated.
[2026-03-28T08:09:36.127] [DEBUG] debug-file - clean: Terminating worker pool finished.
[2026-03-28T08:09:36.203] [DEBUG] debug-file - entry : clean cost memory 0.24289703369140625
[2026-03-28T08:09:36.203] [DEBUG] debug-file - runTaskFromQueue task cost before running: 182 ms 
[2026-03-28T08:09:36.203] [INFO] debug-file - Finished :entry:clean... after 81 ms 
[2026-03-28T08:09:36.204] [DEBUG] debug-file - Executing task ::clean
[2026-03-28T08:09:36.204] [DEBUG] debug-file - clean: Worker pool is inactive.
[2026-03-28T08:09:36.204] [DEBUG] debug-file - LiubaiNovel-ReReader : clean cost memory 0.02564239501953125
[2026-03-28T08:09:36.204] [DEBUG] debug-file - runTaskFromQueue task cost before running: 183 ms 
[2026-03-28T08:09:36.204] [INFO] debug-file - Finished ::clean... after 1 ms 
[2026-03-28T08:09:37.162] [INFO] debug-file - BUILD SUCCESSFUL in 1 s 141 ms 
[2026-03-28T08:09:38.508] [DEBUG] debug-file - worker[4] exits with exit code 1.
[2026-03-28T08:09:38.508] [DEBUG] debug-file - Since there is no instance or instance is terminated, create a new worker pool.
[2026-03-28T08:09:38.508] [DEBUG] debug-file - Worker pool is initialized with config:  {
  minPoolNum: 2,
  maxPoolNum: undefined,
  maxCoreSize: undefined,
  cacheCapacity: undefined,
  cacheTtl: undefined
}
[2026-03-28T08:09:38.509] [DEBUG] debug-file - Create  resident worker with id: 0.
[2026-03-28T08:09:38.510] [DEBUG] debug-file - Create  resident worker with id: 1.
[2026-03-28T08:09:38.511] [DEBUG] debug-file - Cleanup worker 0.
[2026-03-28T08:09:38.511] [DEBUG] debug-file - Worker 0 has been cleaned up.
[2026-03-28T08:09:38.511] [DEBUG] debug-file - Current idle worker size: 1.
[2026-03-28T08:09:38.511] [DEBUG] debug-file - Current resident worker size: 2.
[2026-03-28T08:09:38.511] [DEBUG] debug-file - Cleanup worker 1.
[2026-03-28T08:09:38.511] [DEBUG] debug-file - Worker 1 has been cleaned up.
[2026-03-28T08:09:38.511] [DEBUG] debug-file - Current idle worker size: 0.
[2026-03-28T08:09:38.511] [DEBUG] debug-file - Current resident worker size: 2.
[2026-03-28T08:09:38.512] [DEBUG] debug-file - hvigor build process will be closed.
[2026-03-28T08:09:38.517] [DEBUG] debug-file - worker[0] exits with exit code 0.
[2026-03-28T08:09:38.520] [DEBUG] debug-file - session manager: send message to worker process.
[2026-03-28T08:09:38.520] [DEBUG] debug-file - session manager: send message to worker process.
[2026-03-28T08:09:38.519] [DEBUG] debug-file - watch worker: worker id should be larger than 0. Nothing will be sent to any worker thread.
[2026-03-28T08:09:38.519] [DEBUG] debug-file - watch worker: worker id should be larger than 0. Nothing will be sent to any worker thread.
[2026-03-28T08:09:38.530] [DEBUG] debug-file - worker[1] exits with exit code 0.
[2026-03-28T08:12:49.433] [DEBUG] debug-file - session manager: set active socket. socketId=WJSQ7gNE_w-8mOTpAAAF
[2026-03-28T08:12:49.437] [DEBUG] debug-file - watch worker: worker id should be larger than 0. Nothing will be sent to any worker thread.
[2026-03-28T08:12:49.439] [DEBUG] debug-file - Workers' log level updated to INFO
[2026-03-28T08:12:49.446] [DEBUG] debug-file - Hvigor init with startParameters:{
  hvigorfileTypeCheck: false,
  parallelExecution: true,
  incrementalExecution: true,
  printStackTrace: false,
  daemon: true,
  analyze: 0,
  logLevel: Level { level: 20000, levelStr: 'INFO', colour: 'green' },
  optimizationStrategy: 'memory',
  hotCompile: undefined,
  hotReloadBuild: undefined,
  customizedParam: undefined
}
[2026-03-28T08:12:49.450] [DEBUG] debug-file - Cache service initialization finished in 4 ms 
[2026-03-28T08:12:49.451] [DEBUG] debug-file - hvigorfile, resolving D:\HMAPPTEST\LiubaiNovel-ReReader\hvigorfile.ts
[2026-03-28T08:12:49.457] [DEBUG] debug-file - hvigorfile, require result:  { default: { plugins: [] } }
[2026-03-28T08:12:49.458] [DEBUG] debug-file - hvigorfile, binding system plugins null
[2026-03-28T08:12:49.458] [DEBUG] debug-file - Starting plugin build process
[2026-03-28T08:12:49.458] [DEBUG] debug-file - App plugin prepare start...
[2026-03-28T08:12:49.458] [DEBUG] debug-file - App plugin prepare end...
[2026-03-28T08:12:49.458] [DEBUG] debug-file - App plugin creating...
[2026-03-28T08:12:49.669] [DEBUG] debug-file - App plugin register hook start...
[2026-03-28T08:12:49.669] [DEBUG] debug-file - App plugin register hook end...
[2026-03-28T08:12:49.669] [DEBUG] debug-file - Plugin build process completed
[2026-03-28T08:12:49.670] [DEBUG] debug-file - Start initialize project's product build option map with build mode debug.
[2026-03-28T08:12:49.670] [DEBUG] debug-file - Picking option from product 'default' with build mode 'debug'.
[2026-03-28T08:12:49.670] [DEBUG] debug-file - Product 'default' build option initialized
[2026-03-28T08:12:49.670] [DEBUG] debug-file - Picking option from product 'zxyzhy233' with build mode 'debug'.
[2026-03-28T08:12:49.670] [DEBUG] debug-file - Product 'zxyzhy233' build option initialized
[2026-03-28T08:12:49.670] [DEBUG] debug-file - End initialize project's product build option map with build mode 'debug'.
[2026-03-28T08:12:49.671] [DEBUG] debug-file - Obtain build option for product 'default'in this build.
[2026-03-28T08:12:49.672] [DEBUG] debug-file - D:\HMAPPTEST\LiubaiNovel-ReReader\build\cache\default\remote_hsp\remoteHspCache.json not exists.
[2026-03-28T08:12:49.675] [DEBUG] debug-file - Start recording SDK configuration permission data.
[2026-03-28T08:12:49.697] [DEBUG] debug-file - Sdk init in 25 ms 
[2026-03-28T08:12:49.701] [DEBUG] debug-file - Project task initialization takes 3 ms 
[2026-03-28T08:12:49.701] [DEBUG] debug-file - hvigorfile, binding custom plugins []
[2026-03-28T08:12:49.701] [DEBUG] debug-file - hvigorfile, no custom plugins were found in D:\HMAPPTEST\LiubaiNovel-ReReader\hvigorfile.ts
[2026-03-28T08:12:49.701] [DEBUG] debug-file - hvigorfile, resolve finished D:\HMAPPTEST\LiubaiNovel-ReReader\hvigorfile.ts
[2026-03-28T08:12:49.701] [DEBUG] debug-file - hvigorfile, resolving D:\HMAPPTEST\LiubaiNovel-ReReader\entry\hvigorfile.ts
[2026-03-28T08:12:49.706] [DEBUG] debug-file - hvigorfile, require result:  { default: { plugins: [] } }
[2026-03-28T08:12:49.707] [DEBUG] debug-file - hvigorfile, binding system plugins null
[2026-03-28T08:12:49.707] [DEBUG] debug-file - Starting plugin build process
[2026-03-28T08:12:49.707] [DEBUG] debug-file - Hap plugin creating...
[2026-03-28T08:12:49.708] [DEBUG] debug-file - failed to load cangjie to dynamically generate schemas: Error: Cannot find module '@ohos/cangjie-build-support/index'
Require stack:
- D:\Program Files\Huawei\DevEco Studio\tools\hvigor\hvigor-ohos-plugin\src\plugin\hooks\cangjie-register.js
- D:\Program Files\Huawei\DevEco Studio\tools\hvigor\hvigor-ohos-plugin\src\plugin\strategy\stage-init-strategy.js
- D:\Program Files\Huawei\DevEco Studio\tools\hvigor\hvigor-ohos-plugin\src\plugin\builder\abstract-plugin-builder.js
- D:\Program Files\Huawei\DevEco Studio\tools\hvigor\hvigor-ohos-plugin\src\plugin\builder\app-plugin-builder.js
- D:\Program Files\Huawei\DevEco Studio\tools\hvigor\hvigor-ohos-plugin\src\plugin\factory\plugin-factory.js
- D:\Program Files\Huawei\DevEco Studio\tools\hvigor\hvigor-ohos-plugin\index.js
- D:\HMAPPTEST\LiubaiNovel-ReReader\hvigorfile.ts
- D:\Program Files\Huawei\DevEco Studio\tools\hvigor\hvigor\src\base\internal\lifecycle\configuration.js
- D:\Program Files\Huawei\DevEco Studio\tools\hvigor\hvigor\src\base\boot\index.js
- D:\Program Files\Huawei\DevEco Studio\tools\hvigor\hvigor\src\base\daemon\cluster\worker-process-lifecycle.js
- D:\Program Files\Huawei\DevEco Studio\tools\hvigor\hvigor\src\base\daemon\process\daemon-process-boot-script.js
[2026-03-28T08:12:49.713] [DEBUG] debug-file - Start initialize module-target build option map, moduleName=entry, buildMode=debug
[2026-03-28T08:12:49.714] [DEBUG] debug-file - Target 'default' config initialized
[2026-03-28T08:12:49.714] [DEBUG] debug-file - Module 'entry' target 'default' build option initialized
[2026-03-28T08:12:49.714] [DEBUG] debug-file - End initialize module-target build option map, moduleName=entry
[2026-03-28T08:12:49.714] [DEBUG] debug-file - Start initialize module-target build option map, moduleName=entry, buildMode=zxyzhy233
[2026-03-28T08:12:49.714] [DEBUG] debug-file - Target 'default' config initialized
[2026-03-28T08:12:49.714] [DEBUG] debug-file - Does not get target 'default'corresponding build option.
[2026-03-28T08:12:49.714] [DEBUG] debug-file - Using preset build option 'default'.
[2026-03-28T08:12:49.714] [DEBUG] debug-file - Module 'entry' target 'default' build option initialized
[2026-03-28T08:12:49.714] [DEBUG] debug-file - End initialize module-target build option map, moduleName=entry
[2026-03-28T08:12:49.714] [DEBUG] debug-file - Start initialize module-target build option map, moduleName=entry, buildMode=release
[2026-03-28T08:12:49.714] [DEBUG] debug-file - Target 'default' config initialized
[2026-03-28T08:12:49.715] [DEBUG] debug-file - Module 'entry' target 'default' build option initialized
[2026-03-28T08:12:49.715] [DEBUG] debug-file - End initialize module-target build option map, moduleName=entry
[2026-03-28T08:12:49.715] [DEBUG] debug-file - Start initialize module-target build option map, moduleName=entry, buildMode=debug
[2026-03-28T08:12:49.715] [DEBUG] debug-file - Target 'default' config initialized
[2026-03-28T08:12:49.715] [DEBUG] debug-file - Module 'entry' target 'default' build option initialized
[2026-03-28T08:12:49.715] [DEBUG] debug-file - End initialize module-target build option map, moduleName=entry
[2026-03-28T08:12:49.715] [DEBUG] debug-file - Start initialize module-target build option map, moduleName=entry, buildMode=zxyzhy233
[2026-03-28T08:12:49.715] [DEBUG] debug-file - Target 'default' config initialized
[2026-03-28T08:12:49.715] [DEBUG] debug-file - Does not get target 'default'corresponding build option.
[2026-03-28T08:12:49.715] [DEBUG] debug-file - Using preset build option 'default'.
[2026-03-28T08:12:49.716] [DEBUG] debug-file - Module 'entry' target 'default' build option initialized
[2026-03-28T08:12:49.716] [DEBUG] debug-file - End initialize module-target build option map, moduleName=entry
[2026-03-28T08:12:49.716] [DEBUG] debug-file - Start initialize module-target build option map, moduleName=entry, buildMode=release
[2026-03-28T08:12:49.716] [DEBUG] debug-file - Target 'default' config initialized
[2026-03-28T08:12:49.716] [DEBUG] debug-file - Module 'entry' target 'default' build option initialized
[2026-03-28T08:12:49.716] [DEBUG] debug-file - End initialize module-target build option map, moduleName=entry
[2026-03-28T08:12:49.716] [DEBUG] debug-file - Start initialize module-target build option map, moduleName=entry, buildMode=debug
[2026-03-28T08:12:49.716] [DEBUG] debug-file - Target 'default' config initialized
[2026-03-28T08:12:49.716] [DEBUG] debug-file - Module 'entry' target 'default' build option initialized
[2026-03-28T08:12:49.716] [DEBUG] debug-file - End initialize module-target build option map, moduleName=entry
[2026-03-28T08:12:49.716] [DEBUG] debug-file - Obtain build option for module 'entry' target 'default'in this build.
[2026-03-28T08:12:49.719] [DEBUG] debug-file - Module entry task initialization takes 2 ms 
[2026-03-28T08:12:49.719] [DEBUG] debug-file - Hap plugin register hook start...
[2026-03-28T08:12:49.719] [DEBUG] debug-file - Hap plugin register hook end...
[2026-03-28T08:12:49.719] [DEBUG] debug-file - Plugin build process completed
[2026-03-28T08:12:49.719] [DEBUG] debug-file - hvigorfile, binding custom plugins []
[2026-03-28T08:12:49.719] [DEBUG] debug-file - hvigorfile, no custom plugins were found in D:\HMAPPTEST\LiubaiNovel-ReReader\entry\hvigorfile.ts
[2026-03-28T08:12:49.719] [DEBUG] debug-file - hvigorfile, resolve finished D:\HMAPPTEST\LiubaiNovel-ReReader\entry\hvigorfile.ts
[2026-03-28T08:12:49.737] [DEBUG] debug-file - hvigorfile, resolve hvigorfile dependencies in 18 ms 
[2026-03-28T08:12:49.737] [DEBUG] debug-file - project has submodules:entry
[2026-03-28T08:12:49.739] [DEBUG] debug-file - start to load updatedOhPackageInfo to the disk
[2026-03-28T08:12:49.742] [DEBUG] debug-file - load to the disk finished
[2026-03-28T08:12:49.743] [DEBUG] debug-file - Start to initialize dependency information.
[2026-03-28T08:12:49.743] [DEBUG] debug-file - Module LiubaiNovel-ReReader Collected Dependency: 
[2026-03-28T08:12:49.743] [DEBUG] debug-file - Module LiubaiNovel-ReReader's total dependency: 0
[2026-03-28T08:12:49.744] [DEBUG] debug-file - Start to initialize dependency information.
[2026-03-28T08:12:49.745] [DEBUG] debug-file - Module entry Collected Dependency: 
[2026-03-28T08:12:49.745] [DEBUG] debug-file - Module entry's total dependency: 0
[2026-03-28T08:12:49.746] [DEBUG] debug-file - Configuration phase cost:297 ms 
[2026-03-28T08:12:49.747] [DEBUG] debug-file - Configuration task cost before running: 307 ms 
[2026-03-28T08:12:49.747] [DEBUG] debug-file - Executing task :entry:clean
[2026-03-28T08:12:49.747] [DEBUG] debug-file - clean: Worker pool is inactive.
[2026-03-28T08:12:49.748] [DEBUG] debug-file - entry : clean cost memory 0.08133697509765625
[2026-03-28T08:12:49.748] [DEBUG] debug-file - runTaskFromQueue task cost before running: 308 ms 
[2026-03-28T08:12:49.748] [INFO] debug-file - Finished :entry:clean... after 1 ms 
[2026-03-28T08:12:49.754] [DEBUG] debug-file - Executing task :entry:default@PreBuild
[2026-03-28T08:12:49.755] [DEBUG] debug-file - Task 'entry:default@PreBuild' cost while wrapping incremental declarations: 1 ms 
[2026-03-28T08:12:49.761] [DEBUG] debug-file - entry:default@PreBuild is not up-to-date, since the task snapshots are different.
[2026-03-28T08:12:49.762] [DEBUG] debug-file - Incremental task entry:default@PreBuild pre-execution cost: 4 ms .
[2026-03-28T08:12:49.914] [DEBUG] debug-file - current product is not Atomic service.
[2026-03-28T08:12:49.915] [DEBUG] debug-file - Use tool [win32: JAVA_HOME, CLASSPATH]
 [
  { JAVA_HOME: 'D:\\Program Files\\Huawei\\DevEco Studio\\jbr' },
  { CLASSPATH: undefined }
]
[2026-03-28T08:12:49.915] [DEBUG] debug-file - Use tool [win32: NODE_HOME]
 [
  {
    NODE_HOME: 'D:\\Program Files\\Huawei\\DevEco Studio\\tools\\node'
  }
]
[2026-03-28T08:12:49.916] [DEBUG] debug-file - entry : default@PreBuild cost memory 1.2535781860351562
[2026-03-28T08:12:49.916] [DEBUG] debug-file - runTaskFromQueue task cost before running: 476 ms 
[2026-03-28T08:12:49.917] [INFO] debug-file - Finished :entry:default@PreBuild... after 162 ms 
[2026-03-28T08:12:49.918] [DEBUG] debug-file - Executing task :entry:default@CreateModuleInfo
[2026-03-28T08:12:49.919] [DEBUG] debug-file - Task 'entry:default@CreateModuleInfo' cost while wrapping incremental declarations: 1 ms 
[2026-03-28T08:12:49.919] [DEBUG] debug-file - entry : default@CreateModuleInfo cost memory 0.0420074462890625
[2026-03-28T08:12:49.919] [DEBUG] debug-file - runTaskFromQueue task cost before running: 480 ms 
[2026-03-28T08:12:49.920] [INFO] debug-file - Finished :entry:default@CreateModuleInfo... after 2 ms 
[2026-03-28T08:12:49.923] [DEBUG] debug-file - Executing task :entry:default@GenerateMetadata
[2026-03-28T08:12:49.924] [DEBUG] debug-file - Task 'entry:default@GenerateMetadata' cost while wrapping incremental declarations: 1 ms 
[2026-03-28T08:12:49.924] [DEBUG] debug-file - entry:default@GenerateMetadata is not up-to-date, since the output file 'D:\HMAPPTEST\LiubaiNovel-ReReader\entry\build\default\intermediates\hap_metadata\default\output_metadata.json' does not exist.
[2026-03-28T08:12:49.924] [DEBUG] debug-file - Incremental task entry:default@GenerateMetadata pre-execution cost: 1 ms .
[2026-03-28T08:12:49.927] [DEBUG] debug-file - entry : default@GenerateMetadata cost memory 0.10111236572265625
[2026-03-28T08:12:49.929] [DEBUG] debug-file - runTaskFromQueue task cost before running: 488 ms 
[2026-03-28T08:12:49.929] [INFO] debug-file - Finished :entry:default@GenerateMetadata... after 5 ms 
[2026-03-28T08:12:49.930] [DEBUG] debug-file - Executing task :entry:default@ConfigureCmake
[2026-03-28T08:12:49.931] [DEBUG] debug-file - entry : default@ConfigureCmake cost memory 0.01470184326171875
[2026-03-28T08:12:49.931] [DEBUG] debug-file - runTaskFromQueue task cost before running: 491 ms 
[2026-03-28T08:12:49.931] [INFO] debug-file - Finished :entry:default@ConfigureCmake... after 1 ms 
[2026-03-28T08:12:49.933] [DEBUG] debug-file - Executing task :entry:default@MergeProfile
[2026-03-28T08:12:49.933] [DEBUG] debug-file - Task 'entry:default@MergeProfile' cost while wrapping incremental declarations: 1 ms 
[2026-03-28T08:12:49.934] [DEBUG] debug-file - entry:default@MergeProfile is not up-to-date, since the output file 'D:\HMAPPTEST\LiubaiNovel-ReReader\entry\build\default\intermediates\merge_profile\default\module.json' does not exist.
[2026-03-28T08:12:49.934] [DEBUG] debug-file - Incremental task entry:default@MergeProfile pre-execution cost: 1 ms .
[2026-03-28T08:12:49.935] [DEBUG] debug-file - Change app api release type with 'Release'
[2026-03-28T08:12:49.935] [DEBUG] debug-file - Change app compile API version with '6.0.2.130'
[2026-03-28T08:12:49.935] [DEBUG] debug-file - Change app target API version with '50004016'
[2026-03-28T08:12:49.935] [DEBUG] debug-file - Change app minimum API version with '50004016'
[2026-03-28T08:12:49.935] [DEBUG] debug-file - Use cli appEnvironment
[2026-03-28T08:12:49.937] [DEBUG] debug-file - entry : default@MergeProfile cost memory 0.22286224365234375
[2026-03-28T08:12:49.938] [DEBUG] debug-file - runTaskFromQueue task cost before running: 498 ms 
[2026-03-28T08:12:49.938] [INFO] debug-file - Finished :entry:default@MergeProfile... after 5 ms 
[2026-03-28T08:12:49.939] [DEBUG] debug-file - Executing task :entry:default@CreateBuildProfile
[2026-03-28T08:12:49.940] [DEBUG] debug-file - Task 'entry:default@CreateBuildProfile' cost while wrapping incremental declarations: 1 ms 
[2026-03-28T08:12:49.940] [DEBUG] debug-file - entry:default@CreateBuildProfile is not up-to-date, since the output file 'D:\HMAPPTEST\LiubaiNovel-ReReader\entry\build\default\generated\profile\default\BuildProfile.ets' does not exist.
[2026-03-28T08:12:49.940] [DEBUG] debug-file - Incremental task entry:default@CreateBuildProfile pre-execution cost: 1 ms .
[2026-03-28T08:12:49.942] [DEBUG] debug-file - entry : default@CreateBuildProfile cost memory 0.10576629638671875
[2026-03-28T08:12:49.942] [DEBUG] debug-file - runTaskFromQueue task cost before running: 502 ms 
[2026-03-28T08:12:49.942] [INFO] debug-file - Finished :entry:default@CreateBuildProfile... after 3 ms 
[2026-03-28T08:12:49.943] [DEBUG] debug-file - Executing task :entry:default@PreCheckSyscap
[2026-03-28T08:12:49.944] [DEBUG] debug-file - entry : default@PreCheckSyscap cost memory 0.01767730712890625
[2026-03-28T08:12:49.944] [DEBUG] debug-file - runTaskFromQueue task cost before running: 504 ms 
[2026-03-28T08:12:49.944] [INFO] debug-file - Finished :entry:default@PreCheckSyscap... after 1 ms 
[2026-03-28T08:12:49.946] [DEBUG] debug-file - Executing task :entry:default@GeneratePkgContextInfo
[2026-03-28T08:12:49.954] [DEBUG] debug-file - Task 'entry:default@GeneratePkgContextInfo' cost while wrapping incremental declarations: 1 ms 
[2026-03-28T08:12:49.954] [DEBUG] debug-file - entry : default@GeneratePkgContextInfo cost memory 0.21239471435546875
[2026-03-28T08:12:49.954] [DEBUG] debug-file - runTaskFromQueue task cost before running: 515 ms 
[2026-03-28T08:12:49.955] [INFO] debug-file - Finished :entry:default@GeneratePkgContextInfo... after 9 ms 
[2026-03-28T08:12:49.958] [DEBUG] debug-file - Executing task :entry:default@ProcessIntegratedHsp
[2026-03-28T08:12:49.958] [DEBUG] debug-file - entry:default@ProcessIntegratedHsp is not up-to-date, since the output file 'D:\HMAPPTEST\LiubaiNovel-ReReader\build\cache\default\integrated_hsp\integratedHspCache.json' does not exist.
[2026-03-28T08:12:49.959] [DEBUG] debug-file - Incremental task entry:default@ProcessIntegratedHsp pre-execution cost: 1 ms .
[2026-03-28T08:12:49.959] [DEBUG] debug-file - entry : default@ProcessIntegratedHsp cost memory 0.05608367919921875
[2026-03-28T08:12:49.959] [DEBUG] debug-file - runTaskFromQueue task cost before running: 519 ms 
[2026-03-28T08:12:49.959] [INFO] debug-file - Finished :entry:default@ProcessIntegratedHsp... after 1 ms 
[2026-03-28T08:12:49.960] [DEBUG] debug-file - Executing task :entry:default@BuildNativeWithCmake
[2026-03-28T08:12:49.960] [DEBUG] debug-file - entry : default@BuildNativeWithCmake cost memory 0.01461029052734375
[2026-03-28T08:12:49.960] [DEBUG] debug-file - runTaskFromQueue task cost before running: 521 ms 
[2026-03-28T08:12:49.960] [INFO] debug-file - Finished :entry:default@BuildNativeWithCmake... after 1 ms 
[2026-03-28T08:12:49.961] [DEBUG] debug-file - Executing task :entry:default@MakePackInfo
[2026-03-28T08:12:49.963] [DEBUG] debug-file - entry:default@MakePackInfo is not up-to-date, since the output file 'D:\HMAPPTEST\LiubaiNovel-ReReader\entry\build\default\outputs\default\pack.info' does not exist.
[2026-03-28T08:12:49.963] [DEBUG] debug-file - Incremental task entry:default@MakePackInfo pre-execution cost: 2 ms .
[2026-03-28T08:12:49.964] [DEBUG] debug-file - Module Pack Info:  {
  summary: {
    app: { bundleName: 'l***s', bundleType: 'app', version: [Object] },
    modules: [ [Object] ]
  },
  packages: [
    {
      deviceType: [Array],
      moduleType: 'entry',
      deliveryWithInstall: true,
      name: 'entry-default'
    }
  ]
}
[2026-03-28T08:12:49.965] [DEBUG] debug-file - entry : default@MakePackInfo cost memory 0.18349456787109375
[2026-03-28T08:12:49.966] [DEBUG] debug-file - runTaskFromQueue task cost before running: 526 ms 
[2026-03-28T08:12:49.966] [INFO] debug-file - Finished :entry:default@MakePackInfo... after 5 ms 
[2026-03-28T08:12:49.967] [DEBUG] debug-file - Executing task :entry:default@SyscapTransform
[2026-03-28T08:12:49.967] [DEBUG] debug-file - File: 'D:\HMAPPTEST\LiubaiNovel-ReReader\entry\src\main\syscap.json' from 'sysCapJsonPath' is not exists, just ignore.
[2026-03-28T08:12:49.968] [DEBUG] debug-file - Task 'entry:default@SyscapTransform' cost while wrapping incremental declarations: 1 ms 
[2026-03-28T08:12:49.969] [DEBUG] debug-file - entry:default@SyscapTransform is not up-to-date, since the output file 'D:\HMAPPTEST\LiubaiNovel-ReReader\entry\build\default\intermediates\syscap\default\rpcid.sc' does not exist.
[2026-03-28T08:12:49.969] [DEBUG] debug-file - Incremental task entry:default@SyscapTransform pre-execution cost: 1 ms .
[2026-03-28T08:12:49.969] [DEBUG] debug-file - entry : default@SyscapTransform cost memory 0.159881591796875
[2026-03-28T08:12:49.969] [DEBUG] debug-file - runTaskFromQueue task cost before running: 529 ms 
[2026-03-28T08:12:49.969] [INFO] debug-file - Finished :entry:default@SyscapTransform... after 2 ms 
[2026-03-28T08:12:49.970] [DEBUG] debug-file - Executing task :entry:default@ProcessProfile
[2026-03-28T08:12:49.971] [DEBUG] debug-file - Task 'entry:default@ProcessProfile' cost while wrapping incremental declarations: 1 ms 
[2026-03-28T08:12:49.972] [DEBUG] debug-file - entry:default@ProcessProfile is not up-to-date, since the input file 'D:\HMAPPTEST\LiubaiNovel-ReReader\entry\build\default\intermediates\merge_profile\default\module.json' has been changed.
[2026-03-28T08:12:49.972] [DEBUG] debug-file - Incremental task entry:default@ProcessProfile pre-execution cost: 1 ms .
[2026-03-28T08:12:49.973] [DEBUG] debug-file - [
  'D:\\Program Files\\Huawei\\DevEco Studio\\tools\\node\\node.exe',
  'D:\\Program Files\\Huawei\\DevEco Studio\\sdk\\default\\openharmony\\ets\\build-tools\\ets-loader\\bin\\ark\\ts2abc.js',
  '--target-api-version',
  '16'
]
[2026-03-28T08:12:51.385] [DEBUG] debug-file - 12.0.6.0
[2026-03-28T08:12:51.386] [DEBUG] debug-file - No need to add fake ui ability because of not in preview process.
[2026-03-28T08:12:51.387] [DEBUG] debug-file - entry : default@ProcessProfile cost memory 2.3585586547851562
[2026-03-28T08:12:51.387] [DEBUG] debug-file - runTaskFromQueue task cost before running: 1 s 947 ms 
[2026-03-28T08:12:51.387] [INFO] debug-file - Finished :entry:default@ProcessProfile... after 1 s 417 ms 
[2026-03-28T08:12:51.389] [DEBUG] debug-file - Executing task :entry:default@ProcessRouterMap
[2026-03-28T08:12:51.390] [DEBUG] debug-file - entry:default@ProcessRouterMap is not up-to-date, since the output file 'D:\HMAPPTEST\LiubaiNovel-ReReader\entry\build\default\intermediates\router_map\default\temp-router-map.json' does not exist.
[2026-03-28T08:12:51.390] [DEBUG] debug-file - Incremental task entry:default@ProcessRouterMap pre-execution cost: 1 ms .
[2026-03-28T08:12:51.392] [DEBUG] debug-file - entry : default@ProcessRouterMap cost memory 0.13993072509765625
[2026-03-28T08:12:51.392] [DEBUG] debug-file - runTaskFromQueue task cost before running: 1 s 953 ms 
[2026-03-28T08:12:51.393] [INFO] debug-file - Finished :entry:default@ProcessRouterMap... after 4 ms 
[2026-03-28T08:12:51.394] [DEBUG] debug-file - Executing task :entry:default@ProcessShareConfig
[2026-03-28T08:12:51.395] [DEBUG] debug-file - entry:default@ProcessShareConfig is not up-to-date, since the output file 'D:\HMAPPTEST\LiubaiNovel-ReReader\entry\build\default\intermediates\share_config\default\temp-share-config.json' does not exist.
[2026-03-28T08:12:51.395] [DEBUG] debug-file - Incremental task entry:default@ProcessShareConfig pre-execution cost: 1 ms .
[2026-03-28T08:12:51.396] [DEBUG] debug-file - entry : default@ProcessShareConfig cost memory 0.1211700439453125
[2026-03-28T08:12:51.396] [DEBUG] debug-file - runTaskFromQueue task cost before running: 1 s 956 ms 
[2026-03-28T08:12:51.396] [INFO] debug-file - Finished :entry:default@ProcessShareConfig... after 3 ms 
[2026-03-28T08:12:51.397] [DEBUG] debug-file - Executing task :entry:default@ProcessStartupConfig
[2026-03-28T08:12:51.397] [DEBUG] debug-file - Task 'entry:default@ProcessStartupConfig' cost while wrapping incremental declarations: 1 ms 
[2026-03-28T08:12:51.398] [DEBUG] debug-file - entry:default@ProcessStartupConfig is not up-to-date, since the output file 'D:\HMAPPTEST\LiubaiNovel-ReReader\entry\build\default\intermediates\startup\default\startup_config.json' does not exist.
[2026-03-28T08:12:51.398] [DEBUG] debug-file - Incremental task entry:default@ProcessStartupConfig pre-execution cost: 1 ms .
[2026-03-28T08:12:51.398] [DEBUG] debug-file - entry : default@ProcessStartupConfig cost memory 0.09104156494140625
[2026-03-28T08:12:51.398] [DEBUG] debug-file - runTaskFromQueue task cost before running: 1 s 959 ms 
[2026-03-28T08:12:51.398] [INFO] debug-file - Finished :entry:default@ProcessStartupConfig... after 2 ms 
[2026-03-28T08:12:51.399] [DEBUG] debug-file - Executing task :entry:default@BuildNativeWithNinja
[2026-03-28T08:12:51.400] [DEBUG] debug-file - entry : default@BuildNativeWithNinja cost memory 0.02654266357421875
[2026-03-28T08:12:51.400] [DEBUG] debug-file - runTaskFromQueue task cost before running: 1 s 961 ms 
[2026-03-28T08:12:51.401] [INFO] debug-file - Finished :entry:default@BuildNativeWithNinja... after 1 ms 
[2026-03-28T08:12:51.402] [DEBUG] debug-file - restool module names: entry; moduleName=entry, taskName=default@ProcessResource
[2026-03-28T08:12:51.404] [DEBUG] debug-file - Executing task :entry:default@ProcessResource
[2026-03-28T08:12:51.404] [DEBUG] debug-file - Task 'entry:default@ProcessResource' cost while wrapping incremental declarations: 1 ms 
[2026-03-28T08:12:51.404] [DEBUG] debug-file - entry:default@ProcessResource is not up-to-date, since the output file 'D:\HMAPPTEST\LiubaiNovel-ReReader\entry\build\default\intermediates\res\default\resConfig.json' does not exist.
[2026-03-28T08:12:51.404] [DEBUG] debug-file - Incremental task entry:default@ProcessResource pre-execution cost: 1 ms .
[2026-03-28T08:12:51.405] [DEBUG] debug-file - entry : default@ProcessResource cost memory 0.137237548828125
[2026-03-28T08:12:51.406] [DEBUG] debug-file - runTaskFromQueue task cost before running: 1 s 966 ms 
[2026-03-28T08:12:51.407] [INFO] debug-file - Finished :entry:default@ProcessResource... after 3 ms 
[2026-03-28T08:12:51.409] [DEBUG] debug-file - Executing task :entry:default@GenerateLoaderJson
[2026-03-28T08:12:51.409] [DEBUG] debug-file - Task 'entry:default@GenerateLoaderJson' cost while wrapping incremental declarations: 1 ms 
[2026-03-28T08:12:51.413] [DEBUG] debug-file - entry:default@GenerateLoaderJson is not up-to-date, since the input file 'D:\HMAPPTEST\LiubaiNovel-ReReader\entry\build\default\intermediates\router_map\default\temp-router-map.json' has been changed.
[2026-03-28T08:12:51.413] [DEBUG] debug-file - Incremental task entry:default@GenerateLoaderJson pre-execution cost: 2 ms .
[2026-03-28T08:12:51.415] [DEBUG] debug-file - entry : default@GenerateLoaderJson cost memory 0.347198486328125
[2026-03-28T08:12:51.415] [DEBUG] debug-file - runTaskFromQueue task cost before running: 1 s 975 ms 
[2026-03-28T08:12:51.416] [INFO] debug-file - Finished :entry:default@GenerateLoaderJson... after 7 ms 
[2026-03-28T08:12:51.417] [DEBUG] debug-file - Executing task :entry:default@ProcessLibs
[2026-03-28T08:12:51.419] [DEBUG] debug-file - entry:default@ProcessLibs is not up-to-date, since the output file 'D:\HMAPPTEST\LiubaiNovel-ReReader\entry\build\default\intermediates\libs\default' does not exist.
[2026-03-28T08:12:51.419] [DEBUG] debug-file - Incremental task entry:default@ProcessLibs pre-execution cost: 1 ms .
[2026-03-28T08:12:51.422] [DEBUG] debug-file - Worker dispatch failed, running processLibs on main thread.
[2026-03-28T08:12:51.423] [DEBUG] debug-file - entry : default@ProcessLibs cost memory 0.320709228515625
[2026-03-28T08:12:51.423] [DEBUG] debug-file - runTaskFromQueue task cost before running: 1 s 984 ms 
[2026-03-28T08:12:51.424] [INFO] debug-file - Finished :entry:default@ProcessLibs... after 7 ms 
[2026-03-28T08:12:51.425] [DEBUG] debug-file - restool module names: entry; moduleName=entry, taskName=default@CompileResource
[2026-03-28T08:12:51.426] [DEBUG] debug-file - Executing task :entry:default@CompileResource
[2026-03-28T08:12:51.438] [DEBUG] debug-file - entry:default@CompileResource is not up-to-date, since the input file 'D:\HMAPPTEST\LiubaiNovel-ReReader\entry\build\default\intermediates\process_profile\default\module.json' has been changed.
[2026-03-28T08:12:51.439] [DEBUG] debug-file - Incremental task entry:default@CompileResource pre-execution cost: 11 ms .
[2026-03-28T08:12:51.441] [DEBUG] debug-file - Use tool [D:\Program Files\Huawei\DevEco Studio\sdk\default\openharmony\toolchains\restool.exe]
 [
  'D:\\Program Files\\Huawei\\DevEco Studio\\sdk\\default\\openharmony\\toolchains\\restool.exe',
  '-l',
  'D:\\HMAPPTEST\\LiubaiNovel-ReReader\\entry\\build\\default\\intermediates\\res\\default\\resConfig.json'
]
[2026-03-28T08:12:51.442] [DEBUG] debug-file - current process  memoryUsage: {
  rss: 211787776,
  heapTotal: 156925952,
  heapUsed: 129665672,
  external: 3257274,
  arrayBuffers: 229636
} os memoryUsage :15.340320587158203
[2026-03-28T08:12:55.119] [DEBUG] debug-file - Info: Pack: normal pack mode

[2026-03-28T08:12:55.183] [DEBUG] debug-file - Info: hardware concurrency count is : 16
Info: thread count is : 16

[2026-03-28T08:12:55.183] [DEBUG] debug-file - Info: thread pool is started

[2026-03-28T08:12:55.186] [DEBUG] debug-file - Info: GenericCompiler::CompileFiles

[2026-03-28T08:12:55.195] [DEBUG] debug-file - Info: GenericCompiler::CompileFiles

[2026-03-28T08:12:55.196] [DEBUG] debug-file - Warning: 'D:\HMAPPTEST\LiubaiNovel-ReReader\entry\src\main\resources\base\media\background.png' is defined repeatedly.

[2026-03-28T08:12:55.199] [DEBUG] debug-file - Warning: 'D:\HMAPPTEST\LiubaiNovel-ReReader\entry\src\main\resources\base\media\foreground.png' is defined repeatedly.

[2026-03-28T08:12:55.204] [DEBUG] debug-file - Warning: 'D:\HMAPPTEST\LiubaiNovel-ReReader\entry\src\main\resources\base\media\layered_image.json' is defined repeatedly.

[2026-03-28T08:12:55.220] [DEBUG] debug-file - Info: GenericCompiler::CompileFiles

[2026-03-28T08:12:55.225] [DEBUG] debug-file - 03-28 08:12:55.225 652928 1915120 E C01400/ImageTranscoderUtils: DecodeToRGBA IN

[2026-03-28T08:12:55.225] [DEBUG] debug-file - 03-28 08:12:55.225 652928 1915120 E C01400/ImageTranscoderUtils: ImageFilter IN D:\HMAPPTEST\LiubaiNovel-ReReader\AppScope\resources\base\media\background.png

[2026-03-28T08:12:55.283] [DEBUG] debug-file - 03-28 08:12:55.283 652928 1915120 E C01400/ImageTranscoderUtils: DecodeToRGBA IN
03-28 08:12:55.283 652928 1915120 E C01400/ImageTranscoderUtils: ImageFilter IN D:\HMAPPTEST\LiubaiNovel-ReReader\AppScope\resources\base\media\foreground.png

[2026-03-28T08:12:55.330] [DEBUG] debug-file - Info: can't scale media json file.

[2026-03-28T08:12:55.331] [DEBUG] debug-file - Warning: The width or height of the png file referenced by the icon exceeds the limit (41 pixels)
at D:\HMAPPTEST\LiubaiNovel-ReReader\AppScope\resources\base\media\background.png

[2026-03-28T08:12:55.331] [DEBUG] debug-file - Warning: The width or height of the png file referenced by the icon exceeds the limit (41 pixels)
at D:\HMAPPTEST\LiubaiNovel-ReReader\AppScope\resources\base\media\foreground.png
Warning: D:\HMAPPTEST\LiubaiNovel-ReReader\AppScope\resources\base\media\layered_image.json is not png format

[2026-03-28T08:12:55.332] [DEBUG] debug-file - Info: restool resources compile success.

[2026-03-28T08:12:55.333] [DEBUG] debug-file - Info: thread pool is stopped

[2026-03-28T08:12:55.460] [DEBUG] debug-file - entry : default@CompileResource cost memory 1.5864105224609375
[2026-03-28T08:12:55.460] [DEBUG] debug-file - runTaskFromQueue task cost before running: 6 s 20 ms 
[2026-03-28T08:12:55.461] [INFO] debug-file - Finished :entry:default@CompileResource... after 4 s 34 ms 
[2026-03-28T08:12:55.462] [DEBUG] debug-file - Executing task :entry:default@DoNativeStrip
[2026-03-28T08:12:55.462] [DEBUG] debug-file - Task 'entry:default@DoNativeStrip' cost while wrapping incremental declarations: 1 ms 
[2026-03-28T08:12:55.462] [DEBUG] debug-file - entry:default@DoNativeStrip is not up-to-date, since the output file 'D:\HMAPPTEST\LiubaiNovel-ReReader\entry\build\default\intermediates\stripped_native_libs\default' does not exist.
[2026-03-28T08:12:55.462] [DEBUG] debug-file - Incremental task entry:default@DoNativeStrip pre-execution cost: 1 ms .
[2026-03-28T08:12:55.471] [DEBUG] debug-file - entry : default@DoNativeStrip cost memory 0.0928802490234375
[2026-03-28T08:12:55.471] [DEBUG] debug-file - runTaskFromQueue task cost before running: 6 s 31 ms 
[2026-03-28T08:12:55.471] [INFO] debug-file - Finished :entry:default@DoNativeStrip... after 10 ms 
[2026-03-28T08:12:55.472] [DEBUG] debug-file - Executing task :entry:default@CompileArkTS
[2026-03-28T08:12:55.473] [DEBUG] debug-file - obfuscationOptions: undefined
[2026-03-28T08:12:55.474] [DEBUG] debug-file - Task 'entry:default@CompileArkTS' cost while wrapping incremental declarations: 1 ms 
[2026-03-28T08:12:55.483] [DEBUG] debug-file - build config:
[2026-03-28T08:12:55.484] [DEBUG] debug-file - {
  moduleType: 'entry',
  perf: 0,
  targetName: '.default',
  packageManagerType: 'ohpm',
  localPropertiesPath: 'D:\\HMAPPTEST\\LiubaiNovel-ReReader\\local.properties',
  isPreview: false,
  isOhosTest: false,
  isLocalTest: false,
  buildMode: 'Debug',
  hotReloadBuild: undefined,
  watchMode: 'false',
  aceProfilePath: 'D:\\HMAPPTEST\\LiubaiNovel-ReReader\\entry\\build\\default\\intermediates\\res\\default\\resources\\base\\profile',
  etsLoaderPath: 'D:\\Program Files\\Huawei\\DevEco Studio\\sdk\\default\\openharmony\\ets\\build-tools\\ets-loader',
  modulePath: 'D:\\HMAPPTEST\\LiubaiNovel-ReReader\\entry',
  testFrameworkPar: {
    testMode: undefined,
    coveragePathFilter: undefined,
    coverageMode: undefined
  },
  needCoverageInsert: false,
  debugLine: false,
  projectTopDir: 'D:\\HMAPPTEST\\LiubaiNovel-ReReader',
  compileSdkVersion: 22,
  compatibleSdkVersion: 16,
  originCompatibleSdkVersion: '5.0.4(16)',
  compatibleSdkVersionStage: undefined,
  bundleName: 'l***s',
  etsLoaderVersion: '6.0.2.130',
  etsLoaderReleaseType: 'Release',
  aotCompileMode: 'type',
  apPath: 'D:\\HMAPPTEST\\LiubaiNovel-ReReader\\entry\\modules.ap',
  entryModuleName: 'entry',
  entryModuleVersion: '1.0.0',
  entryPackageName: 'entry',
  allModuleNameHash: 'a11a1993f991714b0f6cbd939f95a832900df08bf6034ee64e8c9c7fd5263465',
  externalApiPaths: [
    'D:\\Program Files\\Huawei\\DevEco Studio\\sdk\\default\\hms\\ets'
  ],
  compilerTypes: [],
  isCrossplatform: false,
  hvigorPluginFile: undefined,
  compilePluginPath: undefined,
  buildGeneratedProfilePath: 'D:\\HMAPPTEST\\LiubaiNovel-ReReader\\entry\\build\\default\\generated\\profile\\default',
  bundleType: 'app',
  arkTSVersion: undefined,
  apiVersion: 22,
  needCompleteSourcesMap: false,
  isFaMode: false,
  buildDir: 'D:\\HMAPPTEST\\LiubaiNovel-ReReader\\entry\\build',
  deviceTypes: [ 'phone', 'tablet', '2in1' ],
  pkgContextInfo: undefined,
  ohPackagePathMap: {},
  dependencyAliasMap: {},
  permission: {
    requestPermissions: [ [Object], [Object], [Object], [Object], [Object] ],
    definePermissions: undefined
  },
  useGetCurrentBundleName: false,
  projectArkOption: undefined,
  sourceMapDir: undefined,
  branchElimination: false,
  transformLib: undefined,
  tsImportSendable: false,
  resolveConflictMode: true,
  depName2RootPath: {},
  depName2DepInfo: {},
  rootPathSet: [ 'D:\\HMAPPTEST\\LiubaiNovel-ReReader' ],
  useNativeResolver: true,
  shouldEmitJs: true,
  useTscResolve: false,
  singleFileEmit: false,
  userProjectConfig: {
    autoLazyImport: false,
    allowEmptyBundleName: false,
    reExportCheckMode: 'noCheck',
    executionMode: 'memory',
    usePathPlaceholder: false,
    writeRollupCache: true,
    isExpandImportEnabled: false,
    expandImportExclude: '',
    lazyImportExclude: '',
    lazyImportInclude: '',
    ignoreCrossplatformCheck: false,
    isHarDeduplicateEnabled: false,
    skipOhModulesLint: false,
    enableStrictCheckOHModule: false,
    disableSendableCheckRules: [],
    useDeclarationFileSignature: false,
    customizedOptions: undefined,
    integratedHsp: false,
    isPreloadSoEnabled: false
  },
  executionMode: 'memory',
  arkCompileCachePath: 'D:\\HMAPPTEST\\LiubaiNovel-ReReader\\entry\\build\\default\\cache\\default\\default@CompileArkTS\\esmodule',
  autoLazyFilter: undefined,
  isHarDeduplicateEnabled: false,
  intermediateHarDuplicateDirPath: 'D:\\HMAPPTEST\\LiubaiNovel-ReReader\\entry\\build\\default\\intermediates\\har_duplicate\\default',
  autoLazyImport: false,
  allowEmptyBundleName: false,
  reExportCheckMode: 'noCheck',
  usePathPlaceholder: false,
  writeRollupCache: true,
  isExpandImportEnabled: false,
  expandImportExclude: '',
  lazyImportExclude: '',
  lazyImportInclude: '',
  ignoreCrossplatformCheck: false,
  skipOhModulesLint: false,
  enableStrictCheckOHModule: false,
  disableSendableCheckRules: [],
  useDeclarationFileSignature: false,
  customizedOptions: undefined,
  integratedHsp: false,
  isPreloadSoEnabled: false,
  strictMode: undefined,
  useNormalizedOHMUrl: false,
  caseSensitiveCheck: false,
  aceModuleJsonPath: 'D:\\HMAPPTEST\\LiubaiNovel-ReReader\\entry\\build\\default\\intermediates\\res\\default\\ark_module.json',
  appResource: 'D:\\HMAPPTEST\\LiubaiNovel-ReReader\\entry\\build\\default\\intermediates\\res\\default\\ResourceTable.txt',
  rawFileResource: 'D:\\HMAPPTEST\\LiubaiNovel-ReReader\\entry\\build\\default\\intermediates\\res\\default\\resources\\rawfile',
  resourceTableHash: 'e96af14888fd3dfa95c7e44cb08959be069ee2f68010bf67dcbfa9c950f41361',
  runtimeOS: 'HarmonyOS',
  sdkInfo: 'false:22:6.0.2.130:Release',
  aceModuleRoot: 'D:\\HMAPPTEST\\LiubaiNovel-ReReader\\entry\\src\\main\\ets',
  compileMode: 'esmodule',
  aceSuperVisualPath: 'D:\\HMAPPTEST\\LiubaiNovel-ReReader\\entry\\src\\main\\supervisual',
  aceBuildJson: 'D:\\HMAPPTEST\\LiubaiNovel-ReReader\\entry\\build\\default\\intermediates\\loader\\default\\loader.json',
  cachePath: 'D:\\HMAPPTEST\\LiubaiNovel-ReReader\\entry\\build\\default\\cache\\default\\default@CompileArkTS\\esmodule\\debug',
  aceModuleBuild: 'D:\\HMAPPTEST\\LiubaiNovel-ReReader\\entry\\build\\default\\intermediates\\loader_out\\default\\ets',
  supportChunks: true,
  declaredFilesPath: undefined,
  shouldCollectDirectImportees: false,
  isByteCodeHarOptimize: false,
  expandImportPath: undefined,
  pkgNameToPkgBriefInfo: {
    entry: {
      pkgRoot: 'D:\\HMAPPTEST\\LiubaiNovel-ReReader\\entry',
      originalSourceRoots: undefined,
      sourceRoots: [Array],
      pkgName: 'entry'
    }
  },
  projectModel: {
    'D:\\HMAPPTEST\\LiubaiNovel-ReReader\\entry\\src\\main': {
      moduleName: 'entry',
      modulePkgPath: 'D:\\HMAPPTEST\\LiubaiNovel-ReReader\\entry',
      belongProjectPath: 'D:\\HMAPPTEST\\LiubaiNovel-ReReader'
    },
    'D:\\HMAPPTEST\\LiubaiNovel-ReReader\\entry': {
      moduleName: 'entry',
      modulePkgPath: 'D:\\HMAPPTEST\\LiubaiNovel-ReReader\\entry',
      belongProjectPath: 'D:\\HMAPPTEST\\LiubaiNovel-ReReader'
    },
    'D:\\HMAPPTEST\\LiubaiNovel-ReReader': {
      moduleName: 'LiubaiNovel-ReReader',
      modulePkgPath: 'D:\\HMAPPTEST\\LiubaiNovel-ReReader',
      belongProjectPath: 'D:\\HMAPPTEST\\LiubaiNovel-ReReader'
    }
  },
  pkgJsonFileHash: 'a6de197493e91058a2f95b29b195d09566b5469c816481caefb54d012cea0cdb',
  allModulePaths: [ 'D:\\HMAPPTEST\\LiubaiNovel-ReReader\\entry' ],
  routerMap: {},
  obfuscationOptions: undefined,
  byteCodeHarToDependencyKeys: undefined,
  compileBlockPkg: [],
  mockParams: {
    decorator: '@MockSetup',
    packageName: '@ohos/hamock',
    etsSourceRootPath: 'src/main/ets',
    mockConfigPath: undefined,
    mockConfigKey2ModuleInfo: {},
    source2ModuleIdMap: {}
  },
  copyCodeResourceEnable: true,
  copyCodeResourceExcludes: [],
  copyCodeResourceIncludes: undefined,
  uiTransformOptimization: false,
  sdkPath: 'D:/Program Files/Huawei/DevEco Studio/sdk',
  needPreloadSoFileSet: {},
  preloadSoFilePath: 'D:\\HMAPPTEST\\LiubaiNovel-ReReader\\entry\\build\\default\\intermediates\\preload\\default\\preload.json',
  useSourceHash: false,
  localModuleParamMap: {},
  otherPaths: {
    'entry/*': [
      '..\\*',
      '..\\..\\..\\build\\default\\generated\\profile\\default\\*'
    ]
  },
  collectImportersConfig: undefined
}
[2026-03-28T08:12:55.484] [DEBUG] debug-file - Compile arkts with external api path: D:\Program Files\Huawei\DevEco Studio\sdk\default\hms\ets
[2026-03-28T08:12:55.486] [DEBUG] debug-file - default@CompileArkTS work[2] is submitted.
[2026-03-28T08:12:55.486] [DEBUG] debug-file - default@CompileArkTS work[2] is pushed to ready queue.
[2026-03-28T08:12:55.486] [DEBUG] debug-file - A work dispatched to worker[15] failed because unable to get work from ready queue.
[2026-03-28T08:12:55.486] [DEBUG] debug-file - A work dispatched to worker[14] failed because unable to get work from ready queue.
[2026-03-28T08:12:55.487] [DEBUG] debug-file - A work dispatched to worker[13] failed because unable to get work from ready queue.
[2026-03-28T08:12:55.487] [DEBUG] debug-file - A work dispatched to worker[12] failed because unable to get work from ready queue.
[2026-03-28T08:12:55.487] [DEBUG] debug-file - A work dispatched to worker[11] failed because unable to get work from ready queue.
[2026-03-28T08:12:55.487] [DEBUG] debug-file - A work dispatched to worker[10] failed because unable to get work from ready queue.
[2026-03-28T08:12:55.487] [DEBUG] debug-file - A work dispatched to worker[9] failed because unable to get work from ready queue.
[2026-03-28T08:12:55.487] [DEBUG] debug-file - A work dispatched to worker[8] failed because unable to get work from ready queue.
[2026-03-28T08:12:55.487] [DEBUG] debug-file - A work dispatched to worker[7] failed because unable to get work from ready queue.
[2026-03-28T08:12:55.487] [DEBUG] debug-file - A work dispatched to worker[6] failed because unable to get work from ready queue.
[2026-03-28T08:12:55.487] [DEBUG] debug-file - A work dispatched to worker[5] failed because unable to get work from ready queue.
[2026-03-28T08:12:55.487] [DEBUG] debug-file - Create  resident worker with id: 4.
[2026-03-28T08:12:55.488] [DEBUG] debug-file - default@CompileArkTS work[2] has been dispatched to worker[4].
[2026-03-28T08:12:55.488] [DEBUG] debug-file - default@CompileArkTS work[2] is dispatched.
[2026-03-28T08:12:55.488] [DEBUG] debug-file - CopyResources startTime: 1689652641956700
[2026-03-28T08:12:55.489] [DEBUG] debug-file - default@CompileArkTS work[3] is submitted.
[2026-03-28T08:12:55.489] [DEBUG] debug-file - default@CompileArkTS work[3] is pushed to ready queue.
[2026-03-28T08:12:55.489] [DEBUG] debug-file - A work dispatched to worker[15] failed because unable to get work from ready queue.
[2026-03-28T08:12:55.489] [DEBUG] debug-file - Create  resident worker with id: 14.
[2026-03-28T08:12:55.489] [DEBUG] debug-file - default@CompileArkTS work[3] has been dispatched to worker[14].
[2026-03-28T08:12:55.489] [DEBUG] debug-file - default@CompileArkTS work[3] is dispatched.
[2026-03-28T08:12:55.490] [DEBUG] debug-file - entry : default@CompileArkTS cost memory 1.58599853515625
[2026-03-28T08:12:55.491] [DEBUG] debug-file - Executing task :entry:default@BuildJS
[2026-03-28T08:12:55.491] [DEBUG] debug-file - Task 'entry:default@BuildJS' cost while wrapping incremental declarations: 1 ms 
[2026-03-28T08:12:55.493] [DEBUG] debug-file - entry : default@BuildJS cost memory 0.14475250244140625
[2026-03-28T08:12:55.493] [DEBUG] debug-file - runTaskFromQueue task cost before running: 6 s 54 ms 
[2026-03-28T08:12:55.493] [INFO] debug-file - Finished :entry:default@BuildJS... after 3 ms 
[2026-03-28T08:12:55.495] [DEBUG] debug-file - Executing task :entry:default@CacheNativeLibs
[2026-03-28T08:12:55.495] [DEBUG] debug-file - Task 'entry:default@CacheNativeLibs' cost while wrapping incremental declarations: 1 ms 
[2026-03-28T08:12:55.496] [DEBUG] debug-file - entry:default@CacheNativeLibs is not up-to-date, since the output file 'D:\HMAPPTEST\LiubaiNovel-ReReader\entry\build\default\intermediates\patch\default\base_native_libs.json' does not exist.
[2026-03-28T08:12:55.496] [DEBUG] debug-file - Incremental task entry:default@CacheNativeLibs pre-execution cost: 1 ms .
[2026-03-28T08:12:55.496] [DEBUG] debug-file - default@CacheNativeLibs work[4] is submitted.
[2026-03-28T08:12:55.496] [DEBUG] debug-file - default@CacheNativeLibs work[4] is pushed to ready queue.
[2026-03-28T08:12:55.496] [DEBUG] debug-file - A work dispatched to worker[15] failed because unable to get work from ready queue.
[2026-03-28T08:12:55.496] [DEBUG] debug-file - A work dispatched to worker[14] failed because of worker busy.
[2026-03-28T08:12:55.496] [DEBUG] debug-file - Create  resident worker with id: 13.
[2026-03-28T08:12:55.497] [DEBUG] debug-file - default@CacheNativeLibs work[4] has been dispatched to worker[13].
[2026-03-28T08:12:55.497] [DEBUG] debug-file - default@CacheNativeLibs work[4] is dispatched.
[2026-03-28T08:12:55.497] [DEBUG] debug-file - entry : default@CacheNativeLibs cost memory 0.196807861328125
[2026-03-28T08:13:04.358] [DEBUG] debug-file - worker[14] has one work done.
[2026-03-28T08:13:04.358] [DEBUG] debug-file - CopyResources is end, endTime: 1689661511744100
[2026-03-28T08:13:04.358] [DEBUG] debug-file - default@CompileArkTS work[3] done.
[2026-03-28T08:13:04.359] [DEBUG] debug-file - A work dispatched to worker[14] failed because unable to get work from ready queue.
[2026-03-28T08:13:04.414] [DEBUG] debug-file - worker[13] has one work done.
[2026-03-28T08:13:04.414] [DEBUG] debug-file - default@CacheNativeLibs work[4] done.
[2026-03-28T08:13:04.414] [DEBUG] debug-file - A work dispatched to worker[13] failed because unable to get work from ready queue.
[2026-03-28T08:13:04.415] [INFO] debug-file - Finished :entry:default@CacheNativeLibs... after 8 ms 
[2026-03-28T08:13:26.046] [WARN] debug-file - [33mWARN: [33m[33mArkTS:WARN File: D:/HMAPPTEST/LiubaiNovel-ReReader/entry/src/main/ets/entryability/WindowAbility.ets:60:28
 Function may throw exceptions. Special handling is required.
[39m[39m
[33mWARN: [33m[33mArkTS:WARN File: D:/HMAPPTEST/LiubaiNovel-ReReader/entry/src/main/ets/entryability/WindowAbility.ets:62:42
 Function may throw exceptions. Special handling is required.
[39m[39m
[33mWARN: [33m[33mArkTS:WARN File: D:/HMAPPTEST/LiubaiNovel-ReReader/entry/src/main/ets/entryability/WindowAbility.ets:63:39
 Function may throw exceptions. Special handling is required.
[39m[39m
[33mWARN: [33m[33mArkTS:WARN File: D:/HMAPPTEST/LiubaiNovel-ReReader/entry/src/main/ets/entryability/WindowAbility.ets:113:5
 Function may throw exceptions. Special handling is required.
[39m[39m
[33mWARN: [33m[33mArkTS:WARN File: D:/HMAPPTEST/LiubaiNovel-ReReader/entry/src/main/ets/entryability/WindowAbility.ets:127:5
 Function may throw exceptions. Special handling is required.
[39m[39m
[33mWARN: [33m[33mArkTS:WARN File: D:/HMAPPTEST/LiubaiNovel-ReReader/entry/src/main/ets/entryability/WindowAbility.ets:140:35
 Function may throw exceptions. Special handling is required.
[39m[39m
[33mWARN: [33m[33mArkTS:WARN File: D:/HMAPPTEST/LiubaiNovel-ReReader/entry/src/main/ets/entryability/WindowAbility.ets:151:5
 Function may throw exceptions. Special handling is required.
[39m[39m
[33mWARN: [33m[33mArkTS:WARN File: D:/HMAPPTEST/LiubaiNovel-ReReader/entry/src/main/ets/utils/FileUtils.ets:43:12
 Function may throw exceptions. Special handling is required.
[39m[39m
[33mWARN: [33m[33mArkTS:WARN File: D:/HMAPPTEST/LiubaiNovel-ReReader/entry/src/main/ets/utils/FileUtils.ets:158:7
 Function may throw exceptions. Special handling is required.
[39m[39m
[33mWARN: [33m[33mArkTS:WARN File: D:/HMAPPTEST/LiubaiNovel-ReReader/entry/src/main/ets/common/LocalBookImporter.ets:87:7
 Function may throw exceptions. Special handling is required.
[39m[39m
[33mWARN: [33m[33mArkTS:WARN File: D:/HMAPPTEST/LiubaiNovel-ReReader/entry/src/main/ets/pages/Index.ets:772:12
 'pushUrl' has been deprecated.
[39m[39m
[33mWARN: [33m[33mArkTS:WARN File: D:/HMAPPTEST/LiubaiNovel-ReReader/entry/src/main/ets/pages/Index.ets:792:7
 Function may throw exceptions. Special handling is required.
[39m[39m
[33mWARN: [33m[33mArkTS:WARN File: D:/HMAPPTEST/LiubaiNovel-ReReader/entry/src/main/ets/pages/Index.ets:806:14
 'pushUrl' has been deprecated.
[39m[39m
[33mWARN: [33m[33mArkTS:WARN File: D:/HMAPPTEST/LiubaiNovel-ReReader/entry/src/main/ets/pages/Index.ets:823:7
 Function may throw exceptions. Special handling is required.
[39m[39m
[33mWARN: [33m[33mArkTS:WARN File: D:/HMAPPTEST/LiubaiNovel-ReReader/entry/src/main/ets/pages/Index.ets:848:12
 'pushUrl' has been deprecated.
[39m[39m
[33mWARN: [33m[33mArkTS:WARN File: D:/HMAPPTEST/LiubaiNovel-ReReader/entry/src/main/ets/pages/Index.ets:869:5
 Function may throw exceptions. Special handling is required.
[39m[39m
[33mWARN: [33m[33mArkTS:WARN File: D:/HMAPPTEST/LiubaiNovel-ReReader/entry/src/main/ets/pages/Index.ets:884:7
 Function may throw exceptions. Special handling is required.
[39m[39m
[33mWARN: [33m[33mArkTS:WARN File: D:/HMAPPTEST/LiubaiNovel-ReReader/entry/src/main/ets/pages/Index.ets:903:7
 Function may throw exceptions. Special handling is required.
[39m[39m
[33mWARN: [33m[33mArkTS:WARN File: D:/HMAPPTEST/LiubaiNovel-ReReader/entry/src/main/ets/pages/Index.ets:932:7
 Function may throw exceptions. Special handling is required.
[39m[39m
[33mWARN: [33m[33mArkTS:WARN File: D:/HMAPPTEST/LiubaiNovel-ReReader/entry/src/main/ets/pages/Index.ets:1012:7
 Function may throw exceptions. Special handling is required.
[39m[39m
[33mWARN: [33m[33mArkTS:WARN File: D:/HMAPPTEST/LiubaiNovel-ReReader/entry/src/main/ets/pages/RecommendPage.ets:47:23
 'getContext' has been deprecated.
[39m[39m
[33mWARN: [33m[33mArkTS:WARN File: D:/HMAPPTEST/LiubaiNovel-ReReader/entry/src/main/ets/pages/RecommendPage.ets:214:23
 'getContext' has been deprecated.
[39m[39m
[33mWARN: [33m[33mArkTS:WARN File: D:/HMAPPTEST/LiubaiNovel-ReReader/entry/src/main/ets/pages/RecommendPage.ets:234:23
 'getContext' has been deprecated.
[39m[39m
[33mWARN: [33m[33mArkTS:WARN File: D:/HMAPPTEST/LiubaiNovel-ReReader/entry/src/main/ets/pages/Mine.ets:44:21
 'getContext' has been deprecated.
[39m[39m
[33mWARN: [33m[33mArkTS:WARN File: D:/HMAPPTEST/LiubaiNovel-ReReader/entry/src/main/ets/pages/Mine.ets:46:24
 Function may throw exceptions. Special handling is required.
[39m[39m
[33mWARN: [33m[33mArkTS:WARN File: D:/HMAPPTEST/LiubaiNovel-ReReader/entry/src/main/ets/pages/BookSourcePage.ets:216:29
 'getParams' has been deprecated.
[39m[39m
[33mWARN: [33m[33mArkTS:WARN File: D:/HMAPPTEST/LiubaiNovel-ReReader/entry/src/main/ets/pages/BookSourcePage.ets:257:7
 Function may throw exceptions. Special handling is required.
[39m[39m
[33mWARN: [33m[33mArkTS:WARN File: D:/HMAPPTEST/LiubaiNovel-ReReader/entry/src/main/ets/pages/BookSourcePage.ets:291:7
 Function may throw exceptions. Special handling is required.
[39m[39m
[33mWARN: [33m[33mArkTS:WARN File: D:/HMAPPTEST/LiubaiNovel-ReReader/entry/src/main/ets/pages/BookSourcePage.ets:303:23
 'getContext' has been deprecated.
[39m[39m
[33mWARN: [33m[33mArkTS:WARN File: D:/HMAPPTEST/LiubaiNovel-ReReader/entry/src/main/ets/pages/BookSourcePage.ets:312:7
 Function may throw exceptions. Special handling is required.
[39m[39m
[33mWARN: [33m[33mArkTS:WARN File: D:/HMAPPTEST/LiubaiNovel-ReReader/entry/src/main/ets/pages/BookSourcePage.ets:385:37
 'decode' has been deprecated.
[39m[39m
[33mWARN: [33m[33mArkTS:WARN File: D:/HMAPPTEST/LiubaiNovel-ReReader/entry/src/main/ets/pages/BookSourcePage.ets:429:7
 Function may throw exceptions. Special handling is required.
[39m[39m
[33mWARN: [33m[33mArkTS:WARN File: D:/HMAPPTEST/LiubaiNovel-ReReader/entry/src/main/ets/pages/BookSourcePage.ets:465:7
 Function may throw exceptions. Special handling is required.
[39m[39m
[33mWARN: [33m[33mArkTS:WARN File: D:/HMAPPTEST/LiubaiNovel-ReReader/entry/src/main/ets/pages/BookSourcePage.ets:504:7
 Function may throw exceptions. Special handling is required.
[39m[39m
[33mWARN: [33m[33mArkTS:WARN File: D:/HMAPPTEST/LiubaiNovel-ReReader/entry/src/main/ets/pages/BookSourcePage.ets:525:14
 'pushUrl' has been deprecated.
[39m[39m
[33mWARN: [33m[33mArkTS:WARN File: D:/HMAPPTEST/LiubaiNovel-ReReader/entry/src/main/ets/pages/BookSourcePage.ets:544:7
 Function may throw exceptions. Special handling is required.
[39m[39m
[33mWARN: [33m[33mArkTS:WARN File: D:/HMAPPTEST/LiubaiNovel-ReReader/entry/src/main/ets/pages/BookSourcePage.ets:566:14
 'pushUrl' has been deprecated.
[39m[39m
[33mWARN: [33m[33mArkTS:WARN File: D:/HMAPPTEST/LiubaiNovel-ReReader/entry/src/main/ets/pages/BookSourceEditPage.ets:159:29
 'getParams' has been deprecated.
[39m[39m
[33mWARN: [33m[33mArkTS:WARN File: D:/HMAPPTEST/LiubaiNovel-ReReader/entry/src/main/ets/pages/BookSourceEditPage.ets:331:14
 'replaceUrl' has been deprecated.
[39m[39m
[33mWARN: [33m[33mArkTS:WARN File: D:/HMAPPTEST/LiubaiNovel-ReReader/entry/src/main/ets/pages/BookSourceEditPage.ets:342:16
 'back' has been deprecated.
[39m[39m
[33mWARN: [33m[33mArkTS:WARN File: D:/HMAPPTEST/LiubaiNovel-ReReader/entry/src/main/ets/pages/BookSourceEditPage.ets:347:14
 'back' has been deprecated.
[39m[39m
[33mWARN: [33m[33mArkTS:WARN File: D:/HMAPPTEST/LiubaiNovel-ReReader/entry/src/main/ets/pages/BookSourceEditPage.ets:355:12
 'back' has been deprecated.
[39m[39m
[33mWARN: [33m[33mArkTS:WARN File: D:/HMAPPTEST/LiubaiNovel-ReReader/entry/src/main/ets/pages/BookDetailPage.ets:65:29
 'getParams' has been deprecated.
[39m[39m
[33mWARN: [33m[33mArkTS:WARN File: D:/HMAPPTEST/LiubaiNovel-ReReader/entry/src/main/ets/pages/BookDetailPage.ets:278:7
 Function may throw exceptions. Special handling is required.
[39m[39m
[33mWARN: [33m[33mArkTS:WARN File: D:/HMAPPTEST/LiubaiNovel-ReReader/entry/src/main/ets/pages/BookDetailPage.ets:335:9
 Function may throw exceptions. Special handling is required.
[39m[39m
[33mWARN: [33m[33mArkTS:WARN File: D:/HMAPPTEST/LiubaiNovel-ReReader/entry/src/main/ets/pages/BookDetailPage.ets:343:12
 'pushUrl' has been deprecated.
[39m[39m
[33mWARN: [33m[33mArkTS:WARN File: D:/HMAPPTEST/LiubaiNovel-ReReader/entry/src/main/ets/pages/BookDetailPage.ets:373:12
 'pushUrl' has been deprecated.
[39m[39m
[33mWARN: [33m[33mArkTS:WARN File: D:/HMAPPTEST/LiubaiNovel-ReReader/entry/src/main/ets/pages/BookDetailPage.ets:471:7
 Function may throw exceptions. Special handling is required.
[39m[39m
[33mWARN: [33m[33mArkTS:WARN File: D:/HMAPPTEST/LiubaiNovel-ReReader/entry/src/main/ets/pages/BookDetailPage.ets:481:12
 'back' has been deprecated.
[39m[39m
[33mWARN: [33m[33mArkTS:WARN File: D:/HMAPPTEST/LiubaiNovel-ReReader/entry/src/main/ets/reader/providers/EpubParser.ets:173:11
 Function may throw exceptions. Special handling is required.
[39m[39m
[33mWARN: [33m[33mArkTS:WARN File: D:/HMAPPTEST/LiubaiNovel-ReReader/entry/src/main/ets/reader/providers/EpubParser.ets:411:18
 Function may throw exceptions. Special handling is required.
[39m[39m
[33mWARN: [33m[33mArkTS:WARN File: D:/HMAPPTEST/LiubaiNovel-ReReader/entry/src/main/ets/reader/providers/EpubParser.ets:412:18
 Function may throw exceptions. Special handling is required.
[39m[39m
[33mWARN: [33m[33mArkTS:WARN File: D:/HMAPPTEST/LiubaiNovel-ReReader/entry/src/main/ets/reader/providers/EpubParser.ets:414:5
 Function may throw exceptions. Special handling is required.
[39m[39m
[33mWARN: [33m[33mArkTS:WARN File: D:/HMAPPTEST/LiubaiNovel-ReReader/entry/src/main/ets/reader/providers/EpubParser.ets:415:5
 Function may throw exceptions. Special handling is required.
[39m[39m
[33mWARN: [33m[33mArkTS:WARN File: D:/HMAPPTEST/LiubaiNovel-ReReader/entry/src/main/ets/reader/providers/LocalBookProvider.ets:183:18
 Function may throw exceptions. Special handling is required.
[39m[39m
[33mWARN: [33m[33mArkTS:WARN File: D:/HMAPPTEST/LiubaiNovel-ReReader/entry/src/main/ets/reader/providers/LocalBookProvider.ets:184:18
 Function may throw exceptions. Special handling is required.
[39m[39m
[33mWARN: [33m[33mArkTS:WARN File: D:/HMAPPTEST/LiubaiNovel-ReReader/entry/src/main/ets/reader/providers/LocalBookProvider.ets:186:5
 Function may throw exceptions. Special handling is required.
[39m[39m
[33mWARN: [33m[33mArkTS:WARN File: D:/HMAPPTEST/LiubaiNovel-ReReader/entry/src/main/ets/reader/providers/LocalBookProvider.ets:187:5
 Function may throw exceptions. Special handling is required.
[39m[39m
[33mWARN: [33m[33mArkTS:WARN File: D:/HMAPPTEST/LiubaiNovel-ReReader/entry/src/main/ets/reader/tts/TTSController.ets:324:5
 Function may throw exceptions. Special handling is required.
[39m[39m
[33mWARN: [33m[33mArkTS:WARN File: D:/HMAPPTEST/LiubaiNovel-ReReader/entry/src/main/ets/pages/UnifiedReaderPage.ets:140:21
 'getContext' has been deprecated.
[39m[39m
[33mWARN: [33m[33mArkTS:WARN File: D:/HMAPPTEST/LiubaiNovel-ReReader/entry/src/main/ets/pages/UnifiedReaderPage.ets:155:27
 'getParams' has been deprecated.
[39m[39m
[33mWARN: [33m[33mArkTS:WARN File: D:/HMAPPTEST/LiubaiNovel-ReReader/entry/src/main/ets/pages/UnifiedReaderPage.ets:316:39
 'back' has been deprecated.
[39m[39m
[33mWARN: [33m[33mArkTS:WARN File: D:/HMAPPTEST/LiubaiNovel-ReReader/entry/src/main/ets/pages/UnifiedReaderPage.ets:411:20
 'back' has been deprecated.
[39m[39m
[33mWARN: [33m[33mArkTS:WARN File: D:/HMAPPTEST/LiubaiNovel-ReReader/entry/src/main/ets/pages/UnifiedReaderPage.ets:448:22
 'pushUrl' has been deprecated.
[39m[39m
[33mWARN: [33m[33mArkTS:WARN File: D:/HMAPPTEST/LiubaiNovel-ReReader/entry/src/main/ets/pages/UnifiedReaderPage.ets:871:7
 Function may throw exceptions. Special handling is required.
[39m[39m
[33mWARN: [33m[33mArkTS:WARN File: D:/HMAPPTEST/LiubaiNovel-ReReader/entry/src/main/ets/pages/UnifiedReaderPage.ets:871:20
 'showToast' has been deprecated.
[39m[39m
[33mWARN: [33m[33mArkTS:WARN File: D:/HMAPPTEST/LiubaiNovel-ReReader/entry/src/main/ets/pages/UnifiedReaderPage.ets:881:7
 Function may throw exceptions. Special handling is required.
[39m[39m
[33mWARN: [33m[33mArkTS:WARN File: D:/HMAPPTEST/LiubaiNovel-ReReader/entry/src/main/ets/pages/UnifiedReaderPage.ets:881:20
 'showToast' has been deprecated.
[39m[39m
[33mWARN: [33m[33mArkTS:WARN File: D:/HMAPPTEST/LiubaiNovel-ReReader/entry/src/main/ets/pages/UnifiedReaderPage.ets:905:22
 'showToast' has been deprecated.
[39m[39m

[2026-03-28T08:13:26.047] [DEBUG] debug-file - Ark compile task finished.finished time is 1689683200451000
[2026-03-28T08:13:26.048] [DEBUG] debug-file - worker[4] has one work done.
[2026-03-28T08:13:26.050] [DEBUG] debug-file - default@CompileArkTS work[2] done.
[2026-03-28T08:13:26.050] [DEBUG] debug-file - A work dispatched to worker[4] failed because unable to get work from ready queue.
[2026-03-28T08:13:26.051] [INFO] debug-file - Finished :entry:default@CompileArkTS... after 12 s 860 ms 
[2026-03-28T08:13:26.052] [DEBUG] debug-file - Executing task :entry:default@GeneratePkgModuleJson
[2026-03-28T08:13:26.052] [DEBUG] debug-file - File: 'D:\HMAPPTEST\LiubaiNovel-ReReader\entry\build\default\intermediates\preload\default\preload.json' from 'preloadSoJsonPath' is not exists, just ignore.
[2026-03-28T08:13:26.053] [DEBUG] debug-file - Error occurs while handling @Input 'shouldDeduplicateHar': The "data" argument must be of type string or an instance of Buffer, TypedArray, or DataView. Received undefined
[2026-03-28T08:13:26.053] [DEBUG] debug-file - Task 'entry:default@GeneratePkgModuleJson' cost while wrapping incremental declarations: 1 ms 
[2026-03-28T08:13:26.053] [DEBUG] debug-file - entry:default@GeneratePkgModuleJson is not up-to-date, since the input file 'D:\HMAPPTEST\LiubaiNovel-ReReader\entry\build\default\intermediates\res\default\module.json' has been changed.
[2026-03-28T08:13:26.053] [DEBUG] debug-file - Incremental task entry:default@GeneratePkgModuleJson pre-execution cost: 1 ms .
[2026-03-28T08:13:26.055] [DEBUG] debug-file - entry : default@GeneratePkgModuleJson cost memory 0.21669769287109375
[2026-03-28T08:13:26.055] [DEBUG] debug-file - runTaskFromQueue task cost before running: 36 s 615 ms 
[2026-03-28T08:13:26.055] [INFO] debug-file - Finished :entry:default@GeneratePkgModuleJson... after 3 ms 
[2026-03-28T08:13:26.056] [DEBUG] debug-file - Executing task :entry:default@ProcessCompiledResources
[2026-03-28T08:13:26.056] [DEBUG] debug-file - File: 'D:\HMAPPTEST\LiubaiNovel-ReReader\entry\build\default\intermediates\preload\default\preload.json' from 'preloadSoJsonPath' is not exists, just ignore.
[2026-03-28T08:13:26.056] [DEBUG] debug-file - Task 'entry:default@ProcessCompiledResources' cost while wrapping incremental declarations: 1 ms 
[2026-03-28T08:13:26.056] [DEBUG] debug-file - entry : default@ProcessCompiledResources cost memory 0.05753326416015625
[2026-03-28T08:13:26.056] [DEBUG] debug-file - runTaskFromQueue task cost before running: 36 s 617 ms 
[2026-03-28T08:13:26.056] [INFO] debug-file - Finished :entry:default@ProcessCompiledResources... after 1 ms 
[2026-03-28T08:13:26.058] [DEBUG] debug-file - Executing task :entry:default@PackageHap
[2026-03-28T08:13:26.061] [DEBUG] debug-file - entry:default@PackageHap is not up-to-date, since the input file 'D:\HMAPPTEST\LiubaiNovel-ReReader\entry\build\default\intermediates\res\default\module.json' has been changed.
[2026-03-28T08:13:26.061] [DEBUG] debug-file - Incremental task entry:default@PackageHap pre-execution cost: 2 ms .
[2026-03-28T08:13:26.062] [DEBUG] debug-file - Use tool [D:\Program Files\Huawei\DevEco Studio\sdk\default\openharmony\toolchains\lib\app_packing_tool.jar]
 [
  'java',
  '-Dfile.encoding=GBK',
  '-jar',
  'D:\\Program Files\\Huawei\\DevEco Studio\\sdk\\default\\openharmony\\toolchains\\lib\\app_packing_tool.jar',
  '--mode',
  'hap',
  '--force',
  'true',
  '--lib-path',
  'D:\\HMAPPTEST\\LiubaiNovel-ReReader\\entry\\build\\default\\intermediates\\stripped_native_libs\\default',
  '--json-path',
  'D:\\HMAPPTEST\\LiubaiNovel-ReReader\\entry\\build\\default\\intermediates\\package\\default\\module.json',
  '--resources-path',
  'D:\\HMAPPTEST\\LiubaiNovel-ReReader\\entry\\build\\default\\intermediates\\res\\default\\resources',
  '--index-path',
  'D:\\HMAPPTEST\\LiubaiNovel-ReReader\\entry\\build\\default\\intermediates\\res\\default\\resources.index',
  '--pack-info-path',
  'D:\\HMAPPTEST\\LiubaiNovel-ReReader\\entry\\build\\default\\outputs\\default\\pack.info',
  '--out-path',
  'D:\\HMAPPTEST\\LiubaiNovel-ReReader\\entry\\build\\default\\outputs\\default\\entry-default-unsigned.hap',
  '--ets-path',
  'D:\\HMAPPTEST\\LiubaiNovel-ReReader\\entry\\build\\default\\intermediates\\loader_out\\default\\ets'
]
[2026-03-28T08:13:26.472] [DEBUG] debug-file - java daemon socket received message:{"code":0,"message":"pack success"}
[2026-03-28T08:13:26.478] [DEBUG] debug-file - entry : default@PackageHap cost memory -11.407615661621094
[2026-03-28T08:13:26.478] [DEBUG] debug-file - runTaskFromQueue task cost before running: 37 s 39 ms 
[2026-03-28T08:13:26.480] [INFO] debug-file - Finished :entry:default@PackageHap... after 421 ms 
[2026-03-28T08:13:26.481] [DEBUG] debug-file - Executing task :entry:default@PackingCheck
[2026-03-28T08:13:26.487] [DEBUG] debug-file - entry : default@PackingCheck cost memory 0.84271240234375
[2026-03-28T08:13:26.487] [DEBUG] debug-file - runTaskFromQueue task cost before running: 37 s 47 ms 
[2026-03-28T08:13:26.487] [INFO] debug-file - Finished :entry:default@PackingCheck... after 7 ms 
[2026-03-28T08:13:26.489] [DEBUG] debug-file - Executing task :entry:default@SignHap
[2026-03-28T08:13:26.491] [DEBUG] debug-file - entry:default@SignHap is not up-to-date, since the input file 'D:\HMAPPTEST\LiubaiNovel-ReReader\entry\build\default\outputs\default\entry-default-unsigned.hap' has been changed.
[2026-03-28T08:13:26.491] [DEBUG] debug-file - Incremental task entry:default@SignHap pre-execution cost: 2 ms .
[2026-03-28T08:13:26.512] [DEBUG] debug-file - java daemon socket close code:1000 reason:close by user
[2026-03-28T08:13:27.241] [DEBUG] debug-file - java daemon socket received message:{"code":0,"message":"verify profile success"}
[2026-03-28T08:13:27.244] [DEBUG] debug-file - java daemon socket close code:1000 reason:close by user
[2026-03-28T08:13:27.538] [DEBUG] debug-file - java daemon socket received message:{"code":0,"message":"sign app success"}
[2026-03-28T08:13:27.539] [DEBUG] debug-file - entry : default@SignHap cost memory 0.6934051513671875
[2026-03-28T08:13:27.539] [DEBUG] debug-file - runTaskFromQueue task cost before running: 38 s 100 ms 
[2026-03-28T08:13:27.540] [INFO] debug-file - Finished :entry:default@SignHap... after 1 s 51 ms 
[2026-03-28T08:13:27.542] [DEBUG] debug-file - Executing task :entry:default@CollectDebugSymbol
[2026-03-28T08:13:27.543] [DEBUG] debug-file - entry : default@CollectDebugSymbol cost memory 0.089385986328125
[2026-03-28T08:13:27.543] [DEBUG] debug-file - runTaskFromQueue task cost before running: 38 s 103 ms 
[2026-03-28T08:13:27.543] [INFO] debug-file - Finished :entry:default@CollectDebugSymbol... after 2 ms 
[2026-03-28T08:13:27.543] [DEBUG] debug-file - Executing task :entry:assembleHap
[2026-03-28T08:13:27.543] [DEBUG] debug-file - entry : assembleHap cost memory 0.0150604248046875
[2026-03-28T08:13:27.544] [DEBUG] debug-file - runTaskFromQueue task cost before running: 38 s 104 ms 
[2026-03-28T08:13:27.544] [INFO] debug-file - Finished :entry:assembleHap... after 1 ms 
[2026-03-28T08:13:28.409] [INFO] debug-file - BUILD SUCCESSFUL in 38 s 969 ms 
[2026-03-28T08:13:28.409] [DEBUG] debug-file - Update task entry:default@PreBuild input file:D:\HMAPPTEST\LiubaiNovel-ReReader\AppScope\app.json5 cache by regenerate.
[2026-03-28T08:13:28.410] [DEBUG] debug-file - Update task entry:default@PreBuild input file:D:\HMAPPTEST\LiubaiNovel-ReReader\entry\src\main\module.json5 cache by regenerate.
[2026-03-28T08:13:28.410] [DEBUG] debug-file - Update task entry:default@PreBuild input file:D:\HMAPPTEST\LiubaiNovel-ReReader\build-profile.json5 cache by regenerate.
[2026-03-28T08:13:28.410] [DEBUG] debug-file - Update task entry:default@PreBuild input file:D:\HMAPPTEST\LiubaiNovel-ReReader\entry\build-profile.json5 cache by regenerate.
[2026-03-28T08:13:28.410] [DEBUG] debug-file - Update task entry:default@PreBuild input file:D:\HMAPPTEST\LiubaiNovel-ReReader\entry\src\main\resources\base\profile\main_pages.json cache by regenerate.
[2026-03-28T08:13:28.411] [DEBUG] debug-file - Update task entry:default@PreBuild input file:D:\HMAPPTEST\LiubaiNovel-ReReader\hvigor\hvigor-config.json5 cache by regenerate.
[2026-03-28T08:13:28.411] [DEBUG] debug-file - Update task entry:default@PreBuild input file:D:\HMAPPTEST\LiubaiNovel-ReReader\entry\oh-package.json5 cache by regenerate.
[2026-03-28T08:13:28.411] [DEBUG] debug-file - Update task entry:default@PreBuild input file:D:\HMAPPTEST\LiubaiNovel-ReReader\oh-package.json5 cache by regenerate.
[2026-03-28T08:13:28.411] [DEBUG] debug-file - Incremental task entry:default@PreBuild post-execution cost:3 ms .
[2026-03-28T08:13:28.411] [DEBUG] debug-file - Update task entry:default@CreateModuleInfo output file:D:\HMAPPTEST\LiubaiNovel-ReReader\entry\build\default\generated\profile\default\ModuleInfo.ts cache.
[2026-03-28T08:13:28.411] [DEBUG] debug-file - Incremental task entry:default@CreateModuleInfo post-execution cost:1 ms .
[2026-03-28T08:13:28.411] [DEBUG] debug-file - Update task entry:default@GenerateMetadata input file:D:\HMAPPTEST\LiubaiNovel-ReReader\entry\src\main\module.json5 cache by regenerate.
[2026-03-28T08:13:28.412] [DEBUG] debug-file - Update task entry:default@GenerateMetadata output file:D:\HMAPPTEST\LiubaiNovel-ReReader\entry\build\default\intermediates\hap_metadata\default\output_metadata.json cache.
[2026-03-28T08:13:28.412] [DEBUG] debug-file - Incremental task entry:default@GenerateMetadata post-execution cost:1 ms .
[2026-03-28T08:13:28.412] [DEBUG] debug-file - Update task entry:default@MergeProfile input file:D:\HMAPPTEST\LiubaiNovel-ReReader\AppScope\app.json5 cache by regenerate.
[2026-03-28T08:13:28.412] [DEBUG] debug-file - Update task entry:default@MergeProfile input file:D:\HMAPPTEST\LiubaiNovel-ReReader\build-profile.json5 cache by regenerate.
[2026-03-28T08:13:28.412] [DEBUG] debug-file - Update task entry:default@MergeProfile input file:D:\HMAPPTEST\LiubaiNovel-ReReader\entry\src\main\module.json5 cache by regenerate.
[2026-03-28T08:13:28.412] [DEBUG] debug-file - Update task entry:default@MergeProfile output file:D:\HMAPPTEST\LiubaiNovel-ReReader\entry\build\default\intermediates\merge_profile\default\module.json cache.
[2026-03-28T08:13:28.414] [DEBUG] debug-file - Incremental task entry:default@MergeProfile post-execution cost:1 ms .
[2026-03-28T08:13:28.415] [DEBUG] debug-file - Update task entry:default@CreateBuildProfile input file:D:\HMAPPTEST\LiubaiNovel-ReReader\AppScope\app.json5 cache by regenerate.
[2026-03-28T08:13:28.415] [DEBUG] debug-file - Update task entry:default@CreateBuildProfile input file:D:\HMAPPTEST\LiubaiNovel-ReReader\build-profile.json5 cache by regenerate.
[2026-03-28T08:13:28.415] [DEBUG] debug-file - Update task entry:default@CreateBuildProfile output file:D:\HMAPPTEST\LiubaiNovel-ReReader\entry\build\default\generated\profile\default\BuildProfile.ets cache.
[2026-03-28T08:13:28.415] [DEBUG] debug-file - Incremental task entry:default@CreateBuildProfile post-execution cost:1 ms .
[2026-03-28T08:13:28.416] [DEBUG] debug-file - Update task entry:default@GeneratePkgContextInfo output file:D:\HMAPPTEST\LiubaiNovel-ReReader\entry\build\default\intermediates\loader\default\pkgContextInfo.json cache.
[2026-03-28T08:13:28.416] [DEBUG] debug-file - Incremental task entry:default@GeneratePkgContextInfo post-execution cost:1 ms .
[2026-03-28T08:13:28.416] [DEBUG] debug-file - Update task entry:default@ProcessIntegratedHsp output file:D:\HMAPPTEST\LiubaiNovel-ReReader\build\cache\default\integrated_hsp\integratedHspCache.json cache.
[2026-03-28T08:13:28.416] [DEBUG] debug-file - Incremental task entry:default@ProcessIntegratedHsp post-execution cost:1 ms .
[2026-03-28T08:13:28.416] [DEBUG] debug-file - Update task entry:default@MakePackInfo input file:D:\HMAPPTEST\LiubaiNovel-ReReader\AppScope\app.json5 cache by regenerate.
[2026-03-28T08:13:28.417] [DEBUG] debug-file - Update task entry:default@MakePackInfo input file:D:\HMAPPTEST\LiubaiNovel-ReReader\entry\src\main\module.json5 cache by regenerate.
[2026-03-28T08:13:28.417] [DEBUG] debug-file - Update task entry:default@MakePackInfo input file:D:\HMAPPTEST\LiubaiNovel-ReReader\build-profile.json5 cache by regenerate.
[2026-03-28T08:13:28.417] [DEBUG] debug-file - Update task entry:default@MakePackInfo input file:D:\HMAPPTEST\LiubaiNovel-ReReader\entry\src\main\resources\base\profile\backup_config.json cache by regenerate.
[2026-03-28T08:13:28.417] [DEBUG] debug-file - Update task entry:default@MakePackInfo output file:D:\HMAPPTEST\LiubaiNovel-ReReader\entry\build\default\outputs\default\pack.info cache.
[2026-03-28T08:13:28.417] [DEBUG] debug-file - Incremental task entry:default@MakePackInfo post-execution cost:2 ms .
[2026-03-28T08:13:28.417] [DEBUG] debug-file - Update task entry:default@SyscapTransform input file:D:\Program Files\Huawei\DevEco Studio\sdk\default\openharmony\toolchains\syscap_tool.exe cache by regenerate.
[2026-03-28T08:13:28.417] [DEBUG] debug-file - Update task entry:default@SyscapTransform input file:D:\Program Files\Huawei\DevEco Studio\sdk\default\openharmony\ets\api\device-define cache by regenerate.
[2026-03-28T08:13:28.418] [DEBUG] debug-file - Update task entry:default@SyscapTransform output file:D:\HMAPPTEST\LiubaiNovel-ReReader\entry\build\default\intermediates\syscap\default\rpcid.sc cache.
[2026-03-28T08:13:28.418] [DEBUG] debug-file - Incremental task entry:default@SyscapTransform post-execution cost:1 ms .
[2026-03-28T08:13:28.418] [DEBUG] debug-file - Update task entry:default@ProcessProfile input file:D:\HMAPPTEST\LiubaiNovel-ReReader\entry\build\default\intermediates\merge_profile\default\module.json cache from map.
[2026-03-28T08:13:28.418] [DEBUG] debug-file - Update task entry:default@ProcessProfile output file:D:\HMAPPTEST\LiubaiNovel-ReReader\entry\build\default\intermediates\process_profile\default\module.json cache.
[2026-03-28T08:13:28.419] [DEBUG] debug-file - Incremental task entry:default@ProcessProfile post-execution cost:1 ms .
[2026-03-28T08:13:28.419] [DEBUG] debug-file - Update task entry:default@ProcessRouterMap input file:D:\HMAPPTEST\LiubaiNovel-ReReader\entry\oh-package.json5 cache by regenerate.
[2026-03-28T08:13:28.419] [DEBUG] debug-file - Update task entry:default@ProcessRouterMap input file:D:\HMAPPTEST\LiubaiNovel-ReReader\oh-package.json5 cache by regenerate.
[2026-03-28T08:13:28.419] [DEBUG] debug-file - Update task entry:default@ProcessRouterMap input file:D:\HMAPPTEST\LiubaiNovel-ReReader\entry\src\main\module.json5 cache by regenerate.
[2026-03-28T08:13:28.419] [DEBUG] debug-file - Update task entry:default@ProcessRouterMap output file:D:\HMAPPTEST\LiubaiNovel-ReReader\entry\build\default\intermediates\router_map\default\temp-router-map.json cache.
[2026-03-28T08:13:28.419] [DEBUG] debug-file - Update task entry:default@ProcessRouterMap output file:D:\HMAPPTEST\LiubaiNovel-ReReader\entry\build\default\intermediates\router_map\default\loader-router-map.json cache.
[2026-03-28T08:13:28.420] [DEBUG] debug-file - Incremental task entry:default@ProcessRouterMap post-execution cost:1 ms .
[2026-03-28T08:13:28.420] [DEBUG] debug-file - Update task entry:default@ProcessShareConfig input file:D:\HMAPPTEST\LiubaiNovel-ReReader\entry\oh-package.json5 cache by regenerate.
[2026-03-28T08:13:28.420] [DEBUG] debug-file - Update task entry:default@ProcessShareConfig input file:D:\HMAPPTEST\LiubaiNovel-ReReader\oh-package.json5 cache by regenerate.
[2026-03-28T08:13:28.420] [DEBUG] debug-file - Update task entry:default@ProcessShareConfig input file:D:\HMAPPTEST\LiubaiNovel-ReReader\entry\src\main\module.json5 cache by regenerate.
[2026-03-28T08:13:28.420] [DEBUG] debug-file - Update task entry:default@ProcessShareConfig output file:D:\HMAPPTEST\LiubaiNovel-ReReader\entry\build\default\intermediates\share_config\default\temp-share-config.json cache.
[2026-03-28T08:13:28.421] [DEBUG] debug-file - Incremental task entry:default@ProcessShareConfig post-execution cost:2 ms .
[2026-03-28T08:13:28.421] [DEBUG] debug-file - Update task entry:default@ProcessStartupConfig output file:D:\HMAPPTEST\LiubaiNovel-ReReader\entry\build\default\intermediates\startup\default\startup_config.json cache.
[2026-03-28T08:13:28.421] [DEBUG] debug-file - Incremental task entry:default@ProcessStartupConfig post-execution cost:1 ms .
[2026-03-28T08:13:28.421] [DEBUG] debug-file - Update task entry:default@ProcessResource output file:D:\HMAPPTEST\LiubaiNovel-ReReader\entry\build\default\intermediates\res\default\resConfig.json cache.
[2026-03-28T08:13:28.422] [DEBUG] debug-file - Update task entry:default@ProcessResource output file:D:\HMAPPTEST\LiubaiNovel-ReReader\entry\build\default\intermediates\res\default\opt-compression.json cache.
[2026-03-28T08:13:28.422] [DEBUG] debug-file - Incremental task entry:default@ProcessResource post-execution cost:1 ms .
[2026-03-28T08:13:28.422] [DEBUG] debug-file - Update task entry:default@GenerateLoaderJson input file:D:\HMAPPTEST\LiubaiNovel-ReReader\entry\build\default\intermediates\router_map\default\temp-router-map.json cache from map.
[2026-03-28T08:13:28.422] [DEBUG] debug-file - Update task entry:default@GenerateLoaderJson output file:D:\HMAPPTEST\LiubaiNovel-ReReader\entry\build\default\intermediates\loader\default\loader.json cache.
[2026-03-28T08:13:28.423] [DEBUG] debug-file - Incremental task entry:default@GenerateLoaderJson post-execution cost:1 ms .
[2026-03-28T08:13:28.423] [DEBUG] debug-file - Update task entry:default@ProcessLibs input file:D:\HMAPPTEST\LiubaiNovel-ReReader\build-profile.json5 cache by regenerate.
[2026-03-28T08:13:28.423] [DEBUG] debug-file - Update task entry:default@ProcessLibs input file:D:\HMAPPTEST\LiubaiNovel-ReReader\entry\build-profile.json5 cache by regenerate.
[2026-03-28T08:13:28.423] [DEBUG] debug-file - Update task entry:default@ProcessLibs output file:D:\HMAPPTEST\LiubaiNovel-ReReader\entry\build\default\intermediates\libs\default cache.
[2026-03-28T08:13:28.424] [DEBUG] debug-file - Incremental task entry:default@ProcessLibs post-execution cost:1 ms .
[2026-03-28T08:13:28.424] [DEBUG] debug-file - Update task entry:default@CompileResource input file:D:\HMAPPTEST\LiubaiNovel-ReReader\entry\src\main\resources cache by regenerate.
[2026-03-28T08:13:28.430] [DEBUG] debug-file - Update task entry:default@CompileResource input file:D:\HMAPPTEST\LiubaiNovel-ReReader\AppScope\resources cache by regenerate.
[2026-03-28T08:13:28.431] [DEBUG] debug-file - Update task entry:default@CompileResource input file:D:\HMAPPTEST\LiubaiNovel-ReReader\entry\build\default\intermediates\process_profile\default\module.json cache from map.
[2026-03-28T08:13:28.431] [DEBUG] debug-file - Update task entry:default@CompileResource input file:D:\HMAPPTEST\LiubaiNovel-ReReader\entry\build\default\intermediates\res\default\resConfig.json cache by regenerate.
[2026-03-28T08:13:28.431] [DEBUG] debug-file - Update task entry:default@CompileResource output file:D:\HMAPPTEST\LiubaiNovel-ReReader\entry\build\default\intermediates\res\default cache.
[2026-03-28T08:13:28.436] [DEBUG] debug-file - Update task entry:default@CompileResource output file:D:\HMAPPTEST\LiubaiNovel-ReReader\entry\build\default\generated\r\default\ResourceTable.h cache.
[2026-03-28T08:13:28.437] [DEBUG] debug-file - Update task entry:default@CompileResource output file:D:\HMAPPTEST\LiubaiNovel-ReReader\entry\build\default\generated\r\default cache.
[2026-03-28T08:13:28.437] [DEBUG] debug-file - Incremental task entry:default@CompileResource post-execution cost:14 ms .
[2026-03-28T08:13:28.437] [DEBUG] debug-file - Update task entry:default@DoNativeStrip input file:D:\HMAPPTEST\LiubaiNovel-ReReader\entry\build\default\intermediates\libs\default cache by regenerate.
[2026-03-28T08:13:28.437] [DEBUG] debug-file - Update task entry:default@DoNativeStrip output file:D:\HMAPPTEST\LiubaiNovel-ReReader\entry\build\default\intermediates\stripped_native_libs\default cache.
[2026-03-28T08:13:28.438] [DEBUG] debug-file - Incremental task entry:default@DoNativeStrip post-execution cost:1 ms .
[2026-03-28T08:13:28.438] [DEBUG] debug-file - Update task entry:default@CompileArkTS input file:D:\HMAPPTEST\LiubaiNovel-ReReader\entry\build\default\intermediates\loader\default cache by regenerate.
[2026-03-28T08:13:28.439] [DEBUG] debug-file - Update task entry:default@CompileArkTS input file:D:\HMAPPTEST\LiubaiNovel-ReReader\entry\build\default\intermediates\res\default\resources\rawfile cache by regenerate.
[2026-03-28T08:13:28.439] [DEBUG] debug-file - Update task entry:default@CompileArkTS input file:D:\HMAPPTEST\LiubaiNovel-ReReader\entry\build\default\intermediates\res\default\ResourceTable.txt cache by regenerate.
[2026-03-28T08:13:28.439] [DEBUG] debug-file - Update task entry:default@CompileArkTS input file:D:\HMAPPTEST\LiubaiNovel-ReReader\entry\build\default\intermediates\res\default\ark_module.json cache by regenerate.
[2026-03-28T08:13:28.439] [DEBUG] debug-file - Update task entry:default@CompileArkTS input file:D:\HMAPPTEST\LiubaiNovel-ReReader\entry\build\default\intermediates\res\default\resources\base\profile cache by regenerate.
[2026-03-28T08:13:28.440] [DEBUG] debug-file - Update task entry:default@CompileArkTS input file:D:\HMAPPTEST\LiubaiNovel-ReReader\entry\src\main\ets cache by regenerate.
[2026-03-28T08:13:28.446] [DEBUG] debug-file - Update task entry:default@CompileArkTS input file:D:\HMAPPTEST\LiubaiNovel-ReReader\entry\build\default\generated\profile\default\BuildProfile.ets cache by regenerate.
[2026-03-28T08:13:28.447] [DEBUG] debug-file - Update task entry:default@CompileArkTS output file:D:\HMAPPTEST\LiubaiNovel-ReReader\entry\build\default\intermediates\loader_out\default\ets cache.
[2026-03-28T08:13:28.447] [DEBUG] debug-file - Incremental task entry:default@CompileArkTS post-execution cost:10 ms .
[2026-03-28T08:13:28.448] [DEBUG] debug-file - Update task entry:default@BuildJS input file:D:\HMAPPTEST\LiubaiNovel-ReReader\entry\build\default\intermediates\loader\default cache by regenerate.
[2026-03-28T08:13:28.448] [DEBUG] debug-file - Update task entry:default@BuildJS input file:D:\HMAPPTEST\LiubaiNovel-ReReader\entry\build\default\intermediates\res\default\resources\rawfile cache by regenerate.
[2026-03-28T08:13:28.449] [DEBUG] debug-file - Update task entry:default@BuildJS input file:D:\HMAPPTEST\LiubaiNovel-ReReader\entry\build\default\intermediates\res\default\ResourceTable.txt cache by regenerate.
[2026-03-28T08:13:28.449] [DEBUG] debug-file - Update task entry:default@BuildJS input file:D:\HMAPPTEST\LiubaiNovel-ReReader\entry\build\default\intermediates\res\default\ark_module.json cache by regenerate.
[2026-03-28T08:13:28.449] [DEBUG] debug-file - Update task entry:default@BuildJS input file:D:\HMAPPTEST\LiubaiNovel-ReReader\entry\build\default\intermediates\res\default\resources\base\profile cache by regenerate.
[2026-03-28T08:13:28.449] [DEBUG] debug-file - Update task entry:default@BuildJS output file:D:\HMAPPTEST\LiubaiNovel-ReReader\entry\build\default\intermediates\loader_out\default\js cache.
[2026-03-28T08:13:28.450] [DEBUG] debug-file - Incremental task entry:default@BuildJS post-execution cost:3 ms .
[2026-03-28T08:13:28.450] [DEBUG] debug-file - Update task entry:default@CacheNativeLibs input file:D:\HMAPPTEST\LiubaiNovel-ReReader\entry\build\default\intermediates\stripped_native_libs\default cache by regenerate.
[2026-03-28T08:13:28.450] [DEBUG] debug-file - Update task entry:default@CacheNativeLibs input file:D:\HMAPPTEST\LiubaiNovel-ReReader\entry\build\default\intermediates\libs\default cache by regenerate.
[2026-03-28T08:13:28.450] [DEBUG] debug-file - Update task entry:default@CacheNativeLibs output file:D:\HMAPPTEST\LiubaiNovel-ReReader\entry\build\default\intermediates\patch\default\base_native_libs.json cache.
[2026-03-28T08:13:28.450] [DEBUG] debug-file - Incremental task entry:default@CacheNativeLibs post-execution cost:1 ms .
[2026-03-28T08:13:28.450] [DEBUG] debug-file - Update task entry:default@GeneratePkgModuleJson input file:D:\HMAPPTEST\LiubaiNovel-ReReader\entry\build\default\intermediates\res\default\module.json cache from map.
[2026-03-28T08:13:28.450] [DEBUG] debug-file - Update task entry:default@GeneratePkgModuleJson output file:D:\HMAPPTEST\LiubaiNovel-ReReader\entry\build\default\intermediates\package\default\module.json cache.
[2026-03-28T08:13:28.450] [DEBUG] debug-file - Incremental task entry:default@GeneratePkgModuleJson post-execution cost:1 ms .
[2026-03-28T08:13:28.451] [DEBUG] debug-file - Incremental task entry:default@ProcessCompiledResources post-execution cost:1 ms .
[2026-03-28T08:13:28.451] [DEBUG] debug-file - Update task entry:default@PackageHap input file:D:\HMAPPTEST\LiubaiNovel-ReReader\entry\build\default\intermediates\stripped_native_libs\default cache by regenerate.
[2026-03-28T08:13:28.451] [DEBUG] debug-file - Update task entry:default@PackageHap input file:D:\HMAPPTEST\LiubaiNovel-ReReader\entry\build\default\intermediates\res\default\module.json cache from map.
[2026-03-28T08:13:28.451] [DEBUG] debug-file - Update task entry:default@PackageHap input file:D:\HMAPPTEST\LiubaiNovel-ReReader\entry\build\default\intermediates\res\default\resources cache by regenerate.
[2026-03-28T08:13:28.456] [DEBUG] debug-file - Update task entry:default@PackageHap input file:D:\HMAPPTEST\LiubaiNovel-ReReader\entry\build\default\intermediates\res\default\resources.index cache by regenerate.
[2026-03-28T08:13:28.456] [DEBUG] debug-file - Update task entry:default@PackageHap input file:D:\HMAPPTEST\LiubaiNovel-ReReader\entry\build\default\outputs\default\pack.info cache by regenerate.
[2026-03-28T08:13:28.456] [DEBUG] debug-file - Update task entry:default@PackageHap input file:D:\HMAPPTEST\LiubaiNovel-ReReader\entry\build\default\intermediates\loader_out\default\ets cache by regenerate.
[2026-03-28T08:13:28.456] [DEBUG] debug-file - Update task entry:default@PackageHap input file:D:\HMAPPTEST\LiubaiNovel-ReReader\entry\build\default\intermediates\loader_out\default\ets\sourceMaps.map cache by regenerate.
[2026-03-28T08:13:28.457] [DEBUG] debug-file - Update task entry:default@PackageHap input file:D:\HMAPPTEST\LiubaiNovel-ReReader\entry\build\default\generated\profile\default\BuildProfile.ets cache by regenerate.
[2026-03-28T08:13:28.457] [DEBUG] debug-file - Update task entry:default@PackageHap output file:D:\HMAPPTEST\LiubaiNovel-ReReader\entry\build\default\outputs\default\entry-default-unsigned.hap cache.
[2026-03-28T08:13:28.457] [DEBUG] debug-file - Update task entry:default@PackageHap output file:D:\HMAPPTEST\LiubaiNovel-ReReader\entry\build\default\intermediates\source_map\default\sourceMaps.map cache.
[2026-03-28T08:13:28.457] [DEBUG] debug-file - Update task entry:default@PackageHap output file:D:\HMAPPTEST\LiubaiNovel-ReReader\entry\build\default\outputs\default\mapping\sourceMaps.map cache.
[2026-03-28T08:13:28.457] [DEBUG] debug-file - Incremental task entry:default@PackageHap post-execution cost:7 ms .
[2026-03-28T08:13:28.458] [DEBUG] debug-file - Update task entry:default@SignHap input file:C:\Users\zxyzhy233\.ohos\config\default_LiubaiNovel-ReReader_U1UTVGz8nzXoDVi686OyEZxVoEKg_W5HfTmv5fg-wcI=.cer cache by regenerate.
[2026-03-28T08:13:28.458] [DEBUG] debug-file - Update task entry:default@SignHap input file:C:\Users\zxyzhy233\.ohos\config\default_LiubaiNovel-ReReader_U1UTVGz8nzXoDVi686OyEZxVoEKg_W5HfTmv5fg-wcI=.p7b cache by regenerate.
[2026-03-28T08:13:28.458] [DEBUG] debug-file - Update task entry:default@SignHap input file:C:\Users\zxyzhy233\.ohos\config\default_LiubaiNovel-ReReader_U1UTVGz8nzXoDVi686OyEZxVoEKg_W5HfTmv5fg-wcI=.p12 cache by regenerate.
[2026-03-28T08:13:28.458] [DEBUG] debug-file - Update task entry:default@SignHap input file:D:\HMAPPTEST\LiubaiNovel-ReReader\entry\build\default\outputs\default\entry-default-unsigned.hap cache from map.
[2026-03-28T08:13:28.458] [DEBUG] debug-file - Update task entry:default@SignHap output file:D:\HMAPPTEST\LiubaiNovel-ReReader\entry\build\default\outputs\default\entry-default-signed.hap cache.
[2026-03-28T08:13:28.458] [DEBUG] debug-file - Incremental task entry:default@SignHap post-execution cost:2 ms .
[2026-03-28T08:13:28.459] [DEBUG] debug-file - Update task entry:default@CollectDebugSymbol input file:D:\HMAPPTEST\LiubaiNovel-ReReader\entry\build\default\intermediates\loader_out\default\ets\sourceMaps.map cache by regenerate.
[2026-03-28T08:13:28.459] [DEBUG] debug-file - Update task entry:default@CollectDebugSymbol input file:D:\HMAPPTEST\LiubaiNovel-ReReader\entry\build\default\intermediates\libs\default cache by regenerate.
[2026-03-28T08:13:28.459] [DEBUG] debug-file - Update task entry:default@CollectDebugSymbol output file:D:\HMAPPTEST\LiubaiNovel-ReReader\entry\build\default\outputs\default\symbol cache.
[2026-03-28T08:13:28.460] [DEBUG] debug-file - Incremental task entry:default@CollectDebugSymbol post-execution cost:1 ms .
[2026-03-28T08:13:29.287] [DEBUG] debug-file - Cleanup worker 14.
[2026-03-28T08:13:29.288] [DEBUG] debug-file - Worker 14 has been cleaned up.
[2026-03-28T08:13:29.288] [DEBUG] debug-file - Current idle worker size: 2.
[2026-03-28T08:13:29.288] [DEBUG] debug-file - Current resident worker size: 3.
[2026-03-28T08:13:29.288] [DEBUG] debug-file - Cleanup worker 13.
[2026-03-28T08:13:29.288] [DEBUG] debug-file - Worker 13 has been cleaned up.
[2026-03-28T08:13:29.288] [DEBUG] debug-file - Current idle worker size: 1.
[2026-03-28T08:13:29.288] [DEBUG] debug-file - Current resident worker size: 3.
[2026-03-28T08:13:29.289] [DEBUG] debug-file - hvigor build process will be closed.
[2026-03-28T08:13:29.290] [DEBUG] debug-file - java daemon socket close code:1000 reason:close by user
[2026-03-28T08:13:29.296] [DEBUG] debug-file - worker[14] exits with exit code 1.
[2026-03-28T08:13:29.301] [DEBUG] debug-file - worker[13] exits with exit code 1.
[2026-03-28T08:13:29.306] [DEBUG] debug-file - session manager: send message to worker process.
[2026-03-28T08:13:29.307] [DEBUG] debug-file - session manager: send message to worker process.
[2026-03-28T08:13:29.310] [DEBUG] debug-file - watch worker: worker id should be larger than 0. Nothing will be sent to any worker thread.
[2026-03-28T08:13:29.310] [DEBUG] debug-file - watch worker: worker id should be larger than 0. Nothing will be sent to any worker thread.
[2026-03-28T08:13:56.119] [DEBUG] debug-file - session manager: set active socket. socketId=HubJNXgJNdM7vEYgAAAH
[2026-03-28T08:13:56.122] [DEBUG] debug-file - watch worker: worker id should be larger than 0. Nothing will be sent to any worker thread.
[2026-03-28T08:13:56.124] [DEBUG] debug-file - Workers' log level updated to INFO
[2026-03-28T08:13:56.126] [DEBUG] debug-file - Hvigor init with startParameters:{
  hvigorfileTypeCheck: false,
  parallelExecution: true,
  incrementalExecution: true,
  printStackTrace: false,
  daemon: true,
  analyze: 0,
  logLevel: Level { level: 20000, levelStr: 'INFO', colour: 'green' },
  optimizationStrategy: 'memory',
  hotCompile: undefined,
  hotReloadBuild: undefined,
  customizedParam: undefined
}
[2026-03-28T08:13:56.129] [DEBUG] debug-file - Cache service initialization finished in 3 ms 
[2026-03-28T08:13:56.130] [DEBUG] debug-file - hvigorfile, resolving D:\HMAPPTEST\LiubaiNovel-ReReader\hvigorfile.ts
[2026-03-28T08:13:56.135] [DEBUG] debug-file - hvigorfile, require result:  { default: { plugins: [] } }
[2026-03-28T08:13:56.135] [DEBUG] debug-file - hvigorfile, binding system plugins null
[2026-03-28T08:13:56.136] [DEBUG] debug-file - Starting plugin build process
[2026-03-28T08:13:56.136] [DEBUG] debug-file - App plugin prepare start...
[2026-03-28T08:13:56.136] [DEBUG] debug-file - App plugin prepare end...
[2026-03-28T08:13:56.136] [DEBUG] debug-file - App plugin creating...
[2026-03-28T08:13:56.147] [DEBUG] debug-file - App plugin register hook start...
[2026-03-28T08:13:56.147] [DEBUG] debug-file - App plugin register hook end...
[2026-03-28T08:13:56.147] [DEBUG] debug-file - Plugin build process completed
[2026-03-28T08:13:56.148] [DEBUG] debug-file - Start initialize project's product build option map with build mode debug.
[2026-03-28T08:13:56.148] [DEBUG] debug-file - Picking option from product 'default' with build mode 'debug'.
[2026-03-28T08:13:56.148] [DEBUG] debug-file - Product 'default' build option initialized
[2026-03-28T08:13:56.148] [DEBUG] debug-file - Picking option from product 'zxyzhy233' with build mode 'debug'.
[2026-03-28T08:13:56.148] [DEBUG] debug-file - Product 'zxyzhy233' build option initialized
[2026-03-28T08:13:56.148] [DEBUG] debug-file - End initialize project's product build option map with build mode 'debug'.
[2026-03-28T08:13:56.149] [DEBUG] debug-file - Obtain build option for product 'default'in this build.
[2026-03-28T08:13:56.149] [DEBUG] debug-file - D:\HMAPPTEST\LiubaiNovel-ReReader\build\cache\default\remote_hsp\remoteHspCache.json not exists.
[2026-03-28T08:13:56.151] [DEBUG] debug-file - Start recording SDK configuration permission data.
[2026-03-28T08:13:56.178] [DEBUG] debug-file - Sdk init in 29 ms 
[2026-03-28T08:13:56.181] [DEBUG] debug-file - Project task initialization takes 3 ms 
[2026-03-28T08:13:56.182] [DEBUG] debug-file - hvigorfile, binding custom plugins []
[2026-03-28T08:13:56.182] [DEBUG] debug-file - hvigorfile, no custom plugins were found in D:\HMAPPTEST\LiubaiNovel-ReReader\hvigorfile.ts
[2026-03-28T08:13:56.182] [DEBUG] debug-file - hvigorfile, resolve finished D:\HMAPPTEST\LiubaiNovel-ReReader\hvigorfile.ts
[2026-03-28T08:13:56.182] [DEBUG] debug-file - hvigorfile, resolving D:\HMAPPTEST\LiubaiNovel-ReReader\entry\hvigorfile.ts
[2026-03-28T08:13:56.186] [DEBUG] debug-file - hvigorfile, require result:  { default: { plugins: [] } }
[2026-03-28T08:13:56.186] [DEBUG] debug-file - hvigorfile, binding system plugins null
[2026-03-28T08:13:56.186] [DEBUG] debug-file - Starting plugin build process
[2026-03-28T08:13:56.186] [DEBUG] debug-file - Hap plugin creating...
[2026-03-28T08:13:56.187] [DEBUG] debug-file - failed to load cangjie to dynamically generate schemas: Error: Cannot find module '@ohos/cangjie-build-support/index'
Require stack:
- D:\Program Files\Huawei\DevEco Studio\tools\hvigor\hvigor-ohos-plugin\src\plugin\hooks\cangjie-register.js
- D:\Program Files\Huawei\DevEco Studio\tools\hvigor\hvigor-ohos-plugin\src\plugin\strategy\stage-init-strategy.js
- D:\Program Files\Huawei\DevEco Studio\tools\hvigor\hvigor-ohos-plugin\src\plugin\builder\abstract-plugin-builder.js
- D:\Program Files\Huawei\DevEco Studio\tools\hvigor\hvigor-ohos-plugin\src\plugin\builder\app-plugin-builder.js
- D:\Program Files\Huawei\DevEco Studio\tools\hvigor\hvigor-ohos-plugin\src\plugin\factory\plugin-factory.js
- D:\Program Files\Huawei\DevEco Studio\tools\hvigor\hvigor-ohos-plugin\index.js
- D:\HMAPPTEST\LiubaiNovel-ReReader\hvigorfile.ts
- D:\Program Files\Huawei\DevEco Studio\tools\hvigor\hvigor\src\base\internal\lifecycle\configuration.js
- D:\Program Files\Huawei\DevEco Studio\tools\hvigor\hvigor\src\base\boot\index.js
- D:\Program Files\Huawei\DevEco Studio\tools\hvigor\hvigor\src\base\daemon\cluster\worker-process-lifecycle.js
- D:\Program Files\Huawei\DevEco Studio\tools\hvigor\hvigor\src\base\daemon\process\daemon-process-boot-script.js
[2026-03-28T08:13:56.189] [DEBUG] debug-file - Start initialize module-target build option map, moduleName=entry, buildMode=debug
[2026-03-28T08:13:56.189] [DEBUG] debug-file - Target 'default' config initialized
[2026-03-28T08:13:56.189] [DEBUG] debug-file - Module 'entry' target 'default' build option initialized
[2026-03-28T08:13:56.189] [DEBUG] debug-file - End initialize module-target build option map, moduleName=entry
[2026-03-28T08:13:56.189] [DEBUG] debug-file - Start initialize module-target build option map, moduleName=entry, buildMode=zxyzhy233
[2026-03-28T08:13:56.190] [DEBUG] debug-file - Target 'default' config initialized
[2026-03-28T08:13:56.190] [DEBUG] debug-file - Does not get target 'default'corresponding build option.
[2026-03-28T08:13:56.190] [DEBUG] debug-file - Using preset build option 'default'.
[2026-03-28T08:13:56.190] [DEBUG] debug-file - Module 'entry' target 'default' build option initialized
[2026-03-28T08:13:56.190] [DEBUG] debug-file - End initialize module-target build option map, moduleName=entry
[2026-03-28T08:13:56.190] [DEBUG] debug-file - Start initialize module-target build option map, moduleName=entry, buildMode=release
[2026-03-28T08:13:56.190] [DEBUG] debug-file - Target 'default' config initialized
[2026-03-28T08:13:56.190] [DEBUG] debug-file - Module 'entry' target 'default' build option initialized
[2026-03-28T08:13:56.190] [DEBUG] debug-file - End initialize module-target build option map, moduleName=entry
[2026-03-28T08:13:56.190] [DEBUG] debug-file - Start initialize module-target build option map, moduleName=entry, buildMode=debug
[2026-03-28T08:13:56.190] [DEBUG] debug-file - Target 'default' config initialized
[2026-03-28T08:13:56.191] [DEBUG] debug-file - Module 'entry' target 'default' build option initialized
[2026-03-28T08:13:56.191] [DEBUG] debug-file - End initialize module-target build option map, moduleName=entry
[2026-03-28T08:13:56.191] [DEBUG] debug-file - Start initialize module-target build option map, moduleName=entry, buildMode=zxyzhy233
[2026-03-28T08:13:56.191] [DEBUG] debug-file - Target 'default' config initialized
[2026-03-28T08:13:56.191] [DEBUG] debug-file - Does not get target 'default'corresponding build option.
[2026-03-28T08:13:56.191] [DEBUG] debug-file - Using preset build option 'default'.
[2026-03-28T08:13:56.191] [DEBUG] debug-file - Module 'entry' target 'default' build option initialized
[2026-03-28T08:13:56.191] [DEBUG] debug-file - End initialize module-target build option map, moduleName=entry
[2026-03-28T08:13:56.191] [DEBUG] debug-file - Start initialize module-target build option map, moduleName=entry, buildMode=release
[2026-03-28T08:13:56.191] [DEBUG] debug-file - Target 'default' config initialized
[2026-03-28T08:13:56.191] [DEBUG] debug-file - Module 'entry' target 'default' build option initialized
[2026-03-28T08:13:56.191] [DEBUG] debug-file - End initialize module-target build option map, moduleName=entry
[2026-03-28T08:13:56.191] [DEBUG] debug-file - Start initialize module-target build option map, moduleName=entry, buildMode=debug
[2026-03-28T08:13:56.191] [DEBUG] debug-file - Target 'default' config initialized
[2026-03-28T08:13:56.191] [DEBUG] debug-file - Module 'entry' target 'default' build option initialized
[2026-03-28T08:13:56.192] [DEBUG] debug-file - End initialize module-target build option map, moduleName=entry
[2026-03-28T08:13:56.192] [DEBUG] debug-file - Obtain build option for module 'entry' target 'default'in this build.
[2026-03-28T08:13:56.193] [DEBUG] debug-file - Module entry task initialization takes 1 ms 
[2026-03-28T08:13:56.193] [DEBUG] debug-file - Hap plugin register hook start...
[2026-03-28T08:13:56.193] [DEBUG] debug-file - Hap plugin register hook end...
[2026-03-28T08:13:56.193] [DEBUG] debug-file - Plugin build process completed
[2026-03-28T08:13:56.193] [DEBUG] debug-file - hvigorfile, binding custom plugins []
[2026-03-28T08:13:56.193] [DEBUG] debug-file - hvigorfile, no custom plugins were found in D:\HMAPPTEST\LiubaiNovel-ReReader\entry\hvigorfile.ts
[2026-03-28T08:13:56.193] [DEBUG] debug-file - hvigorfile, resolve finished D:\HMAPPTEST\LiubaiNovel-ReReader\entry\hvigorfile.ts
[2026-03-28T08:13:56.210] [DEBUG] debug-file - hvigorfile, resolve hvigorfile dependencies in 17 ms 
[2026-03-28T08:13:56.210] [DEBUG] debug-file - project has submodules:entry
[2026-03-28T08:13:56.211] [DEBUG] debug-file - start to load updatedOhPackageInfo to the disk
[2026-03-28T08:13:56.214] [DEBUG] debug-file - load to the disk finished
[2026-03-28T08:13:56.214] [DEBUG] debug-file - Start to initialize dependency information.
[2026-03-28T08:13:56.215] [DEBUG] debug-file - Module LiubaiNovel-ReReader Collected Dependency: 
[2026-03-28T08:13:56.215] [DEBUG] debug-file - Module LiubaiNovel-ReReader's total dependency: 0
[2026-03-28T08:13:56.216] [DEBUG] debug-file - Start to initialize dependency information.
[2026-03-28T08:13:56.217] [DEBUG] debug-file - Module entry Collected Dependency: 
[2026-03-28T08:13:56.217] [DEBUG] debug-file - Module entry's total dependency: 0
[2026-03-28T08:13:56.218] [DEBUG] debug-file - Configuration phase cost:89 ms 
[2026-03-28T08:13:56.219] [DEBUG] debug-file - Configuration task cost before running: 95 ms 
[2026-03-28T08:13:56.223] [DEBUG] debug-file - Executing task :entry:default@PreBuild
[2026-03-28T08:13:56.223] [DEBUG] debug-file - Task 'entry:default@PreBuild' cost while wrapping incremental declarations: 1 ms 
[2026-03-28T08:13:56.228] [DEBUG] debug-file - entry:default@PreBuild is not up-to-date, since the task snapshots are different.
[2026-03-28T08:13:56.228] [DEBUG] debug-file - Incremental task entry:default@PreBuild pre-execution cost: 3 ms .
[2026-03-28T08:13:56.233] [DEBUG] debug-file - current product is not Atomic service.
[2026-03-28T08:13:56.233] [DEBUG] debug-file - Use tool [win32: JAVA_HOME, CLASSPATH]
 [
  { JAVA_HOME: 'D:\\Program Files\\Huawei\\DevEco Studio\\jbr' },
  { CLASSPATH: undefined }
]
[2026-03-28T08:13:56.233] [DEBUG] debug-file - Use tool [win32: NODE_HOME]
 [
  {
    NODE_HOME: 'D:\\Program Files\\Huawei\\DevEco Studio\\tools\\node'
  }
]
[2026-03-28T08:13:56.233] [DEBUG] debug-file - entry : default@PreBuild cost memory 0.763946533203125
[2026-03-28T08:13:56.234] [DEBUG] debug-file - runTaskFromQueue task cost before running: 110 ms 
[2026-03-28T08:13:56.235] [INFO] debug-file - Finished :entry:default@PreBuild... after 12 ms 
[2026-03-28T08:13:56.235] [DEBUG] debug-file - Executing task :entry:default@CreateModuleInfo
[2026-03-28T08:13:56.236] [DEBUG] debug-file - Task 'entry:default@CreateModuleInfo' cost while wrapping incremental declarations: 1 ms 
[2026-03-28T08:13:56.236] [DEBUG] debug-file - entry : default@CreateModuleInfo cost memory 0.04134368896484375
[2026-03-28T08:13:56.236] [DEBUG] debug-file - runTaskFromQueue task cost before running: 113 ms 
[2026-03-28T08:13:56.236] [INFO] debug-file - Finished :entry:default@CreateModuleInfo... after 1 ms 
[2026-03-28T08:13:56.238] [DEBUG] debug-file - Executing task :entry:default@GenerateMetadata
[2026-03-28T08:13:56.238] [DEBUG] debug-file - Task 'entry:default@GenerateMetadata' cost while wrapping incremental declarations: 1 ms 
[2026-03-28T08:13:56.239] [DEBUG] debug-file - Incremental task entry:default@GenerateMetadata pre-execution cost: 1 ms .
[2026-03-28T08:13:56.239] [DEBUG] debug-file - entry : default@GenerateMetadata cost memory 0.08547210693359375
[2026-03-28T08:13:56.239] [INFO] debug-file - UP-TO-DATE :entry:default@GenerateMetadata...  
[2026-03-28T08:13:56.240] [DEBUG] debug-file - Executing task :entry:default@ConfigureCmake
[2026-03-28T08:13:56.240] [DEBUG] debug-file - entry : default@ConfigureCmake cost memory 0.01448822021484375
[2026-03-28T08:13:56.240] [DEBUG] debug-file - runTaskFromQueue task cost before running: 117 ms 
[2026-03-28T08:13:56.240] [INFO] debug-file - Finished :entry:default@ConfigureCmake... after 1 ms 
[2026-03-28T08:13:56.241] [DEBUG] debug-file - Executing task :entry:default@MergeProfile
[2026-03-28T08:13:56.241] [DEBUG] debug-file - Task 'entry:default@MergeProfile' cost while wrapping incremental declarations: 1 ms 
[2026-03-28T08:13:56.242] [DEBUG] debug-file - Incremental task entry:default@MergeProfile pre-execution cost: 1 ms .
[2026-03-28T08:13:56.242] [DEBUG] debug-file - entry : default@MergeProfile cost memory 0.1292266845703125
[2026-03-28T08:13:56.243] [INFO] debug-file - UP-TO-DATE :entry:default@MergeProfile...  
[2026-03-28T08:13:56.243] [DEBUG] debug-file - Executing task :entry:default@CreateBuildProfile
[2026-03-28T08:13:56.244] [DEBUG] debug-file - Task 'entry:default@CreateBuildProfile' cost while wrapping incremental declarations: 1 ms 
[2026-03-28T08:13:56.244] [DEBUG] debug-file - Incremental task entry:default@CreateBuildProfile pre-execution cost: 1 ms .
[2026-03-28T08:13:56.245] [DEBUG] debug-file - entry : default@CreateBuildProfile cost memory 0.0897979736328125
[2026-03-28T08:13:56.245] [INFO] debug-file - UP-TO-DATE :entry:default@CreateBuildProfile...  
[2026-03-28T08:13:56.245] [DEBUG] debug-file - Executing task :entry:default@PreCheckSyscap
[2026-03-28T08:13:56.246] [DEBUG] debug-file - entry : default@PreCheckSyscap cost memory -1.6773834228515625
[2026-03-28T08:13:56.246] [DEBUG] debug-file - runTaskFromQueue task cost before running: 123 ms 
[2026-03-28T08:13:56.247] [INFO] debug-file - Finished :entry:default@PreCheckSyscap... after 1 ms 
[2026-03-28T08:13:56.248] [DEBUG] debug-file - Executing task :entry:default@GeneratePkgContextInfo
[2026-03-28T08:13:56.250] [DEBUG] debug-file - Task 'entry:default@GeneratePkgContextInfo' cost while wrapping incremental declarations: 1 ms 
[2026-03-28T08:13:56.250] [DEBUG] debug-file - entry : default@GeneratePkgContextInfo cost memory 0.14984893798828125
[2026-03-28T08:13:56.250] [DEBUG] debug-file - runTaskFromQueue task cost before running: 127 ms 
[2026-03-28T08:13:56.250] [INFO] debug-file - Finished :entry:default@GeneratePkgContextInfo... after 3 ms 
[2026-03-28T08:13:56.252] [DEBUG] debug-file - Executing task :entry:default@ProcessIntegratedHsp
[2026-03-28T08:13:56.253] [DEBUG] debug-file - entry:default@ProcessIntegratedHsp is not up-to-date, since the output file 'D:\HMAPPTEST\LiubaiNovel-ReReader\build\cache\default\integrated_hsp\integratedHspCache.json' does not exist.
[2026-03-28T08:13:56.253] [DEBUG] debug-file - Incremental task entry:default@ProcessIntegratedHsp pre-execution cost: 1 ms .
[2026-03-28T08:13:56.253] [DEBUG] debug-file - entry : default@ProcessIntegratedHsp cost memory 0.055816650390625
[2026-03-28T08:13:56.253] [DEBUG] debug-file - runTaskFromQueue task cost before running: 129 ms 
[2026-03-28T08:13:56.253] [INFO] debug-file - Finished :entry:default@ProcessIntegratedHsp... after 1 ms 
[2026-03-28T08:13:56.254] [DEBUG] debug-file - Executing task :entry:default@BuildNativeWithCmake
[2026-03-28T08:13:56.254] [DEBUG] debug-file - entry : default@BuildNativeWithCmake cost memory 0.01450347900390625
[2026-03-28T08:13:56.254] [DEBUG] debug-file - runTaskFromQueue task cost before running: 131 ms 
[2026-03-28T08:13:56.254] [INFO] debug-file - Finished :entry:default@BuildNativeWithCmake... after 1 ms 
[2026-03-28T08:13:56.255] [DEBUG] debug-file - Executing task :entry:default@MakePackInfo
[2026-03-28T08:13:56.257] [DEBUG] debug-file - Incremental task entry:default@MakePackInfo pre-execution cost: 2 ms .
[2026-03-28T08:13:56.257] [DEBUG] debug-file - entry : default@MakePackInfo cost memory 0.13101959228515625
[2026-03-28T08:13:56.258] [INFO] debug-file - UP-TO-DATE :entry:default@MakePackInfo...  
[2026-03-28T08:13:56.259] [DEBUG] debug-file - Executing task :entry:default@SyscapTransform
[2026-03-28T08:13:56.259] [DEBUG] debug-file - File: 'D:\HMAPPTEST\LiubaiNovel-ReReader\entry\src\main\syscap.json' from 'sysCapJsonPath' is not exists, just ignore.
[2026-03-28T08:13:56.259] [DEBUG] debug-file - Task 'entry:default@SyscapTransform' cost while wrapping incremental declarations: 1 ms 
[2026-03-28T08:13:56.260] [DEBUG] debug-file - entry:default@SyscapTransform is not up-to-date, since the output file 'D:\HMAPPTEST\LiubaiNovel-ReReader\entry\build\default\intermediates\syscap\default\rpcid.sc' does not exist.
[2026-03-28T08:13:56.260] [DEBUG] debug-file - Incremental task entry:default@SyscapTransform pre-execution cost: 1 ms .
[2026-03-28T08:13:56.260] [DEBUG] debug-file - entry : default@SyscapTransform cost memory 0.1505279541015625
[2026-03-28T08:13:56.260] [DEBUG] debug-file - runTaskFromQueue task cost before running: 137 ms 
[2026-03-28T08:13:56.261] [INFO] debug-file - Finished :entry:default@SyscapTransform... after 2 ms 
[2026-03-28T08:13:56.261] [DEBUG] debug-file - Executing task :entry:default@ProcessProfile
[2026-03-28T08:13:56.262] [DEBUG] debug-file - Task 'entry:default@ProcessProfile' cost while wrapping incremental declarations: 1 ms 
[2026-03-28T08:13:56.263] [DEBUG] debug-file - Incremental task entry:default@ProcessProfile pre-execution cost: 1 ms .
[2026-03-28T08:13:56.263] [DEBUG] debug-file - entry : default@ProcessProfile cost memory 0.1458740234375
[2026-03-28T08:13:56.263] [INFO] debug-file - UP-TO-DATE :entry:default@ProcessProfile...  
[2026-03-28T08:13:56.264] [DEBUG] debug-file - Executing task :entry:default@ProcessRouterMap
[2026-03-28T08:13:56.265] [DEBUG] debug-file - Incremental task entry:default@ProcessRouterMap pre-execution cost: 2 ms .
[2026-03-28T08:13:56.265] [DEBUG] debug-file - entry : default@ProcessRouterMap cost memory 0.12877655029296875
[2026-03-28T08:13:56.266] [INFO] debug-file - UP-TO-DATE :entry:default@ProcessRouterMap...  
[2026-03-28T08:13:56.267] [DEBUG] debug-file - Executing task :entry:default@ProcessShareConfig
[2026-03-28T08:13:56.269] [DEBUG] debug-file - Incremental task entry:default@ProcessShareConfig pre-execution cost: 2 ms .
[2026-03-28T08:13:56.269] [DEBUG] debug-file - entry : default@ProcessShareConfig cost memory -1.4658279418945312
[2026-03-28T08:13:56.269] [INFO] debug-file - UP-TO-DATE :entry:default@ProcessShareConfig...  
[2026-03-28T08:13:56.270] [DEBUG] debug-file - Executing task :entry:default@ProcessStartupConfig
[2026-03-28T08:13:56.270] [DEBUG] debug-file - Task 'entry:default@ProcessStartupConfig' cost while wrapping incremental declarations: 1 ms 
[2026-03-28T08:13:56.270] [DEBUG] debug-file - entry:default@ProcessStartupConfig is not up-to-date, since the output file 'D:\HMAPPTEST\LiubaiNovel-ReReader\entry\build\default\intermediates\startup\default\startup_config.json' does not exist.
[2026-03-28T08:13:56.270] [DEBUG] debug-file - Incremental task entry:default@ProcessStartupConfig pre-execution cost: 1 ms .
[2026-03-28T08:13:56.271] [DEBUG] debug-file - entry : default@ProcessStartupConfig cost memory 0.09171295166015625
[2026-03-28T08:13:56.271] [DEBUG] debug-file - runTaskFromQueue task cost before running: 147 ms 
[2026-03-28T08:13:56.271] [INFO] debug-file - Finished :entry:default@ProcessStartupConfig... after 2 ms 
[2026-03-28T08:13:56.272] [DEBUG] debug-file - Executing task :entry:default@BuildNativeWithNinja
[2026-03-28T08:13:56.272] [DEBUG] debug-file - entry : default@BuildNativeWithNinja cost memory 0.02037811279296875
[2026-03-28T08:13:56.272] [DEBUG] debug-file - runTaskFromQueue task cost before running: 149 ms 
[2026-03-28T08:13:56.272] [INFO] debug-file - Finished :entry:default@BuildNativeWithNinja... after 1 ms 
[2026-03-28T08:13:56.273] [DEBUG] debug-file - restool module names: entry; moduleName=entry, taskName=default@ProcessResource
[2026-03-28T08:13:56.274] [DEBUG] debug-file - Executing task :entry:default@ProcessResource
[2026-03-28T08:13:56.274] [DEBUG] debug-file - Task 'entry:default@ProcessResource' cost while wrapping incremental declarations: 1 ms 
[2026-03-28T08:13:56.275] [DEBUG] debug-file - Incremental task entry:default@ProcessResource pre-execution cost: 1 ms .
[2026-03-28T08:13:56.275] [DEBUG] debug-file - entry : default@ProcessResource cost memory 0.12465667724609375
[2026-03-28T08:13:56.276] [INFO] debug-file - UP-TO-DATE :entry:default@ProcessResource...  
[2026-03-28T08:13:56.277] [DEBUG] debug-file - Executing task :entry:default@GenerateLoaderJson
[2026-03-28T08:13:56.277] [DEBUG] debug-file - Task 'entry:default@GenerateLoaderJson' cost while wrapping incremental declarations: 1 ms 
[2026-03-28T08:13:56.281] [DEBUG] debug-file - entry:default@GenerateLoaderJson is not up-to-date, since the task snapshots are different.
[2026-03-28T08:13:56.281] [DEBUG] debug-file - Incremental task entry:default@GenerateLoaderJson pre-execution cost: 3 ms .
[2026-03-28T08:13:56.283] [DEBUG] debug-file - entry : default@GenerateLoaderJson cost memory 0.76513671875
[2026-03-28T08:13:56.283] [DEBUG] debug-file - runTaskFromQueue task cost before running: 159 ms 
[2026-03-28T08:13:56.285] [INFO] debug-file - Finished :entry:default@GenerateLoaderJson... after 7 ms 
[2026-03-28T08:13:56.286] [DEBUG] debug-file - Executing task :entry:default@ProcessLibs
[2026-03-28T08:13:56.288] [DEBUG] debug-file - Incremental task entry:default@ProcessLibs pre-execution cost: 1 ms .
[2026-03-28T08:13:56.288] [DEBUG] debug-file - entry : default@ProcessLibs cost memory -1.5547714233398438
[2026-03-28T08:13:56.288] [INFO] debug-file - UP-TO-DATE :entry:default@ProcessLibs...  
[2026-03-28T08:13:56.289] [DEBUG] debug-file - restool module names: entry; moduleName=entry, taskName=default@CompileResource
[2026-03-28T08:13:56.289] [DEBUG] debug-file - Executing task :entry:default@CompileResource
[2026-03-28T08:13:56.304] [DEBUG] debug-file - Incremental task entry:default@CompileResource pre-execution cost: 14 ms .
[2026-03-28T08:13:56.304] [DEBUG] debug-file - entry : default@CompileResource cost memory -0.1254425048828125
[2026-03-28T08:13:56.305] [INFO] debug-file - UP-TO-DATE :entry:default@CompileResource...  
[2026-03-28T08:13:56.306] [DEBUG] debug-file - Executing task :entry:default@DoNativeStrip
[2026-03-28T08:13:56.306] [DEBUG] debug-file - Task 'entry:default@DoNativeStrip' cost while wrapping incremental declarations: 1 ms 
[2026-03-28T08:13:56.307] [DEBUG] debug-file - Incremental task entry:default@DoNativeStrip pre-execution cost: 1 ms .
[2026-03-28T08:13:56.307] [DEBUG] debug-file - entry : default@DoNativeStrip cost memory 0.07537841796875
[2026-03-28T08:13:56.307] [INFO] debug-file - UP-TO-DATE :entry:default@DoNativeStrip...  
[2026-03-28T08:13:56.308] [DEBUG] debug-file - Executing task :entry:default@CompileArkTS
[2026-03-28T08:13:56.308] [DEBUG] debug-file - obfuscationOptions: undefined
[2026-03-28T08:13:56.309] [DEBUG] debug-file - Task 'entry:default@CompileArkTS' cost while wrapping incremental declarations: 1 ms 
[2026-03-28T08:13:56.311] [DEBUG] debug-file - entry:default@CompileArkTS is not up-to-date, since the input file 'D:\HMAPPTEST\LiubaiNovel-ReReader\entry\build\default\intermediates\loader\default' has been changed.
[2026-03-28T08:13:56.311] [DEBUG] debug-file - Incremental task entry:default@CompileArkTS pre-execution cost: 2 ms .
[2026-03-28T08:13:56.317] [DEBUG] debug-file - build config:
[2026-03-28T08:13:56.317] [DEBUG] debug-file - {
  moduleType: 'entry',
  perf: 0,
  targetName: '.default',
  packageManagerType: 'ohpm',
  localPropertiesPath: 'D:\\HMAPPTEST\\LiubaiNovel-ReReader\\local.properties',
  isPreview: false,
  isOhosTest: false,
  isLocalTest: false,
  buildMode: 'Debug',
  hotReloadBuild: undefined,
  watchMode: 'false',
  aceProfilePath: 'D:\\HMAPPTEST\\LiubaiNovel-ReReader\\entry\\build\\default\\intermediates\\res\\default\\resources\\base\\profile',
  etsLoaderPath: 'D:\\Program Files\\Huawei\\DevEco Studio\\sdk\\default\\openharmony\\ets\\build-tools\\ets-loader',
  modulePath: 'D:\\HMAPPTEST\\LiubaiNovel-ReReader\\entry',
  testFrameworkPar: {
    testMode: undefined,
    coveragePathFilter: undefined,
    coverageMode: undefined
  },
  needCoverageInsert: false,
  debugLine: false,
  projectTopDir: 'D:\\HMAPPTEST\\LiubaiNovel-ReReader',
  compileSdkVersion: 22,
  compatibleSdkVersion: 16,
  originCompatibleSdkVersion: '5.0.4(16)',
  compatibleSdkVersionStage: undefined,
  bundleName: 'l***s',
  etsLoaderVersion: '6.0.2.130',
  etsLoaderReleaseType: 'Release',
  aotCompileMode: 'type',
  apPath: 'D:\\HMAPPTEST\\LiubaiNovel-ReReader\\entry\\modules.ap',
  entryModuleName: 'entry',
  entryModuleVersion: '1.0.0',
  entryPackageName: 'entry',
  allModuleNameHash: 'a11a1993f991714b0f6cbd939f95a832900df08bf6034ee64e8c9c7fd5263465',
  externalApiPaths: [
    'D:\\Program Files\\Huawei\\DevEco Studio\\sdk\\default\\hms\\ets'
  ],
  compilerTypes: [],
  isCrossplatform: false,
  hvigorPluginFile: undefined,
  compilePluginPath: undefined,
  buildGeneratedProfilePath: 'D:\\HMAPPTEST\\LiubaiNovel-ReReader\\entry\\build\\default\\generated\\profile\\default',
  bundleType: 'app',
  arkTSVersion: undefined,
  apiVersion: 22,
  needCompleteSourcesMap: false,
  isFaMode: false,
  buildDir: 'D:\\HMAPPTEST\\LiubaiNovel-ReReader\\entry\\build',
  deviceTypes: [ 'phone', 'tablet', '2in1' ],
  pkgContextInfo: undefined,
  ohPackagePathMap: {},
  dependencyAliasMap: {},
  permission: {
    requestPermissions: [ [Object], [Object], [Object], [Object], [Object] ],
    definePermissions: undefined
  },
  useGetCurrentBundleName: false,
  projectArkOption: undefined,
  sourceMapDir: undefined,
  branchElimination: false,
  transformLib: undefined,
  tsImportSendable: false,
  resolveConflictMode: true,
  depName2RootPath: {},
  depName2DepInfo: {},
  rootPathSet: [ 'D:\\HMAPPTEST\\LiubaiNovel-ReReader' ],
  useNativeResolver: true,
  shouldEmitJs: true,
  useTscResolve: false,
  singleFileEmit: false,
  userProjectConfig: {
    autoLazyImport: false,
    allowEmptyBundleName: false,
    reExportCheckMode: 'noCheck',
    executionMode: 'memory',
    usePathPlaceholder: false,
    writeRollupCache: true,
    isExpandImportEnabled: false,
    expandImportExclude: '',
    lazyImportExclude: '',
    lazyImportInclude: '',
    ignoreCrossplatformCheck: false,
    isHarDeduplicateEnabled: false,
    skipOhModulesLint: false,
    enableStrictCheckOHModule: false,
    disableSendableCheckRules: [],
    useDeclarationFileSignature: false,
    customizedOptions: undefined,
    integratedHsp: false,
    isPreloadSoEnabled: false
  },
  executionMode: 'memory',
  arkCompileCachePath: 'D:\\HMAPPTEST\\LiubaiNovel-ReReader\\entry\\build\\default\\cache\\default\\default@CompileArkTS\\esmodule',
  autoLazyFilter: undefined,
  isHarDeduplicateEnabled: false,
  intermediateHarDuplicateDirPath: 'D:\\HMAPPTEST\\LiubaiNovel-ReReader\\entry\\build\\default\\intermediates\\har_duplicate\\default',
  autoLazyImport: false,
  allowEmptyBundleName: false,
  reExportCheckMode: 'noCheck',
  usePathPlaceholder: false,
  writeRollupCache: true,
  isExpandImportEnabled: false,
  expandImportExclude: '',
  lazyImportExclude: '',
  lazyImportInclude: '',
  ignoreCrossplatformCheck: false,
  skipOhModulesLint: false,
  enableStrictCheckOHModule: false,
  disableSendableCheckRules: [],
  useDeclarationFileSignature: false,
  customizedOptions: undefined,
  integratedHsp: false,
  isPreloadSoEnabled: false,
  strictMode: undefined,
  useNormalizedOHMUrl: false,
  caseSensitiveCheck: false,
  aceModuleJsonPath: 'D:\\HMAPPTEST\\LiubaiNovel-ReReader\\entry\\build\\default\\intermediates\\res\\default\\ark_module.json',
  appResource: 'D:\\HMAPPTEST\\LiubaiNovel-ReReader\\entry\\build\\default\\intermediates\\res\\default\\ResourceTable.txt',
  rawFileResource: 'D:\\HMAPPTEST\\LiubaiNovel-ReReader\\entry\\build\\default\\intermediates\\res\\default\\resources\\rawfile',
  resourceTableHash: 'e96af14888fd3dfa95c7e44cb08959be069ee2f68010bf67dcbfa9c950f41361',
  runtimeOS: 'HarmonyOS',
  sdkInfo: 'false:22:6.0.2.130:Release',
  aceModuleRoot: 'D:\\HMAPPTEST\\LiubaiNovel-ReReader\\entry\\src\\main\\ets',
  compileMode: 'esmodule',
  aceSuperVisualPath: 'D:\\HMAPPTEST\\LiubaiNovel-ReReader\\entry\\src\\main\\supervisual',
  aceBuildJson: 'D:\\HMAPPTEST\\LiubaiNovel-ReReader\\entry\\build\\default\\intermediates\\loader\\default\\loader.json',
  cachePath: 'D:\\HMAPPTEST\\LiubaiNovel-ReReader\\entry\\build\\default\\cache\\default\\default@CompileArkTS\\esmodule\\debug',
  aceModuleBuild: 'D:\\HMAPPTEST\\LiubaiNovel-ReReader\\entry\\build\\default\\intermediates\\loader_out\\default\\ets',
  supportChunks: true,
  declaredFilesPath: undefined,
  shouldCollectDirectImportees: false,
  isByteCodeHarOptimize: false,
  expandImportPath: undefined,
  pkgNameToPkgBriefInfo: {
    entry: {
      pkgRoot: 'D:\\HMAPPTEST\\LiubaiNovel-ReReader\\entry',
      originalSourceRoots: undefined,
      sourceRoots: [Array],
      pkgName: 'entry'
    }
  },
  projectModel: {
    'D:\\HMAPPTEST\\LiubaiNovel-ReReader\\entry\\src\\main': {
      moduleName: 'entry',
      modulePkgPath: 'D:\\HMAPPTEST\\LiubaiNovel-ReReader\\entry',
      belongProjectPath: 'D:\\HMAPPTEST\\LiubaiNovel-ReReader'
    },
    'D:\\HMAPPTEST\\LiubaiNovel-ReReader\\entry': {
      moduleName: 'entry',
      modulePkgPath: 'D:\\HMAPPTEST\\LiubaiNovel-ReReader\\entry',
      belongProjectPath: 'D:\\HMAPPTEST\\LiubaiNovel-ReReader'
    },
    'D:\\HMAPPTEST\\LiubaiNovel-ReReader': {
      moduleName: 'LiubaiNovel-ReReader',
      modulePkgPath: 'D:\\HMAPPTEST\\LiubaiNovel-ReReader',
      belongProjectPath: 'D:\\HMAPPTEST\\LiubaiNovel-ReReader'
    }
  },
  pkgJsonFileHash: 'a6de197493e91058a2f95b29b195d09566b5469c816481caefb54d012cea0cdb',
  allModulePaths: [ 'D:\\HMAPPTEST\\LiubaiNovel-ReReader\\entry' ],
  routerMap: {},
  obfuscationOptions: undefined,
  byteCodeHarToDependencyKeys: undefined,
  compileBlockPkg: [],
  mockParams: {
    decorator: '@MockSetup',
    packageName: '@ohos/hamock',
    etsSourceRootPath: 'src/main/ets',
    mockConfigPath: undefined,
    mockConfigKey2ModuleInfo: {},
    source2ModuleIdMap: {}
  },
  copyCodeResourceEnable: true,
  copyCodeResourceExcludes: [],
  copyCodeResourceIncludes: undefined,
  uiTransformOptimization: false,
  sdkPath: 'D:/Program Files/Huawei/DevEco Studio/sdk',
  needPreloadSoFileSet: {},
  preloadSoFilePath: 'D:\\HMAPPTEST\\LiubaiNovel-ReReader\\entry\\build\\default\\intermediates\\preload\\default\\preload.json',
  useSourceHash: false,
  localModuleParamMap: {},
  otherPaths: {
    'entry/*': [
      '..\\*',
      '..\\..\\..\\build\\default\\generated\\profile\\default\\*'
    ]
  },
  collectImportersConfig: undefined
}
[2026-03-28T08:13:56.317] [DEBUG] debug-file - Compile arkts with external api path: D:\Program Files\Huawei\DevEco Studio\sdk\default\hms\ets
[2026-03-28T08:13:56.318] [DEBUG] debug-file - default@CompileArkTS work[5] is submitted.
[2026-03-28T08:13:56.318] [DEBUG] debug-file - default@CompileArkTS work[5] is pushed to ready queue.
[2026-03-28T08:13:56.318] [DEBUG] debug-file - A work dispatched to worker[15] failed because unable to get work from ready queue.
[2026-03-28T08:13:56.318] [DEBUG] debug-file - A work dispatched to worker[14] failed because unable to get work from ready queue.
[2026-03-28T08:13:56.318] [DEBUG] debug-file - A work dispatched to worker[13] failed because unable to get work from ready queue.
[2026-03-28T08:13:56.318] [DEBUG] debug-file - A work dispatched to worker[12] failed because unable to get work from ready queue.
[2026-03-28T08:13:56.318] [DEBUG] debug-file - A work dispatched to worker[11] failed because unable to get work from ready queue.
[2026-03-28T08:13:56.318] [DEBUG] debug-file - A work dispatched to worker[10] failed because unable to get work from ready queue.
[2026-03-28T08:13:56.318] [DEBUG] debug-file - A work dispatched to worker[9] failed because unable to get work from ready queue.
[2026-03-28T08:13:56.318] [DEBUG] debug-file - A work dispatched to worker[8] failed because unable to get work from ready queue.
[2026-03-28T08:13:56.318] [DEBUG] debug-file - A work dispatched to worker[7] failed because unable to get work from ready queue.
[2026-03-28T08:13:56.318] [DEBUG] debug-file - A work dispatched to worker[6] failed because unable to get work from ready queue.
[2026-03-28T08:13:56.318] [DEBUG] debug-file - A work dispatched to worker[5] failed because unable to get work from ready queue.
[2026-03-28T08:13:56.319] [DEBUG] debug-file - default@CompileArkTS work[5] has been dispatched to worker[4].
[2026-03-28T08:13:56.319] [DEBUG] debug-file - default@CompileArkTS work[5] is dispatched.
[2026-03-28T08:13:56.320] [DEBUG] debug-file - CopyResources startTime: 1689713473008000
[2026-03-28T08:13:56.320] [DEBUG] debug-file - default@CompileArkTS work[6] is submitted.
[2026-03-28T08:13:56.320] [DEBUG] debug-file - default@CompileArkTS work[6] is pushed to ready queue.
[2026-03-28T08:13:56.320] [DEBUG] debug-file - A work dispatched to worker[15] failed because unable to get work from ready queue.
[2026-03-28T08:13:56.320] [DEBUG] debug-file - Create  resident worker with id: 14.
[2026-03-28T08:13:56.321] [DEBUG] debug-file - default@CompileArkTS work[6] has been dispatched to worker[14].
[2026-03-28T08:13:56.321] [DEBUG] debug-file - default@CompileArkTS work[6] is dispatched.
[2026-03-28T08:13:56.321] [DEBUG] debug-file - entry : default@CompileArkTS cost memory 0.22849273681640625
[2026-03-28T08:13:56.322] [DEBUG] debug-file - Executing task :entry:default@BuildJS
[2026-03-28T08:13:56.322] [DEBUG] debug-file - Task 'entry:default@BuildJS' cost while wrapping incremental declarations: 1 ms 
[2026-03-28T08:13:56.325] [DEBUG] debug-file - entry : default@BuildJS cost memory 0.1437835693359375
[2026-03-28T08:13:56.325] [DEBUG] debug-file - runTaskFromQueue task cost before running: 201 ms 
[2026-03-28T08:13:56.325] [INFO] debug-file - Finished :entry:default@BuildJS... after 3 ms 
[2026-03-28T08:13:56.326] [DEBUG] debug-file - Executing task :entry:default@CacheNativeLibs
[2026-03-28T08:13:56.327] [DEBUG] debug-file - Task 'entry:default@CacheNativeLibs' cost while wrapping incremental declarations: 1 ms 
[2026-03-28T08:13:56.328] [DEBUG] debug-file - Incremental task entry:default@CacheNativeLibs pre-execution cost: 1 ms .
[2026-03-28T08:13:56.328] [DEBUG] debug-file - entry : default@CacheNativeLibs cost memory 0.08922576904296875
[2026-03-28T08:13:56.328] [INFO] debug-file - UP-TO-DATE :entry:default@CacheNativeLibs...  
[2026-03-28T08:13:57.297] [WARN] debug-file - [33mWARN: [33m[33mArkTS:WARN File: D:/HMAPPTEST/LiubaiNovel-ReReader/entry/src/main/ets/entryability/WindowAbility.ets:60:28
 Function may throw exceptions. Special handling is required.
[39m[39m
[33mWARN: [33m[33mArkTS:WARN File: D:/HMAPPTEST/LiubaiNovel-ReReader/entry/src/main/ets/entryability/WindowAbility.ets:62:42
 Function may throw exceptions. Special handling is required.
[39m[39m
[33mWARN: [33m[33mArkTS:WARN File: D:/HMAPPTEST/LiubaiNovel-ReReader/entry/src/main/ets/entryability/WindowAbility.ets:63:39
 Function may throw exceptions. Special handling is required.
[39m[39m
[33mWARN: [33m[33mArkTS:WARN File: D:/HMAPPTEST/LiubaiNovel-ReReader/entry/src/main/ets/entryability/WindowAbility.ets:113:5
 Function may throw exceptions. Special handling is required.
[39m[39m
[33mWARN: [33m[33mArkTS:WARN File: D:/HMAPPTEST/LiubaiNovel-ReReader/entry/src/main/ets/entryability/WindowAbility.ets:127:5
 Function may throw exceptions. Special handling is required.
[39m[39m
[33mWARN: [33m[33mArkTS:WARN File: D:/HMAPPTEST/LiubaiNovel-ReReader/entry/src/main/ets/entryability/WindowAbility.ets:140:35
 Function may throw exceptions. Special handling is required.
[39m[39m
[33mWARN: [33m[33mArkTS:WARN File: D:/HMAPPTEST/LiubaiNovel-ReReader/entry/src/main/ets/entryability/WindowAbility.ets:151:5
 Function may throw exceptions. Special handling is required.
[39m[39m
[33mWARN: [33m[33mArkTS:WARN File: D:/HMAPPTEST/LiubaiNovel-ReReader/entry/src/main/ets/utils/FileUtils.ets:43:12
 Function may throw exceptions. Special handling is required.
[39m[39m
[33mWARN: [33m[33mArkTS:WARN File: D:/HMAPPTEST/LiubaiNovel-ReReader/entry/src/main/ets/utils/FileUtils.ets:158:7
 Function may throw exceptions. Special handling is required.
[39m[39m
[33mWARN: [33m[33mArkTS:WARN File: D:/HMAPPTEST/LiubaiNovel-ReReader/entry/src/main/ets/common/LocalBookImporter.ets:87:7
 Function may throw exceptions. Special handling is required.
[39m[39m
[33mWARN: [33m[33mArkTS:WARN File: D:/HMAPPTEST/LiubaiNovel-ReReader/entry/src/main/ets/pages/Index.ets:772:12
 'pushUrl' has been deprecated.
[39m[39m
[33mWARN: [33m[33mArkTS:WARN File: D:/HMAPPTEST/LiubaiNovel-ReReader/entry/src/main/ets/pages/Index.ets:792:7
 Function may throw exceptions. Special handling is required.
[39m[39m
[33mWARN: [33m[33mArkTS:WARN File: D:/HMAPPTEST/LiubaiNovel-ReReader/entry/src/main/ets/pages/Index.ets:806:14
 'pushUrl' has been deprecated.
[39m[39m
[33mWARN: [33m[33mArkTS:WARN File: D:/HMAPPTEST/LiubaiNovel-ReReader/entry/src/main/ets/pages/Index.ets:823:7
 Function may throw exceptions. Special handling is required.
[39m[39m
[33mWARN: [33m[33mArkTS:WARN File: D:/HMAPPTEST/LiubaiNovel-ReReader/entry/src/main/ets/pages/Index.ets:848:12
 'pushUrl' has been deprecated.
[39m[39m
[33mWARN: [33m[33mArkTS:WARN File: D:/HMAPPTEST/LiubaiNovel-ReReader/entry/src/main/ets/pages/Index.ets:869:5
 Function may throw exceptions. Special handling is required.
[39m[39m
[33mWARN: [33m[33mArkTS:WARN File: D:/HMAPPTEST/LiubaiNovel-ReReader/entry/src/main/ets/pages/Index.ets:884:7
 Function may throw exceptions. Special handling is required.
[39m[39m
[33mWARN: [33m[33mArkTS:WARN File: D:/HMAPPTEST/LiubaiNovel-ReReader/entry/src/main/ets/pages/Index.ets:903:7
 Function may throw exceptions. Special handling is required.
[39m[39m
[33mWARN: [33m[33mArkTS:WARN File: D:/HMAPPTEST/LiubaiNovel-ReReader/entry/src/main/ets/pages/Index.ets:932:7
 Function may throw exceptions. Special handling is required.
[39m[39m
[33mWARN: [33m[33mArkTS:WARN File: D:/HMAPPTEST/LiubaiNovel-ReReader/entry/src/main/ets/pages/Index.ets:1012:7
 Function may throw exceptions. Special handling is required.
[39m[39m
[33mWARN: [33m[33mArkTS:WARN File: D:/HMAPPTEST/LiubaiNovel-ReReader/entry/src/main/ets/pages/RecommendPage.ets:47:23
 'getContext' has been deprecated.
[39m[39m
[33mWARN: [33m[33mArkTS:WARN File: D:/HMAPPTEST/LiubaiNovel-ReReader/entry/src/main/ets/pages/RecommendPage.ets:214:23
 'getContext' has been deprecated.
[39m[39m
[33mWARN: [33m[33mArkTS:WARN File: D:/HMAPPTEST/LiubaiNovel-ReReader/entry/src/main/ets/pages/RecommendPage.ets:234:23
 'getContext' has been deprecated.
[39m[39m
[33mWARN: [33m[33mArkTS:WARN File: D:/HMAPPTEST/LiubaiNovel-ReReader/entry/src/main/ets/pages/Mine.ets:44:21
 'getContext' has been deprecated.
[39m[39m
[33mWARN: [33m[33mArkTS:WARN File: D:/HMAPPTEST/LiubaiNovel-ReReader/entry/src/main/ets/pages/Mine.ets:46:24
 Function may throw exceptions. Special handling is required.
[39m[39m
[33mWARN: [33m[33mArkTS:WARN File: D:/HMAPPTEST/LiubaiNovel-ReReader/entry/src/main/ets/pages/BookSourcePage.ets:216:29
 'getParams' has been deprecated.
[39m[39m
[33mWARN: [33m[33mArkTS:WARN File: D:/HMAPPTEST/LiubaiNovel-ReReader/entry/src/main/ets/pages/BookSourcePage.ets:257:7
 Function may throw exceptions. Special handling is required.
[39m[39m
[33mWARN: [33m[33mArkTS:WARN File: D:/HMAPPTEST/LiubaiNovel-ReReader/entry/src/main/ets/pages/BookSourcePage.ets:291:7
 Function may throw exceptions. Special handling is required.
[39m[39m
[33mWARN: [33m[33mArkTS:WARN File: D:/HMAPPTEST/LiubaiNovel-ReReader/entry/src/main/ets/pages/BookSourcePage.ets:303:23
 'getContext' has been deprecated.
[39m[39m
[33mWARN: [33m[33mArkTS:WARN File: D:/HMAPPTEST/LiubaiNovel-ReReader/entry/src/main/ets/pages/BookSourcePage.ets:312:7
 Function may throw exceptions. Special handling is required.
[39m[39m
[33mWARN: [33m[33mArkTS:WARN File: D:/HMAPPTEST/LiubaiNovel-ReReader/entry/src/main/ets/pages/BookSourcePage.ets:385:37
 'decode' has been deprecated.
[39m[39m
[33mWARN: [33m[33mArkTS:WARN File: D:/HMAPPTEST/LiubaiNovel-ReReader/entry/src/main/ets/pages/BookSourcePage.ets:429:7
 Function may throw exceptions. Special handling is required.
[39m[39m
[33mWARN: [33m[33mArkTS:WARN File: D:/HMAPPTEST/LiubaiNovel-ReReader/entry/src/main/ets/pages/BookSourcePage.ets:465:7
 Function may throw exceptions. Special handling is required.
[39m[39m
[33mWARN: [33m[33mArkTS:WARN File: D:/HMAPPTEST/LiubaiNovel-ReReader/entry/src/main/ets/pages/BookSourcePage.ets:504:7
 Function may throw exceptions. Special handling is required.
[39m[39m
[33mWARN: [33m[33mArkTS:WARN File: D:/HMAPPTEST/LiubaiNovel-ReReader/entry/src/main/ets/pages/BookSourcePage.ets:525:14
 'pushUrl' has been deprecated.
[39m[39m
[33mWARN: [33m[33mArkTS:WARN File: D:/HMAPPTEST/LiubaiNovel-ReReader/entry/src/main/ets/pages/BookSourcePage.ets:544:7
 Function may throw exceptions. Special handling is required.
[39m[39m
[33mWARN: [33m[33mArkTS:WARN File: D:/HMAPPTEST/LiubaiNovel-ReReader/entry/src/main/ets/pages/BookSourcePage.ets:566:14
 'pushUrl' has been deprecated.
[39m[39m
[33mWARN: [33m[33mArkTS:WARN File: D:/HMAPPTEST/LiubaiNovel-ReReader/entry/src/main/ets/pages/BookSourceEditPage.ets:159:29
 'getParams' has been deprecated.
[39m[39m
[33mWARN: [33m[33mArkTS:WARN File: D:/HMAPPTEST/LiubaiNovel-ReReader/entry/src/main/ets/pages/BookSourceEditPage.ets:331:14
 'replaceUrl' has been deprecated.
[39m[39m
[33mWARN: [33m[33mArkTS:WARN File: D:/HMAPPTEST/LiubaiNovel-ReReader/entry/src/main/ets/pages/BookSourceEditPage.ets:342:16
 'back' has been deprecated.
[39m[39m
[33mWARN: [33m[33mArkTS:WARN File: D:/HMAPPTEST/LiubaiNovel-ReReader/entry/src/main/ets/pages/BookSourceEditPage.ets:347:14
 'back' has been deprecated.
[39m[39m
[33mWARN: [33m[33mArkTS:WARN File: D:/HMAPPTEST/LiubaiNovel-ReReader/entry/src/main/ets/pages/BookSourceEditPage.ets:355:12
 'back' has been deprecated.
[39m[39m
[33mWARN: [33m[33mArkTS:WARN File: D:/HMAPPTEST/LiubaiNovel-ReReader/entry/src/main/ets/pages/BookDetailPage.ets:65:29
 'getParams' has been deprecated.
[39m[39m
[33mWARN: [33m[33mArkTS:WARN File: D:/HMAPPTEST/LiubaiNovel-ReReader/entry/src/main/ets/pages/BookDetailPage.ets:278:7
 Function may throw exceptions. Special handling is required.
[39m[39m
[33mWARN: [33m[33mArkTS:WARN File: D:/HMAPPTEST/LiubaiNovel-ReReader/entry/src/main/ets/pages/BookDetailPage.ets:335:9
 Function may throw exceptions. Special handling is required.
[39m[39m
[33mWARN: [33m[33mArkTS:WARN File: D:/HMAPPTEST/LiubaiNovel-ReReader/entry/src/main/ets/pages/BookDetailPage.ets:343:12
 'pushUrl' has been deprecated.
[39m[39m
[33mWARN: [33m[33mArkTS:WARN File: D:/HMAPPTEST/LiubaiNovel-ReReader/entry/src/main/ets/pages/BookDetailPage.ets:373:12
 'pushUrl' has been deprecated.
[39m[39m
[33mWARN: [33m[33mArkTS:WARN File: D:/HMAPPTEST/LiubaiNovel-ReReader/entry/src/main/ets/pages/BookDetailPage.ets:471:7
 Function may throw exceptions. Special handling is required.
[39m[39m
[33mWARN: [33m[33mArkTS:WARN File: D:/HMAPPTEST/LiubaiNovel-ReReader/entry/src/main/ets/pages/BookDetailPage.ets:481:12
 'back' has been deprecated.
[39m[39m
[33mWARN: [33m[33mArkTS:WARN File: D:/HMAPPTEST/LiubaiNovel-ReReader/entry/src/main/ets/reader/providers/EpubParser.ets:173:11
 Function may throw exceptions. Special handling is required.
[39m[39m
[33mWARN: [33m[33mArkTS:WARN File: D:/HMAPPTEST/LiubaiNovel-ReReader/entry/src/main/ets/reader/providers/EpubParser.ets:411:18
 Function may throw exceptions. Special handling is required.
[39m[39m
[33mWARN: [33m[33mArkTS:WARN File: D:/HMAPPTEST/LiubaiNovel-ReReader/entry/src/main/ets/reader/providers/EpubParser.ets:412:18
 Function may throw exceptions. Special handling is required.
[39m[39m
[33mWARN: [33m[33mArkTS:WARN File: D:/HMAPPTEST/LiubaiNovel-ReReader/entry/src/main/ets/reader/providers/EpubParser.ets:414:5
 Function may throw exceptions. Special handling is required.
[39m[39m
[33mWARN: [33m[33mArkTS:WARN File: D:/HMAPPTEST/LiubaiNovel-ReReader/entry/src/main/ets/reader/providers/EpubParser.ets:415:5
 Function may throw exceptions. Special handling is required.
[39m[39m
[33mWARN: [33m[33mArkTS:WARN File: D:/HMAPPTEST/LiubaiNovel-ReReader/entry/src/main/ets/reader/providers/LocalBookProvider.ets:183:18
 Function may throw exceptions. Special handling is required.
[39m[39m
[33mWARN: [33m[33mArkTS:WARN File: D:/HMAPPTEST/LiubaiNovel-ReReader/entry/src/main/ets/reader/providers/LocalBookProvider.ets:184:18
 Function may throw exceptions. Special handling is required.
[39m[39m
[33mWARN: [33m[33mArkTS:WARN File: D:/HMAPPTEST/LiubaiNovel-ReReader/entry/src/main/ets/reader/providers/LocalBookProvider.ets:186:5
 Function may throw exceptions. Special handling is required.
[39m[39m
[33mWARN: [33m[33mArkTS:WARN File: D:/HMAPPTEST/LiubaiNovel-ReReader/entry/src/main/ets/reader/providers/LocalBookProvider.ets:187:5
 Function may throw exceptions. Special handling is required.
[39m[39m
[33mWARN: [33m[33mArkTS:WARN File: D:/HMAPPTEST/LiubaiNovel-ReReader/entry/src/main/ets/reader/tts/TTSController.ets:324:5
 Function may throw exceptions. Special handling is required.
[39m[39m
[33mWARN: [33m[33mArkTS:WARN File: D:/HMAPPTEST/LiubaiNovel-ReReader/entry/src/main/ets/pages/UnifiedReaderPage.ets:140:21
 'getContext' has been deprecated.
[39m[39m
[33mWARN: [33m[33mArkTS:WARN File: D:/HMAPPTEST/LiubaiNovel-ReReader/entry/src/main/ets/pages/UnifiedReaderPage.ets:155:27
 'getParams' has been deprecated.
[39m[39m
[33mWARN: [33m[33mArkTS:WARN File: D:/HMAPPTEST/LiubaiNovel-ReReader/entry/src/main/ets/pages/UnifiedReaderPage.ets:316:39
 'back' has been deprecated.
[39m[39m
[33mWARN: [33m[33mArkTS:WARN File: D:/HMAPPTEST/LiubaiNovel-ReReader/entry/src/main/ets/pages/UnifiedReaderPage.ets:411:20
 'back' has been deprecated.
[39m[39m
[33mWARN: [33m[33mArkTS:WARN File: D:/HMAPPTEST/LiubaiNovel-ReReader/entry/src/main/ets/pages/UnifiedReaderPage.ets:448:22
 'pushUrl' has been deprecated.
[39m[39m
[33mWARN: [33m[33mArkTS:WARN File: D:/HMAPPTEST/LiubaiNovel-ReReader/entry/src/main/ets/pages/UnifiedReaderPage.ets:871:7
 Function may throw exceptions. Special handling is required.
[39m[39m
[33mWARN: [33m[33mArkTS:WARN File: D:/HMAPPTEST/LiubaiNovel-ReReader/entry/src/main/ets/pages/UnifiedReaderPage.ets:871:20
 'showToast' has been deprecated.
[39m[39m
[33mWARN: [33m[33mArkTS:WARN File: D:/HMAPPTEST/LiubaiNovel-ReReader/entry/src/main/ets/pages/UnifiedReaderPage.ets:881:7
 Function may throw exceptions. Special handling is required.
[39m[39m
[33mWARN: [33m[33mArkTS:WARN File: D:/HMAPPTEST/LiubaiNovel-ReReader/entry/src/main/ets/pages/UnifiedReaderPage.ets:881:20
 'showToast' has been deprecated.
[39m[39m
[33mWARN: [33m[33mArkTS:WARN File: D:/HMAPPTEST/LiubaiNovel-ReReader/entry/src/main/ets/pages/UnifiedReaderPage.ets:905:22
 'showToast' has been deprecated.
[39m[39m

[2026-03-28T08:13:57.298] [DEBUG] debug-file - worker[4] has one work done.
[2026-03-28T08:13:57.299] [DEBUG] debug-file - default@CompileArkTS work[5] done.
[2026-03-28T08:13:57.298] [DEBUG] debug-file - Ark compile task finished.finished time is 1689714451204400
[2026-03-28T08:13:57.299] [DEBUG] debug-file - A work dispatched to worker[4] failed because unable to get work from ready queue.
[2026-03-28T08:14:06.779] [DEBUG] debug-file - worker[14] has one work done.
[2026-03-28T08:14:06.779] [DEBUG] debug-file - CopyResources is end, endTime: 1689723932838600
[2026-03-28T08:14:06.780] [DEBUG] debug-file - default@CompileArkTS work[6] done.
[2026-03-28T08:14:06.780] [DEBUG] debug-file - A work dispatched to worker[14] failed because unable to get work from ready queue.
[2026-03-28T08:14:06.781] [INFO] debug-file - Finished :entry:default@CompileArkTS... after 1 s 2 ms 
[2026-03-28T08:14:06.782] [DEBUG] debug-file - Executing task :entry:default@GeneratePkgModuleJson
[2026-03-28T08:14:06.782] [DEBUG] debug-file - File: 'D:\HMAPPTEST\LiubaiNovel-ReReader\entry\build\default\intermediates\preload\default\preload.json' from 'preloadSoJsonPath' is not exists, just ignore.
[2026-03-28T08:14:06.782] [DEBUG] debug-file - Error occurs while handling @Input 'shouldDeduplicateHar': The "data" argument must be of type string or an instance of Buffer, TypedArray, or DataView. Received undefined
[2026-03-28T08:14:06.782] [DEBUG] debug-file - Task 'entry:default@GeneratePkgModuleJson' cost while wrapping incremental declarations: 1 ms 
[2026-03-28T08:14:06.783] [DEBUG] debug-file - Incremental task entry:default@GeneratePkgModuleJson pre-execution cost: 1 ms .
[2026-03-28T08:14:06.783] [DEBUG] debug-file - entry : default@GeneratePkgModuleJson cost memory 0.10181427001953125
[2026-03-28T08:14:06.783] [INFO] debug-file - UP-TO-DATE :entry:default@GeneratePkgModuleJson...  
[2026-03-28T08:14:06.784] [DEBUG] debug-file - Executing task :entry:default@ProcessCompiledResources
[2026-03-28T08:14:06.784] [DEBUG] debug-file - File: 'D:\HMAPPTEST\LiubaiNovel-ReReader\entry\build\default\intermediates\preload\default\preload.json' from 'preloadSoJsonPath' is not exists, just ignore.
[2026-03-28T08:14:06.784] [DEBUG] debug-file - Task 'entry:default@ProcessCompiledResources' cost while wrapping incremental declarations: 1 ms 
[2026-03-28T08:14:06.784] [DEBUG] debug-file - entry : default@ProcessCompiledResources cost memory 0.05753326416015625
[2026-03-28T08:14:06.784] [DEBUG] debug-file - runTaskFromQueue task cost before running: 10 s 661 ms 
[2026-03-28T08:14:06.785] [INFO] debug-file - Finished :entry:default@ProcessCompiledResources... after 1 ms 
[2026-03-28T08:14:06.787] [DEBUG] debug-file - Executing task :entry:default@PackageHap
[2026-03-28T08:14:06.794] [DEBUG] debug-file - entry:default@PackageHap is not up-to-date, since the input file 'D:\HMAPPTEST\LiubaiNovel-ReReader\entry\build\default\intermediates\loader_out\default\ets' has been changed.
[2026-03-28T08:14:06.794] [DEBUG] debug-file - Incremental task entry:default@PackageHap pre-execution cost: 6 ms .
[2026-03-28T08:14:06.794] [DEBUG] debug-file - Use tool [D:\Program Files\Huawei\DevEco Studio\sdk\default\openharmony\toolchains\lib\app_packing_tool.jar]
 [
  'java',
  '-Dfile.encoding=GBK',
  '-jar',
  'D:\\Program Files\\Huawei\\DevEco Studio\\sdk\\default\\openharmony\\toolchains\\lib\\app_packing_tool.jar',
  '--mode',
  'hap',
  '--force',
  'true',
  '--lib-path',
  'D:\\HMAPPTEST\\LiubaiNovel-ReReader\\entry\\build\\default\\intermediates\\stripped_native_libs\\default',
  '--json-path',
  'D:\\HMAPPTEST\\LiubaiNovel-ReReader\\entry\\build\\default\\intermediates\\package\\default\\module.json',
  '--resources-path',
  'D:\\HMAPPTEST\\LiubaiNovel-ReReader\\entry\\build\\default\\intermediates\\res\\default\\resources',
  '--index-path',
  'D:\\HMAPPTEST\\LiubaiNovel-ReReader\\entry\\build\\default\\intermediates\\res\\default\\resources.index',
  '--pack-info-path',
  'D:\\HMAPPTEST\\LiubaiNovel-ReReader\\entry\\build\\default\\outputs\\default\\pack.info',
  '--out-path',
  'D:\\HMAPPTEST\\LiubaiNovel-ReReader\\entry\\build\\default\\outputs\\default\\entry-default-unsigned.hap',
  '--ets-path',
  'D:\\HMAPPTEST\\LiubaiNovel-ReReader\\entry\\build\\default\\intermediates\\loader_out\\default\\ets'
]
[2026-03-28T08:14:06.836] [DEBUG] debug-file - java daemon socket received message:{"code":0,"message":"pack success"}
[2026-03-28T08:14:06.838] [DEBUG] debug-file - entry : default@PackageHap cost memory -1.0424880981445312
[2026-03-28T08:14:06.838] [DEBUG] debug-file - runTaskFromQueue task cost before running: 10 s 715 ms 
[2026-03-28T08:14:06.839] [INFO] debug-file - Finished :entry:default@PackageHap... after 52 ms 
[2026-03-28T08:14:06.840] [DEBUG] debug-file - Executing task :entry:default@PackingCheck
[2026-03-28T08:14:06.845] [DEBUG] debug-file - entry : default@PackingCheck cost memory -0.16596221923828125
[2026-03-28T08:14:06.845] [DEBUG] debug-file - runTaskFromQueue task cost before running: 10 s 722 ms 
[2026-03-28T08:14:06.845] [INFO] debug-file - Finished :entry:default@PackingCheck... after 5 ms 
[2026-03-28T08:14:06.846] [DEBUG] debug-file - Executing task :entry:default@SignHap
[2026-03-28T08:14:06.848] [DEBUG] debug-file - entry:default@SignHap is not up-to-date, since the input file 'D:\HMAPPTEST\LiubaiNovel-ReReader\entry\build\default\outputs\default\entry-default-unsigned.hap' has been changed.
[2026-03-28T08:14:06.848] [DEBUG] debug-file - Incremental task entry:default@SignHap pre-execution cost: 1 ms .
[2026-03-28T08:14:06.862] [DEBUG] debug-file - java daemon socket close code:1000 reason:close by user
[2026-03-28T08:14:06.889] [DEBUG] debug-file - java daemon socket received message:{"code":0,"message":"verify profile success"}
[2026-03-28T08:14:06.892] [DEBUG] debug-file - java daemon socket close code:1000 reason:close by user
[2026-03-28T08:14:07.047] [DEBUG] debug-file - java daemon socket received message:{"code":0,"message":"sign app success"}
[2026-03-28T08:14:07.048] [DEBUG] debug-file - entry : default@SignHap cost memory 0.5999298095703125
[2026-03-28T08:14:07.048] [DEBUG] debug-file - runTaskFromQueue task cost before running: 10 s 924 ms 
[2026-03-28T08:14:07.049] [INFO] debug-file - Finished :entry:default@SignHap... after 202 ms 
[2026-03-28T08:14:07.050] [DEBUG] debug-file - Executing task :entry:default@CollectDebugSymbol
[2026-03-28T08:14:07.051] [DEBUG] debug-file - entry : default@CollectDebugSymbol cost memory 0.0847015380859375
[2026-03-28T08:14:07.051] [DEBUG] debug-file - runTaskFromQueue task cost before running: 10 s 927 ms 
[2026-03-28T08:14:07.051] [INFO] debug-file - Finished :entry:default@CollectDebugSymbol... after 1 ms 
[2026-03-28T08:14:07.051] [DEBUG] debug-file - Executing task :entry:assembleHap
[2026-03-28T08:14:07.052] [DEBUG] debug-file - entry : assembleHap cost memory 0.01270294189453125
[2026-03-28T08:14:07.052] [DEBUG] debug-file - runTaskFromQueue task cost before running: 10 s 928 ms 
[2026-03-28T08:14:07.052] [INFO] debug-file - Finished :entry:assembleHap... after 1 ms 
[2026-03-28T08:14:07.801] [INFO] debug-file - BUILD SUCCESSFUL in 11 s 677 ms 
[2026-03-28T08:14:07.802] [DEBUG] debug-file - Update task entry:default@PreBuild input file:D:\HMAPPTEST\LiubaiNovel-ReReader\AppScope\app.json5 cache by regenerate.
[2026-03-28T08:14:07.802] [DEBUG] debug-file - Update task entry:default@PreBuild input file:D:\HMAPPTEST\LiubaiNovel-ReReader\entry\src\main\module.json5 cache by regenerate.
[2026-03-28T08:14:07.802] [DEBUG] debug-file - Update task entry:default@PreBuild input file:D:\HMAPPTEST\LiubaiNovel-ReReader\build-profile.json5 cache by regenerate.
[2026-03-28T08:14:07.803] [DEBUG] debug-file - Update task entry:default@PreBuild input file:D:\HMAPPTEST\LiubaiNovel-ReReader\entry\build-profile.json5 cache by regenerate.
[2026-03-28T08:14:07.803] [DEBUG] debug-file - Update task entry:default@PreBuild input file:D:\HMAPPTEST\LiubaiNovel-ReReader\entry\src\main\resources\base\profile\main_pages.json cache by regenerate.
[2026-03-28T08:14:07.803] [DEBUG] debug-file - Update task entry:default@PreBuild input file:D:\HMAPPTEST\LiubaiNovel-ReReader\hvigor\hvigor-config.json5 cache by regenerate.
[2026-03-28T08:14:07.803] [DEBUG] debug-file - Update task entry:default@PreBuild input file:D:\HMAPPTEST\LiubaiNovel-ReReader\entry\oh-package.json5 cache by regenerate.
[2026-03-28T08:14:07.803] [DEBUG] debug-file - Update task entry:default@PreBuild input file:D:\HMAPPTEST\LiubaiNovel-ReReader\oh-package.json5 cache by regenerate.
[2026-03-28T08:14:07.804] [DEBUG] debug-file - Incremental task entry:default@PreBuild post-execution cost:3 ms .
[2026-03-28T08:14:07.804] [DEBUG] debug-file - Update task entry:default@CreateModuleInfo output file:D:\HMAPPTEST\LiubaiNovel-ReReader\entry\build\default\generated\profile\default\ModuleInfo.ts cache.
[2026-03-28T08:14:07.804] [DEBUG] debug-file - Incremental task entry:default@CreateModuleInfo post-execution cost:1 ms .
[2026-03-28T08:14:07.804] [DEBUG] debug-file - There is no need to refresh cache, since the incremental task entry:default@GenerateMetadata is up-to-date.
[2026-03-28T08:14:07.804] [DEBUG] debug-file - There is no need to refresh cache, since the incremental task entry:default@MergeProfile is up-to-date.
[2026-03-28T08:14:07.804] [DEBUG] debug-file - There is no need to refresh cache, since the incremental task entry:default@CreateBuildProfile is up-to-date.
[2026-03-28T08:14:07.804] [DEBUG] debug-file - Update task entry:default@GeneratePkgContextInfo output file:D:\HMAPPTEST\LiubaiNovel-ReReader\entry\build\default\intermediates\loader\default\pkgContextInfo.json cache.
[2026-03-28T08:14:07.805] [DEBUG] debug-file - Incremental task entry:default@GeneratePkgContextInfo post-execution cost:1 ms .
[2026-03-28T08:14:07.805] [DEBUG] debug-file - Update task entry:default@ProcessIntegratedHsp output file:D:\HMAPPTEST\LiubaiNovel-ReReader\build\cache\default\integrated_hsp\integratedHspCache.json cache.
[2026-03-28T08:14:07.805] [DEBUG] debug-file - Incremental task entry:default@ProcessIntegratedHsp post-execution cost:1 ms .
[2026-03-28T08:14:07.805] [DEBUG] debug-file - There is no need to refresh cache, since the incremental task entry:default@MakePackInfo is up-to-date.
[2026-03-28T08:14:07.805] [DEBUG] debug-file - Update task entry:default@SyscapTransform input file:D:\Program Files\Huawei\DevEco Studio\sdk\default\openharmony\toolchains\syscap_tool.exe cache by regenerate.
[2026-03-28T08:14:07.805] [DEBUG] debug-file - Update task entry:default@SyscapTransform input file:D:\Program Files\Huawei\DevEco Studio\sdk\default\openharmony\ets\api\device-define cache by regenerate.
[2026-03-28T08:14:07.806] [DEBUG] debug-file - Update task entry:default@SyscapTransform output file:D:\HMAPPTEST\LiubaiNovel-ReReader\entry\build\default\intermediates\syscap\default\rpcid.sc cache.
[2026-03-28T08:14:07.806] [DEBUG] debug-file - Incremental task entry:default@SyscapTransform post-execution cost:2 ms .
[2026-03-28T08:14:07.806] [DEBUG] debug-file - There is no need to refresh cache, since the incremental task entry:default@ProcessProfile is up-to-date.
[2026-03-28T08:14:07.806] [DEBUG] debug-file - There is no need to refresh cache, since the incremental task entry:default@ProcessRouterMap is up-to-date.
[2026-03-28T08:14:07.806] [DEBUG] debug-file - There is no need to refresh cache, since the incremental task entry:default@ProcessShareConfig is up-to-date.
[2026-03-28T08:14:07.807] [DEBUG] debug-file - Update task entry:default@ProcessStartupConfig output file:D:\HMAPPTEST\LiubaiNovel-ReReader\entry\build\default\intermediates\startup\default\startup_config.json cache.
[2026-03-28T08:14:07.807] [DEBUG] debug-file - Incremental task entry:default@ProcessStartupConfig post-execution cost:1 ms .
[2026-03-28T08:14:07.807] [DEBUG] debug-file - There is no need to refresh cache, since the incremental task entry:default@ProcessResource is up-to-date.
[2026-03-28T08:14:07.809] [DEBUG] debug-file - Update task entry:default@GenerateLoaderJson input file:D:\HMAPPTEST\LiubaiNovel-ReReader\entry\build\default\intermediates\router_map\default\temp-router-map.json cache by regenerate.
[2026-03-28T08:14:07.809] [DEBUG] debug-file - Update task entry:default@GenerateLoaderJson output file:D:\HMAPPTEST\LiubaiNovel-ReReader\entry\build\default\intermediates\loader\default\loader.json cache.
[2026-03-28T08:14:07.809] [DEBUG] debug-file - Incremental task entry:default@GenerateLoaderJson post-execution cost:2 ms .
[2026-03-28T08:14:07.809] [DEBUG] debug-file - There is no need to refresh cache, since the incremental task entry:default@ProcessLibs is up-to-date.
[2026-03-28T08:14:07.809] [DEBUG] debug-file - There is no need to refresh cache, since the incremental task entry:default@CompileResource is up-to-date.
[2026-03-28T08:14:07.809] [DEBUG] debug-file - There is no need to refresh cache, since the incremental task entry:default@DoNativeStrip is up-to-date.
[2026-03-28T08:14:07.810] [DEBUG] debug-file - Update task entry:default@CompileArkTS input file:D:\HMAPPTEST\LiubaiNovel-ReReader\entry\build\default\intermediates\loader\default cache from map.
[2026-03-28T08:14:07.810] [DEBUG] debug-file - Update task entry:default@CompileArkTS input file:D:\HMAPPTEST\LiubaiNovel-ReReader\entry\build\default\intermediates\res\default\resources\rawfile cache by regenerate.
[2026-03-28T08:14:07.811] [DEBUG] debug-file - Update task entry:default@CompileArkTS input file:D:\HMAPPTEST\LiubaiNovel-ReReader\entry\build\default\intermediates\res\default\ResourceTable.txt cache by regenerate.
[2026-03-28T08:14:07.811] [DEBUG] debug-file - Update task entry:default@CompileArkTS input file:D:\HMAPPTEST\LiubaiNovel-ReReader\entry\build\default\intermediates\res\default\ark_module.json cache by regenerate.
[2026-03-28T08:14:07.811] [DEBUG] debug-file - Update task entry:default@CompileArkTS input file:D:\HMAPPTEST\LiubaiNovel-ReReader\entry\build\default\intermediates\res\default\resources\base\profile cache by regenerate.
[2026-03-28T08:14:07.811] [DEBUG] debug-file - Update task entry:default@CompileArkTS input file:D:\HMAPPTEST\LiubaiNovel-ReReader\entry\src\main\ets cache by regenerate.
[2026-03-28T08:14:07.819] [DEBUG] debug-file - Update task entry:default@CompileArkTS input file:D:\HMAPPTEST\LiubaiNovel-ReReader\entry\build\default\generated\profile\default\BuildProfile.ets cache by regenerate.
[2026-03-28T08:14:07.819] [DEBUG] debug-file - Update task entry:default@CompileArkTS output file:D:\HMAPPTEST\LiubaiNovel-ReReader\entry\build\default\intermediates\loader_out\default\ets cache.
[2026-03-28T08:14:07.820] [DEBUG] debug-file - Incremental task entry:default@CompileArkTS post-execution cost:12 ms .
[2026-03-28T08:14:07.821] [DEBUG] debug-file - Update task entry:default@BuildJS input file:D:\HMAPPTEST\LiubaiNovel-ReReader\entry\build\default\intermediates\loader\default cache by regenerate.
[2026-03-28T08:14:07.822] [DEBUG] debug-file - Update task entry:default@BuildJS input file:D:\HMAPPTEST\LiubaiNovel-ReReader\entry\build\default\intermediates\res\default\resources\rawfile cache by regenerate.
[2026-03-28T08:14:07.823] [DEBUG] debug-file - Update task entry:default@BuildJS input file:D:\HMAPPTEST\LiubaiNovel-ReReader\entry\build\default\intermediates\res\default\ResourceTable.txt cache by regenerate.
[2026-03-28T08:14:07.824] [DEBUG] debug-file - Update task entry:default@BuildJS input file:D:\HMAPPTEST\LiubaiNovel-ReReader\entry\build\default\intermediates\res\default\ark_module.json cache by regenerate.
[2026-03-28T08:14:07.824] [DEBUG] debug-file - Update task entry:default@BuildJS input file:D:\HMAPPTEST\LiubaiNovel-ReReader\entry\build\default\intermediates\res\default\resources\base\profile cache by regenerate.
[2026-03-28T08:14:07.825] [DEBUG] debug-file - Update task entry:default@BuildJS output file:D:\HMAPPTEST\LiubaiNovel-ReReader\entry\build\default\intermediates\loader_out\default\js cache.
[2026-03-28T08:14:07.825] [DEBUG] debug-file - Incremental task entry:default@BuildJS post-execution cost:5 ms .
[2026-03-28T08:14:07.825] [DEBUG] debug-file - There is no need to refresh cache, since the incremental task entry:default@CacheNativeLibs is up-to-date.
[2026-03-28T08:14:07.826] [DEBUG] debug-file - There is no need to refresh cache, since the incremental task entry:default@GeneratePkgModuleJson is up-to-date.
[2026-03-28T08:14:07.826] [DEBUG] debug-file - Incremental task entry:default@ProcessCompiledResources post-execution cost:1 ms .
[2026-03-28T08:14:07.827] [DEBUG] debug-file - Update task entry:default@PackageHap input file:D:\HMAPPTEST\LiubaiNovel-ReReader\entry\build\default\intermediates\stripped_native_libs\default cache by regenerate.
[2026-03-28T08:14:07.827] [DEBUG] debug-file - Update task entry:default@PackageHap input file:D:\HMAPPTEST\LiubaiNovel-ReReader\entry\build\default\intermediates\res\default\module.json cache by regenerate.
[2026-03-28T08:14:07.828] [DEBUG] debug-file - Update task entry:default@PackageHap input file:D:\HMAPPTEST\LiubaiNovel-ReReader\entry\build\default\intermediates\res\default\resources cache by regenerate.
[2026-03-28T08:14:07.832] [DEBUG] debug-file - Update task entry:default@PackageHap input file:D:\HMAPPTEST\LiubaiNovel-ReReader\entry\build\default\intermediates\res\default\resources.index cache by regenerate.
[2026-03-28T08:14:07.832] [DEBUG] debug-file - Update task entry:default@PackageHap input file:D:\HMAPPTEST\LiubaiNovel-ReReader\entry\build\default\outputs\default\pack.info cache by regenerate.
[2026-03-28T08:14:07.833] [DEBUG] debug-file - Update task entry:default@PackageHap input file:D:\HMAPPTEST\LiubaiNovel-ReReader\entry\build\default\intermediates\loader_out\default\ets cache from map.
[2026-03-28T08:14:07.833] [DEBUG] debug-file - Update task entry:default@PackageHap input file:D:\HMAPPTEST\LiubaiNovel-ReReader\entry\build\default\intermediates\loader_out\default\ets\sourceMaps.map cache by regenerate.
[2026-03-28T08:14:07.833] [DEBUG] debug-file - Update task entry:default@PackageHap input file:D:\HMAPPTEST\LiubaiNovel-ReReader\entry\build\default\generated\profile\default\BuildProfile.ets cache by regenerate.
[2026-03-28T08:14:07.833] [DEBUG] debug-file - Update task entry:default@PackageHap output file:D:\HMAPPTEST\LiubaiNovel-ReReader\entry\build\default\outputs\default\entry-default-unsigned.hap cache.
[2026-03-28T08:14:07.833] [DEBUG] debug-file - Update task entry:default@PackageHap output file:D:\HMAPPTEST\LiubaiNovel-ReReader\entry\build\default\intermediates\source_map\default\sourceMaps.map cache.
[2026-03-28T08:14:07.833] [DEBUG] debug-file - Update task entry:default@PackageHap output file:D:\HMAPPTEST\LiubaiNovel-ReReader\entry\build\default\outputs\default\mapping\sourceMaps.map cache.
[2026-03-28T08:14:07.834] [DEBUG] debug-file - Incremental task entry:default@PackageHap post-execution cost:8 ms .
[2026-03-28T08:14:07.834] [DEBUG] debug-file - Update task entry:default@SignHap input file:C:\Users\zxyzhy233\.ohos\config\default_LiubaiNovel-ReReader_U1UTVGz8nzXoDVi686OyEZxVoEKg_W5HfTmv5fg-wcI=.cer cache by regenerate.
[2026-03-28T08:14:07.834] [DEBUG] debug-file - Update task entry:default@SignHap input file:C:\Users\zxyzhy233\.ohos\config\default_LiubaiNovel-ReReader_U1UTVGz8nzXoDVi686OyEZxVoEKg_W5HfTmv5fg-wcI=.p7b cache by regenerate.
[2026-03-28T08:14:07.835] [DEBUG] debug-file - Update task entry:default@SignHap input file:C:\Users\zxyzhy233\.ohos\config\default_LiubaiNovel-ReReader_U1UTVGz8nzXoDVi686OyEZxVoEKg_W5HfTmv5fg-wcI=.p12 cache by regenerate.
[2026-03-28T08:14:07.835] [DEBUG] debug-file - Update task entry:default@SignHap input file:D:\HMAPPTEST\LiubaiNovel-ReReader\entry\build\default\outputs\default\entry-default-unsigned.hap cache from map.
[2026-03-28T08:14:07.835] [DEBUG] debug-file - Update task entry:default@SignHap output file:D:\HMAPPTEST\LiubaiNovel-ReReader\entry\build\default\outputs\default\entry-default-signed.hap cache.
[2026-03-28T08:14:07.835] [DEBUG] debug-file - Incremental task entry:default@SignHap post-execution cost:2 ms .
[2026-03-28T08:14:07.835] [DEBUG] debug-file - Update task entry:default@CollectDebugSymbol input file:D:\HMAPPTEST\LiubaiNovel-ReReader\entry\build\default\intermediates\loader_out\default\ets\sourceMaps.map cache by regenerate.
[2026-03-28T08:14:07.836] [DEBUG] debug-file - Update task entry:default@CollectDebugSymbol input file:D:\HMAPPTEST\LiubaiNovel-ReReader\entry\build\default\intermediates\libs\default cache by regenerate.
[2026-03-28T08:14:07.836] [DEBUG] debug-file - Update task entry:default@CollectDebugSymbol output file:D:\HMAPPTEST\LiubaiNovel-ReReader\entry\build\default\outputs\default\symbol cache.
[2026-03-28T08:14:07.837] [DEBUG] debug-file - Incremental task entry:default@CollectDebugSymbol post-execution cost:2 ms .
[2026-03-28T08:14:08.568] [DEBUG] debug-file - Cleanup worker 14.
[2026-03-28T08:14:08.568] [DEBUG] debug-file - Worker 14 has been cleaned up.
[2026-03-28T08:14:08.568] [DEBUG] debug-file - Current idle worker size: 1.
[2026-03-28T08:14:08.568] [DEBUG] debug-file - Current resident worker size: 2.
[2026-03-28T08:14:08.568] [DEBUG] debug-file - hvigor build process will be closed.
[2026-03-28T08:14:08.568] [DEBUG] debug-file - java daemon socket close code:1000 reason:close by user
[2026-03-28T08:14:08.574] [DEBUG] debug-file - session manager: send message to worker process.
[2026-03-28T08:14:08.574] [DEBUG] debug-file - session manager: send message to worker process.
[2026-03-28T08:14:08.575] [DEBUG] debug-file - watch worker: worker id should be larger than 0. Nothing will be sent to any worker thread.
[2026-03-28T08:14:08.575] [DEBUG] debug-file - watch worker: worker id should be larger than 0. Nothing will be sent to any worker thread.
[2026-03-28T08:14:08.618] [DEBUG] debug-file - worker[14] exits with exit code 1.
[2026-03-28T08:46:39.811] [DEBUG] debug-file - session manager: set active socket. socketId=UfDVUFzURDXgXHTjAAAJ
[2026-03-28T08:46:39.816] [DEBUG] debug-file - watch worker: worker id should be larger than 0. Nothing will be sent to any worker thread.
[2026-03-28T08:46:39.820] [DEBUG] debug-file - Workers' log level updated to INFO
[2026-03-28T08:46:39.823] [DEBUG] debug-file - Hvigor init with startParameters:{
  hvigorfileTypeCheck: false,
  parallelExecution: true,
  incrementalExecution: true,
  printStackTrace: false,
  daemon: true,
  analyze: 0,
  logLevel: Level { level: 20000, levelStr: 'INFO', colour: 'green' },
  optimizationStrategy: 'memory',
  hotCompile: undefined,
  hotReloadBuild: undefined,
  customizedParam: undefined
}
[2026-03-28T08:46:39.826] [DEBUG] debug-file - Cache service initialization finished in 4 ms 
[2026-03-28T08:46:39.827] [DEBUG] debug-file - hvigorfile, resolving D:\HMAPPTEST\LiubaiNovel-ReReader\hvigorfile.ts
[2026-03-28T08:46:39.835] [DEBUG] debug-file - hvigorfile, require result:  { default: { plugins: [] } }
[2026-03-28T08:46:39.835] [DEBUG] debug-file - hvigorfile, binding system plugins null
[2026-03-28T08:46:39.836] [DEBUG] debug-file - Starting plugin build process
[2026-03-28T08:46:39.836] [DEBUG] debug-file - App plugin prepare start...
[2026-03-28T08:46:39.836] [DEBUG] debug-file - App plugin prepare end...
[2026-03-28T08:46:39.836] [DEBUG] debug-file - App plugin creating...
[2026-03-28T08:46:39.840] [DEBUG] debug-file - App plugin register hook start...
[2026-03-28T08:46:39.841] [DEBUG] debug-file - App plugin register hook end...
[2026-03-28T08:46:39.841] [DEBUG] debug-file - Plugin build process completed
[2026-03-28T08:46:39.841] [DEBUG] debug-file - Start initialize project's product build option map with build mode debug.
[2026-03-28T08:46:39.841] [DEBUG] debug-file - Picking option from product 'default' with build mode 'debug'.
[2026-03-28T08:46:39.841] [DEBUG] debug-file - Product 'default' build option initialized
[2026-03-28T08:46:39.841] [DEBUG] debug-file - Picking option from product 'zxyzhy233' with build mode 'debug'.
[2026-03-28T08:46:39.841] [DEBUG] debug-file - Product 'zxyzhy233' build option initialized
[2026-03-28T08:46:39.842] [DEBUG] debug-file - End initialize project's product build option map with build mode 'debug'.
[2026-03-28T08:46:39.842] [DEBUG] debug-file - Obtain build option for product 'default'in this build.
[2026-03-28T08:46:39.843] [DEBUG] debug-file - D:\HMAPPTEST\LiubaiNovel-ReReader\build\cache\default\remote_hsp\remoteHspCache.json not exists.
[2026-03-28T08:46:39.844] [DEBUG] debug-file - Start recording SDK configuration permission data.
[2026-03-28T08:46:39.865] [DEBUG] debug-file - Sdk init in 23 ms 
[2026-03-28T08:46:39.867] [DEBUG] debug-file - Project task initialization takes 2 ms 
[2026-03-28T08:46:39.868] [DEBUG] debug-file - hvigorfile, binding custom plugins []
[2026-03-28T08:46:39.868] [DEBUG] debug-file - hvigorfile, no custom plugins were found in D:\HMAPPTEST\LiubaiNovel-ReReader\hvigorfile.ts
[2026-03-28T08:46:39.868] [DEBUG] debug-file - hvigorfile, resolve finished D:\HMAPPTEST\LiubaiNovel-ReReader\hvigorfile.ts
[2026-03-28T08:46:39.868] [DEBUG] debug-file - hvigorfile, resolving D:\HMAPPTEST\LiubaiNovel-ReReader\entry\hvigorfile.ts
[2026-03-28T08:46:39.873] [DEBUG] debug-file - hvigorfile, require result:  { default: { plugins: [] } }
[2026-03-28T08:46:39.873] [DEBUG] debug-file - hvigorfile, binding system plugins null
[2026-03-28T08:46:39.873] [DEBUG] debug-file - Starting plugin build process
[2026-03-28T08:46:39.873] [DEBUG] debug-file - Hap plugin creating...
[2026-03-28T08:46:39.875] [DEBUG] debug-file - failed to load cangjie to dynamically generate schemas: Error: Cannot find module '@ohos/cangjie-build-support/index'
Require stack:
- D:\Program Files\Huawei\DevEco Studio\tools\hvigor\hvigor-ohos-plugin\src\plugin\hooks\cangjie-register.js
- D:\Program Files\Huawei\DevEco Studio\tools\hvigor\hvigor-ohos-plugin\src\plugin\strategy\stage-init-strategy.js
- D:\Program Files\Huawei\DevEco Studio\tools\hvigor\hvigor-ohos-plugin\src\plugin\builder\abstract-plugin-builder.js
- D:\Program Files\Huawei\DevEco Studio\tools\hvigor\hvigor-ohos-plugin\src\plugin\builder\app-plugin-builder.js
- D:\Program Files\Huawei\DevEco Studio\tools\hvigor\hvigor-ohos-plugin\src\plugin\factory\plugin-factory.js
- D:\Program Files\Huawei\DevEco Studio\tools\hvigor\hvigor-ohos-plugin\index.js
- D:\HMAPPTEST\LiubaiNovel-ReReader\hvigorfile.ts
- D:\Program Files\Huawei\DevEco Studio\tools\hvigor\hvigor\src\base\internal\lifecycle\configuration.js
- D:\Program Files\Huawei\DevEco Studio\tools\hvigor\hvigor\src\base\boot\index.js
- D:\Program Files\Huawei\DevEco Studio\tools\hvigor\hvigor\src\base\daemon\cluster\worker-process-lifecycle.js
- D:\Program Files\Huawei\DevEco Studio\tools\hvigor\hvigor\src\base\daemon\process\daemon-process-boot-script.js
[2026-03-28T08:46:39.876] [DEBUG] debug-file - Start initialize module-target build option map, moduleName=entry, buildMode=debug
[2026-03-28T08:46:39.876] [DEBUG] debug-file - Target 'default' config initialized
[2026-03-28T08:46:39.877] [DEBUG] debug-file - Module 'entry' target 'default' build option initialized
[2026-03-28T08:46:39.877] [DEBUG] debug-file - End initialize module-target build option map, moduleName=entry
[2026-03-28T08:46:39.877] [DEBUG] debug-file - Start initialize module-target build option map, moduleName=entry, buildMode=zxyzhy233
[2026-03-28T08:46:39.877] [DEBUG] debug-file - Target 'default' config initialized
[2026-03-28T08:46:39.877] [DEBUG] debug-file - Does not get target 'default'corresponding build option.
[2026-03-28T08:46:39.877] [DEBUG] debug-file - Using preset build option 'default'.
[2026-03-28T08:46:39.878] [DEBUG] debug-file - Module 'entry' target 'default' build option initialized
[2026-03-28T08:46:39.878] [DEBUG] debug-file - End initialize module-target build option map, moduleName=entry
[2026-03-28T08:46:39.878] [DEBUG] debug-file - Start initialize module-target build option map, moduleName=entry, buildMode=release
[2026-03-28T08:46:39.878] [DEBUG] debug-file - Target 'default' config initialized
[2026-03-28T08:46:39.878] [DEBUG] debug-file - Module 'entry' target 'default' build option initialized
[2026-03-28T08:46:39.878] [DEBUG] debug-file - End initialize module-target build option map, moduleName=entry
[2026-03-28T08:46:39.878] [DEBUG] debug-file - Start initialize module-target build option map, moduleName=entry, buildMode=debug
[2026-03-28T08:46:39.878] [DEBUG] debug-file - Target 'default' config initialized
[2026-03-28T08:46:39.878] [DEBUG] debug-file - Module 'entry' target 'default' build option initialized
[2026-03-28T08:46:39.878] [DEBUG] debug-file - End initialize module-target build option map, moduleName=entry
[2026-03-28T08:46:39.878] [DEBUG] debug-file - Start initialize module-target build option map, moduleName=entry, buildMode=zxyzhy233
[2026-03-28T08:46:39.878] [DEBUG] debug-file - Target 'default' config initialized
[2026-03-28T08:46:39.878] [DEBUG] debug-file - Does not get target 'default'corresponding build option.
[2026-03-28T08:46:39.878] [DEBUG] debug-file - Using preset build option 'default'.
[2026-03-28T08:46:39.878] [DEBUG] debug-file - Module 'entry' target 'default' build option initialized
[2026-03-28T08:46:39.878] [DEBUG] debug-file - End initialize module-target build option map, moduleName=entry
[2026-03-28T08:46:39.878] [DEBUG] debug-file - Start initialize module-target build option map, moduleName=entry, buildMode=release
[2026-03-28T08:46:39.879] [DEBUG] debug-file - Target 'default' config initialized
[2026-03-28T08:46:39.879] [DEBUG] debug-file - Module 'entry' target 'default' build option initialized
[2026-03-28T08:46:39.879] [DEBUG] debug-file - End initialize module-target build option map, moduleName=entry
[2026-03-28T08:46:39.879] [DEBUG] debug-file - Start initialize module-target build option map, moduleName=entry, buildMode=debug
[2026-03-28T08:46:39.879] [DEBUG] debug-file - Target 'default' config initialized
[2026-03-28T08:46:39.879] [DEBUG] debug-file - Module 'entry' target 'default' build option initialized
[2026-03-28T08:46:39.879] [DEBUG] debug-file - End initialize module-target build option map, moduleName=entry
[2026-03-28T08:46:39.879] [DEBUG] debug-file - Obtain build option for module 'entry' target 'default'in this build.
[2026-03-28T08:46:39.880] [DEBUG] debug-file - Module entry task initialization takes 1 ms 
[2026-03-28T08:46:39.880] [DEBUG] debug-file - Hap plugin register hook start...
[2026-03-28T08:46:39.880] [DEBUG] debug-file - Hap plugin register hook end...
[2026-03-28T08:46:39.880] [DEBUG] debug-file - Plugin build process completed
[2026-03-28T08:46:39.880] [DEBUG] debug-file - hvigorfile, binding custom plugins []
[2026-03-28T08:46:39.881] [DEBUG] debug-file - hvigorfile, no custom plugins were found in D:\HMAPPTEST\LiubaiNovel-ReReader\entry\hvigorfile.ts
[2026-03-28T08:46:39.881] [DEBUG] debug-file - hvigorfile, resolve finished D:\HMAPPTEST\LiubaiNovel-ReReader\entry\hvigorfile.ts
[2026-03-28T08:46:39.898] [DEBUG] debug-file - hvigorfile, resolve hvigorfile dependencies in 18 ms 
[2026-03-28T08:46:39.898] [DEBUG] debug-file - project has submodules:entry
[2026-03-28T08:46:39.899] [DEBUG] debug-file - start to load updatedOhPackageInfo to the disk
[2026-03-28T08:46:39.902] [DEBUG] debug-file - load to the disk finished
[2026-03-28T08:46:39.902] [DEBUG] debug-file - Start to initialize dependency information.
[2026-03-28T08:46:39.903] [DEBUG] debug-file - Module LiubaiNovel-ReReader Collected Dependency: 
[2026-03-28T08:46:39.903] [DEBUG] debug-file - Module LiubaiNovel-ReReader's total dependency: 0
[2026-03-28T08:46:39.903] [DEBUG] debug-file - Start to initialize dependency information.
[2026-03-28T08:46:39.904] [DEBUG] debug-file - Module entry Collected Dependency: 
[2026-03-28T08:46:39.905] [DEBUG] debug-file - Module entry's total dependency: 0
[2026-03-28T08:46:39.906] [DEBUG] debug-file - Configuration phase cost:80 ms 
[2026-03-28T08:46:39.907] [DEBUG] debug-file - Configuration task cost before running: 87 ms 
[2026-03-28T08:46:39.909] [DEBUG] debug-file - Executing task :entry:default@PreBuild
[2026-03-28T08:46:39.910] [DEBUG] debug-file - Task 'entry:default@PreBuild' cost while wrapping incremental declarations: 1 ms 
[2026-03-28T08:46:39.913] [DEBUG] debug-file - entry:default@PreBuild is not up-to-date, since the input file 'D:\HMAPPTEST\LiubaiNovel-ReReader\AppScope\app.json5' has been changed.
[2026-03-28T08:46:39.913] [DEBUG] debug-file - Incremental task entry:default@PreBuild pre-execution cost: 2 ms .
[2026-03-28T08:46:39.917] [DEBUG] debug-file - current product is not Atomic service.
[2026-03-28T08:46:39.918] [DEBUG] debug-file - Use tool [win32: JAVA_HOME, CLASSPATH]
 [
  { JAVA_HOME: 'D:\\Program Files\\Huawei\\DevEco Studio\\jbr' },
  { CLASSPATH: undefined }
]
[2026-03-28T08:46:39.918] [DEBUG] debug-file - Use tool [win32: NODE_HOME]
 [
  {
    NODE_HOME: 'D:\\Program Files\\Huawei\\DevEco Studio\\tools\\node'
  }
]
[2026-03-28T08:46:39.918] [DEBUG] debug-file - entry : default@PreBuild cost memory 0.6804428100585938
[2026-03-28T08:46:39.918] [DEBUG] debug-file - runTaskFromQueue task cost before running: 98 ms 
[2026-03-28T08:46:39.919] [INFO] debug-file - Finished :entry:default@PreBuild... after 9 ms 
[2026-03-28T08:46:39.920] [DEBUG] debug-file - Executing task :entry:default@CreateModuleInfo
[2026-03-28T08:46:39.920] [DEBUG] debug-file - Task 'entry:default@CreateModuleInfo' cost while wrapping incremental declarations: 1 ms 
[2026-03-28T08:46:39.920] [DEBUG] debug-file - entry : default@CreateModuleInfo cost memory 0.04160308837890625
[2026-03-28T08:46:39.921] [DEBUG] debug-file - runTaskFromQueue task cost before running: 101 ms 
[2026-03-28T08:46:39.921] [INFO] debug-file - Finished :entry:default@CreateModuleInfo... after 1 ms 
[2026-03-28T08:46:39.923] [DEBUG] debug-file - Executing task :entry:default@GenerateMetadata
[2026-03-28T08:46:39.924] [DEBUG] debug-file - Task 'entry:default@GenerateMetadata' cost while wrapping incremental declarations: 1 ms 
[2026-03-28T08:46:39.924] [DEBUG] debug-file - Incremental task entry:default@GenerateMetadata pre-execution cost: 1 ms .
[2026-03-28T08:46:39.924] [DEBUG] debug-file - entry : default@GenerateMetadata cost memory 0.0850830078125
[2026-03-28T08:46:39.925] [INFO] debug-file - UP-TO-DATE :entry:default@GenerateMetadata...  
[2026-03-28T08:46:39.926] [DEBUG] debug-file - Executing task :entry:default@ConfigureCmake
[2026-03-28T08:46:39.926] [DEBUG] debug-file - entry : default@ConfigureCmake cost memory 0.01448822021484375
[2026-03-28T08:46:39.926] [DEBUG] debug-file - runTaskFromQueue task cost before running: 106 ms 
[2026-03-28T08:46:39.926] [INFO] debug-file - Finished :entry:default@ConfigureCmake... after 1 ms 
[2026-03-28T08:46:39.927] [DEBUG] debug-file - Executing task :entry:default@MergeProfile
[2026-03-28T08:46:39.927] [DEBUG] debug-file - Task 'entry:default@MergeProfile' cost while wrapping incremental declarations: 1 ms 
[2026-03-28T08:46:39.927] [DEBUG] debug-file - entry:default@MergeProfile is not up-to-date, since the input file 'D:\HMAPPTEST\LiubaiNovel-ReReader\AppScope\app.json5' has been changed.
[2026-03-28T08:46:39.928] [DEBUG] debug-file - Incremental task entry:default@MergeProfile pre-execution cost: 1 ms .
[2026-03-28T08:46:39.928] [DEBUG] debug-file - Change app api release type with 'Release'
[2026-03-28T08:46:39.928] [DEBUG] debug-file - Change app compile API version with '6.0.2.130'
[2026-03-28T08:46:39.928] [DEBUG] debug-file - Change app target API version with '50004016'
[2026-03-28T08:46:39.928] [DEBUG] debug-file - Change app minimum API version with '50004016'
[2026-03-28T08:46:39.928] [DEBUG] debug-file - Use cli appEnvironment
[2026-03-28T08:46:39.929] [DEBUG] debug-file - entry : default@MergeProfile cost memory 0.26215362548828125
[2026-03-28T08:46:39.929] [DEBUG] debug-file - runTaskFromQueue task cost before running: 109 ms 
[2026-03-28T08:46:39.930] [INFO] debug-file - Finished :entry:default@MergeProfile... after 3 ms 
[2026-03-28T08:46:39.931] [DEBUG] debug-file - Executing task :entry:default@CreateBuildProfile
[2026-03-28T08:46:39.931] [DEBUG] debug-file - Task 'entry:default@CreateBuildProfile' cost while wrapping incremental declarations: 1 ms 
[2026-03-28T08:46:39.931] [DEBUG] debug-file - entry:default@CreateBuildProfile is not up-to-date, since the input file 'D:\HMAPPTEST\LiubaiNovel-ReReader\AppScope\app.json5' has been changed.
[2026-03-28T08:46:39.931] [DEBUG] debug-file - Incremental task entry:default@CreateBuildProfile pre-execution cost: 1 ms .
[2026-03-28T08:46:39.932] [DEBUG] debug-file - entry : default@CreateBuildProfile cost memory 0.08860015869140625
[2026-03-28T08:46:39.932] [DEBUG] debug-file - runTaskFromQueue task cost before running: 112 ms 
[2026-03-28T08:46:39.932] [INFO] debug-file - Finished :entry:default@CreateBuildProfile... after 2 ms 
[2026-03-28T08:46:39.933] [DEBUG] debug-file - Executing task :entry:default@PreCheckSyscap
[2026-03-28T08:46:39.933] [DEBUG] debug-file - entry : default@PreCheckSyscap cost memory 0.01470947265625
[2026-03-28T08:46:39.933] [DEBUG] debug-file - runTaskFromQueue task cost before running: 113 ms 
[2026-03-28T08:46:39.933] [INFO] debug-file - Finished :entry:default@PreCheckSyscap... after 1 ms 
[2026-03-28T08:46:39.934] [DEBUG] debug-file - Executing task :entry:default@GeneratePkgContextInfo
[2026-03-28T08:46:39.936] [DEBUG] debug-file - Task 'entry:default@GeneratePkgContextInfo' cost while wrapping incremental declarations: 1 ms 
[2026-03-28T08:46:39.936] [DEBUG] debug-file - entry : default@GeneratePkgContextInfo cost memory 0.15009307861328125
[2026-03-28T08:46:39.936] [DEBUG] debug-file - runTaskFromQueue task cost before running: 116 ms 
[2026-03-28T08:46:39.936] [INFO] debug-file - Finished :entry:default@GeneratePkgContextInfo... after 3 ms 
[2026-03-28T08:46:39.938] [DEBUG] debug-file - Executing task :entry:default@ProcessIntegratedHsp
[2026-03-28T08:46:39.938] [DEBUG] debug-file - entry:default@ProcessIntegratedHsp is not up-to-date, since the output file 'D:\HMAPPTEST\LiubaiNovel-ReReader\build\cache\default\integrated_hsp\integratedHspCache.json' does not exist.
[2026-03-28T08:46:39.938] [DEBUG] debug-file - Incremental task entry:default@ProcessIntegratedHsp pre-execution cost: 1 ms .
[2026-03-28T08:46:39.938] [DEBUG] debug-file - entry : default@ProcessIntegratedHsp cost memory 0.055816650390625
[2026-03-28T08:46:39.939] [DEBUG] debug-file - runTaskFromQueue task cost before running: 119 ms 
[2026-03-28T08:46:39.939] [INFO] debug-file - Finished :entry:default@ProcessIntegratedHsp... after 1 ms 
[2026-03-28T08:46:39.940] [DEBUG] debug-file - Executing task :entry:default@BuildNativeWithCmake
[2026-03-28T08:46:39.940] [DEBUG] debug-file - entry : default@BuildNativeWithCmake cost memory 0.01450347900390625
[2026-03-28T08:46:39.940] [DEBUG] debug-file - runTaskFromQueue task cost before running: 120 ms 
[2026-03-28T08:46:39.940] [INFO] debug-file - Finished :entry:default@BuildNativeWithCmake... after 1 ms 
[2026-03-28T08:46:39.941] [DEBUG] debug-file - Executing task :entry:default@MakePackInfo
[2026-03-28T08:46:39.942] [DEBUG] debug-file - entry:default@MakePackInfo is not up-to-date, since the input file 'D:\HMAPPTEST\LiubaiNovel-ReReader\AppScope\app.json5' has been changed.
[2026-03-28T08:46:39.942] [DEBUG] debug-file - Incremental task entry:default@MakePackInfo pre-execution cost: 1 ms .
[2026-03-28T08:46:39.942] [DEBUG] debug-file - Module Pack Info:  {
  summary: {
    app: { bundleName: 'l***s', bundleType: 'app', version: [Object] },
    modules: [ [Object] ]
  },
  packages: [
    {
      deviceType: [Array],
      moduleType: 'entry',
      deliveryWithInstall: true,
      name: 'entry-default'
    }
  ]
}
[2026-03-28T08:46:39.943] [DEBUG] debug-file - entry : default@MakePackInfo cost memory 0.14313507080078125
[2026-03-28T08:46:39.943] [DEBUG] debug-file - runTaskFromQueue task cost before running: 123 ms 
[2026-03-28T08:46:39.944] [INFO] debug-file - Finished :entry:default@MakePackInfo... after 3 ms 
[2026-03-28T08:46:39.944] [DEBUG] debug-file - Executing task :entry:default@SyscapTransform
[2026-03-28T08:46:39.944] [DEBUG] debug-file - File: 'D:\HMAPPTEST\LiubaiNovel-ReReader\entry\src\main\syscap.json' from 'sysCapJsonPath' is not exists, just ignore.
[2026-03-28T08:46:39.945] [DEBUG] debug-file - Task 'entry:default@SyscapTransform' cost while wrapping incremental declarations: 2 ms 
[2026-03-28T08:46:39.946] [DEBUG] debug-file - entry:default@SyscapTransform is not up-to-date, since the output file 'D:\HMAPPTEST\LiubaiNovel-ReReader\entry\build\default\intermediates\syscap\default\rpcid.sc' does not exist.
[2026-03-28T08:46:39.946] [DEBUG] debug-file - Incremental task entry:default@SyscapTransform pre-execution cost: 1 ms .
[2026-03-28T08:46:39.947] [DEBUG] debug-file - entry : default@SyscapTransform cost memory -1.3786163330078125
[2026-03-28T08:46:39.947] [DEBUG] debug-file - runTaskFromQueue task cost before running: 127 ms 
[2026-03-28T08:46:39.947] [INFO] debug-file - Finished :entry:default@SyscapTransform... after 3 ms 
[2026-03-28T08:46:39.948] [DEBUG] debug-file - Executing task :entry:default@ProcessProfile
[2026-03-28T08:46:39.948] [DEBUG] debug-file - Task 'entry:default@ProcessProfile' cost while wrapping incremental declarations: 1 ms 
[2026-03-28T08:46:39.949] [DEBUG] debug-file - entry:default@ProcessProfile is not up-to-date, since the input file 'D:\HMAPPTEST\LiubaiNovel-ReReader\entry\build\default\intermediates\merge_profile\default\module.json' has been changed.
[2026-03-28T08:46:39.949] [DEBUG] debug-file - Incremental task entry:default@ProcessProfile pre-execution cost: 1 ms .
[2026-03-28T08:46:39.950] [DEBUG] debug-file - [
  'D:\\Program Files\\Huawei\\DevEco Studio\\tools\\node\\node.exe',
  'D:\\Program Files\\Huawei\\DevEco Studio\\sdk\\default\\openharmony\\ets\\build-tools\\ets-loader\\bin\\ark\\ts2abc.js',
  '--target-api-version',
  '16'
]
[2026-03-28T08:46:40.122] [DEBUG] debug-file - 12.0.6.0
[2026-03-28T08:46:40.123] [DEBUG] debug-file - No need to add fake ui ability because of not in preview process.
[2026-03-28T08:46:40.123] [DEBUG] debug-file - entry : default@ProcessProfile cost memory 0.37555694580078125
[2026-03-28T08:46:40.123] [DEBUG] debug-file - runTaskFromQueue task cost before running: 303 ms 
[2026-03-28T08:46:40.123] [INFO] debug-file - Finished :entry:default@ProcessProfile... after 176 ms 
[2026-03-28T08:46:40.124] [DEBUG] debug-file - Executing task :entry:default@ProcessRouterMap
[2026-03-28T08:46:40.126] [DEBUG] debug-file - Incremental task entry:default@ProcessRouterMap pre-execution cost: 2 ms .
[2026-03-28T08:46:40.127] [DEBUG] debug-file - entry : default@ProcessRouterMap cost memory 0.12828826904296875
[2026-03-28T08:46:40.127] [INFO] debug-file - UP-TO-DATE :entry:default@ProcessRouterMap...  
[2026-03-28T08:46:40.128] [DEBUG] debug-file - Executing task :entry:default@ProcessShareConfig
[2026-03-28T08:46:40.129] [DEBUG] debug-file - Incremental task entry:default@ProcessShareConfig pre-execution cost: 2 ms .
[2026-03-28T08:46:40.129] [DEBUG] debug-file - entry : default@ProcessShareConfig cost memory 0.10526275634765625
[2026-03-28T08:46:40.130] [INFO] debug-file - UP-TO-DATE :entry:default@ProcessShareConfig...  
[2026-03-28T08:46:40.130] [DEBUG] debug-file - Executing task :entry:default@ProcessStartupConfig
[2026-03-28T08:46:40.131] [DEBUG] debug-file - Task 'entry:default@ProcessStartupConfig' cost while wrapping incremental declarations: 1 ms 
[2026-03-28T08:46:40.131] [DEBUG] debug-file - entry:default@ProcessStartupConfig is not up-to-date, since the output file 'D:\HMAPPTEST\LiubaiNovel-ReReader\entry\build\default\intermediates\startup\default\startup_config.json' does not exist.
[2026-03-28T08:46:40.131] [DEBUG] debug-file - Incremental task entry:default@ProcessStartupConfig pre-execution cost: 1 ms .
[2026-03-28T08:46:40.132] [DEBUG] debug-file - entry : default@ProcessStartupConfig cost memory 0.09053802490234375
[2026-03-28T08:46:40.132] [DEBUG] debug-file - runTaskFromQueue task cost before running: 312 ms 
[2026-03-28T08:46:40.132] [INFO] debug-file - Finished :entry:default@ProcessStartupConfig... after 2 ms 
[2026-03-28T08:46:40.133] [DEBUG] debug-file - Executing task :entry:default@BuildNativeWithNinja
[2026-03-28T08:46:40.133] [DEBUG] debug-file - entry : default@BuildNativeWithNinja cost memory 0.0203399658203125
[2026-03-28T08:46:40.133] [DEBUG] debug-file - runTaskFromQueue task cost before running: 313 ms 
[2026-03-28T08:46:40.133] [INFO] debug-file - Finished :entry:default@BuildNativeWithNinja... after 1 ms 
[2026-03-28T08:46:40.134] [DEBUG] debug-file - restool module names: entry; moduleName=entry, taskName=default@ProcessResource
[2026-03-28T08:46:40.135] [DEBUG] debug-file - Executing task :entry:default@ProcessResource
[2026-03-28T08:46:40.135] [DEBUG] debug-file - Task 'entry:default@ProcessResource' cost while wrapping incremental declarations: 1 ms 
[2026-03-28T08:46:40.137] [DEBUG] debug-file - Incremental task entry:default@ProcessResource pre-execution cost: 2 ms .
[2026-03-28T08:46:40.137] [DEBUG] debug-file - entry : default@ProcessResource cost memory -1.5017852783203125
[2026-03-28T08:46:40.138] [INFO] debug-file - UP-TO-DATE :entry:default@ProcessResource...  
[2026-03-28T08:46:40.139] [DEBUG] debug-file - Executing task :entry:default@GenerateLoaderJson
[2026-03-28T08:46:40.139] [DEBUG] debug-file - Task 'entry:default@GenerateLoaderJson' cost while wrapping incremental declarations: 1 ms 
[2026-03-28T08:46:40.144] [DEBUG] debug-file - Incremental task entry:default@GenerateLoaderJson pre-execution cost: 3 ms .
[2026-03-28T08:46:40.144] [DEBUG] debug-file - entry : default@GenerateLoaderJson cost memory 0.43613433837890625
[2026-03-28T08:46:40.146] [INFO] debug-file - UP-TO-DATE :entry:default@GenerateLoaderJson...  
[2026-03-28T08:46:40.147] [DEBUG] debug-file - Executing task :entry:default@ProcessLibs
[2026-03-28T08:46:40.149] [DEBUG] debug-file - Incremental task entry:default@ProcessLibs pre-execution cost: 2 ms .
[2026-03-28T08:46:40.149] [DEBUG] debug-file - entry : default@ProcessLibs cost memory 0.09954071044921875
[2026-03-28T08:46:40.150] [INFO] debug-file - UP-TO-DATE :entry:default@ProcessLibs...  
[2026-03-28T08:46:40.151] [DEBUG] debug-file - restool module names: entry; moduleName=entry, taskName=default@CompileResource
[2026-03-28T08:46:40.152] [DEBUG] debug-file - Executing task :entry:default@CompileResource
[2026-03-28T08:46:40.163] [DEBUG] debug-file - entry:default@CompileResource is not up-to-date, since the input file 'D:\HMAPPTEST\LiubaiNovel-ReReader\entry\build\default\intermediates\process_profile\default\module.json' has been changed.
[2026-03-28T08:46:40.163] [DEBUG] debug-file - Incremental task entry:default@CompileResource pre-execution cost: 10 ms .
[2026-03-28T08:46:40.164] [DEBUG] debug-file - Use tool [D:\Program Files\Huawei\DevEco Studio\sdk\default\openharmony\toolchains\restool.exe]
 [
  'D:\\Program Files\\Huawei\\DevEco Studio\\sdk\\default\\openharmony\\toolchains\\restool.exe',
  '-l',
  'D:\\HMAPPTEST\\LiubaiNovel-ReReader\\entry\\build\\default\\intermediates\\res\\default\\resConfig.json'
]
[2026-03-28T08:46:40.164] [DEBUG] debug-file - current process  memoryUsage: {
  rss: 410042368,
  heapTotal: 139096064,
  heapUsed: 132596968,
  external: 3254796,
  arrayBuffers: 218966
} os memoryUsage :16.100597381591797
[2026-03-28T08:46:44.503] [DEBUG] debug-file - Info: Pack: normal pack mode

[2026-03-28T08:46:44.558] [DEBUG] debug-file - Info: hardware concurrency count is : 16
Info: thread count is : 16

[2026-03-28T08:46:44.559] [DEBUG] debug-file - Info: thread pool is started

[2026-03-28T08:46:44.560] [DEBUG] debug-file - Info: GenericCompiler::CompileFiles

[2026-03-28T08:46:44.569] [DEBUG] debug-file - Info: GenericCompiler::CompileFiles

[2026-03-28T08:46:44.569] [DEBUG] debug-file - Warning: 'D:\HMAPPTEST\LiubaiNovel-ReReader\entry\src\main\resources\base\media\background.png' is defined repeatedly.

[2026-03-28T08:46:44.577] [DEBUG] debug-file - Warning: 'D:\HMAPPTEST\LiubaiNovel-ReReader\entry\src\main\resources\base\media\foreground.png' is defined repeatedly.

[2026-03-28T08:46:44.585] [DEBUG] debug-file - Warning: 'D:\HMAPPTEST\LiubaiNovel-ReReader\entry\src\main\resources\base\media\layered_image.json' is defined repeatedly.

[2026-03-28T08:46:44.600] [DEBUG] debug-file - Info: GenericCompiler::CompileFiles

[2026-03-28T08:46:44.603] [DEBUG] debug-file - 03-28 08:46:44.603 1929276 1928952 E C01400/ImageTranscoderUtils: DecodeToRGBA IN

[2026-03-28T08:46:44.603] [DEBUG] debug-file - 03-28 08:46:44.603 1929276 1928952 E C01400/ImageTranscoderUtils: ImageFilter IN D:\HMAPPTEST\LiubaiNovel-ReReader\AppScope\resources\base\media\background.png

[2026-03-28T08:46:44.653] [DEBUG] debug-file - 03-28 08:46:44.653 1929276 1928952 E C01400/ImageTranscoderUtils: DecodeToRGBA IN
03-28 08:46:44.653 1929276 1928952 E C01400/ImageTranscoderUtils: ImageFilter IN D:\HMAPPTEST\LiubaiNovel-ReReader\AppScope\resources\base\media\foreground.png

[2026-03-28T08:46:44.702] [DEBUG] debug-file - Info: can't scale media json file.

[2026-03-28T08:46:44.702] [DEBUG] debug-file - Warning: The width or height of the png file referenced by the icon exceeds the limit (41 pixels)
at D:\HMAPPTEST\LiubaiNovel-ReReader\AppScope\resources\base\media\background.png
Warning: The width or height of the png file referenced by the icon exceeds the limit (41 pixels)
at D:\HMAPPTEST\LiubaiNovel-ReReader\AppScope\resources\base\media\foreground.png
Warning: D:\HMAPPTEST\LiubaiNovel-ReReader\AppScope\resources\base\media\layered_image.json is not png format

[2026-03-28T08:46:44.703] [DEBUG] debug-file - Info: restool resources compile success.

[2026-03-28T08:46:44.703] [DEBUG] debug-file - Info: thread pool is stopped

[2026-03-28T08:46:44.900] [DEBUG] debug-file - entry : default@CompileResource cost memory -0.275115966796875
[2026-03-28T08:46:44.901] [DEBUG] debug-file - runTaskFromQueue task cost before running: 5 s 81 ms 
[2026-03-28T08:46:44.901] [INFO] debug-file - Finished :entry:default@CompileResource... after 4 s 749 ms 
[2026-03-28T08:46:44.902] [DEBUG] debug-file - Executing task :entry:default@DoNativeStrip
[2026-03-28T08:46:44.902] [DEBUG] debug-file - Task 'entry:default@DoNativeStrip' cost while wrapping incremental declarations: 1 ms 
[2026-03-28T08:46:44.903] [DEBUG] debug-file - Incremental task entry:default@DoNativeStrip pre-execution cost: 1 ms .
[2026-03-28T08:46:44.903] [DEBUG] debug-file - entry : default@DoNativeStrip cost memory 0.07547760009765625
[2026-03-28T08:46:44.903] [INFO] debug-file - UP-TO-DATE :entry:default@DoNativeStrip...  
[2026-03-28T08:46:44.904] [DEBUG] debug-file - Executing task :entry:default@CompileArkTS
[2026-03-28T08:46:44.904] [DEBUG] debug-file - obfuscationOptions: undefined
[2026-03-28T08:46:44.905] [DEBUG] debug-file - Task 'entry:default@CompileArkTS' cost while wrapping incremental declarations: 1 ms 
[2026-03-28T08:46:44.908] [DEBUG] debug-file - entry:default@CompileArkTS is not up-to-date, since the input file 'D:\HMAPPTEST\LiubaiNovel-ReReader\entry\build\default\intermediates\res\default\ResourceTable.txt' has been changed.
[2026-03-28T08:46:44.908] [DEBUG] debug-file - Incremental task entry:default@CompileArkTS pre-execution cost: 3 ms .
[2026-03-28T08:46:44.915] [DEBUG] debug-file - build config:
[2026-03-28T08:46:44.915] [DEBUG] debug-file - {
  moduleType: 'entry',
  perf: 0,
  targetName: '.default',
  packageManagerType: 'ohpm',
  localPropertiesPath: 'D:\\HMAPPTEST\\LiubaiNovel-ReReader\\local.properties',
  isPreview: false,
  isOhosTest: false,
  isLocalTest: false,
  buildMode: 'Debug',
  hotReloadBuild: undefined,
  watchMode: 'false',
  aceProfilePath: 'D:\\HMAPPTEST\\LiubaiNovel-ReReader\\entry\\build\\default\\intermediates\\res\\default\\resources\\base\\profile',
  etsLoaderPath: 'D:\\Program Files\\Huawei\\DevEco Studio\\sdk\\default\\openharmony\\ets\\build-tools\\ets-loader',
  modulePath: 'D:\\HMAPPTEST\\LiubaiNovel-ReReader\\entry',
  testFrameworkPar: {
    testMode: undefined,
    coveragePathFilter: undefined,
    coverageMode: undefined
  },
  needCoverageInsert: false,
  debugLine: false,
  projectTopDir: 'D:\\HMAPPTEST\\LiubaiNovel-ReReader',
  compileSdkVersion: 22,
  compatibleSdkVersion: 16,
  originCompatibleSdkVersion: '5.0.4(16)',
  compatibleSdkVersionStage: undefined,
  bundleName: 'l***s',
  etsLoaderVersion: '6.0.2.130',
  etsLoaderReleaseType: 'Release',
  aotCompileMode: 'type',
  apPath: 'D:\\HMAPPTEST\\LiubaiNovel-ReReader\\entry\\modules.ap',
  entryModuleName: 'entry',
  entryModuleVersion: '1.0.0',
  entryPackageName: 'entry',
  allModuleNameHash: 'a11a1993f991714b0f6cbd939f95a832900df08bf6034ee64e8c9c7fd5263465',
  externalApiPaths: [
    'D:\\Program Files\\Huawei\\DevEco Studio\\sdk\\default\\hms\\ets'
  ],
  compilerTypes: [],
  isCrossplatform: false,
  hvigorPluginFile: undefined,
  compilePluginPath: undefined,
  buildGeneratedProfilePath: 'D:\\HMAPPTEST\\LiubaiNovel-ReReader\\entry\\build\\default\\generated\\profile\\default',
  bundleType: 'app',
  arkTSVersion: undefined,
  apiVersion: 22,
  needCompleteSourcesMap: false,
  isFaMode: false,
  buildDir: 'D:\\HMAPPTEST\\LiubaiNovel-ReReader\\entry\\build',
  deviceTypes: [ 'phone', 'tablet', '2in1' ],
  pkgContextInfo: undefined,
  ohPackagePathMap: {},
  dependencyAliasMap: {},
  permission: {
    requestPermissions: [ [Object], [Object], [Object], [Object], [Object] ],
    definePermissions: undefined
  },
  useGetCurrentBundleName: false,
  projectArkOption: undefined,
  sourceMapDir: undefined,
  branchElimination: false,
  transformLib: undefined,
  tsImportSendable: false,
  resolveConflictMode: true,
  depName2RootPath: {},
  depName2DepInfo: {},
  rootPathSet: [ 'D:\\HMAPPTEST\\LiubaiNovel-ReReader' ],
  useNativeResolver: true,
  shouldEmitJs: true,
  useTscResolve: false,
  singleFileEmit: false,
  userProjectConfig: {
    autoLazyImport: false,
    allowEmptyBundleName: false,
    reExportCheckMode: 'noCheck',
    executionMode: 'memory',
    usePathPlaceholder: false,
    writeRollupCache: true,
    isExpandImportEnabled: false,
    expandImportExclude: '',
    lazyImportExclude: '',
    lazyImportInclude: '',
    ignoreCrossplatformCheck: false,
    isHarDeduplicateEnabled: false,
    skipOhModulesLint: false,
    enableStrictCheckOHModule: false,
    disableSendableCheckRules: [],
    useDeclarationFileSignature: false,
    customizedOptions: undefined,
    integratedHsp: false,
    isPreloadSoEnabled: false
  },
  executionMode: 'memory',
  arkCompileCachePath: 'D:\\HMAPPTEST\\LiubaiNovel-ReReader\\entry\\build\\default\\cache\\default\\default@CompileArkTS\\esmodule',
  autoLazyFilter: undefined,
  isHarDeduplicateEnabled: false,
  intermediateHarDuplicateDirPath: 'D:\\HMAPPTEST\\LiubaiNovel-ReReader\\entry\\build\\default\\intermediates\\har_duplicate\\default',
  autoLazyImport: false,
  allowEmptyBundleName: false,
  reExportCheckMode: 'noCheck',
  usePathPlaceholder: false,
  writeRollupCache: true,
  isExpandImportEnabled: false,
  expandImportExclude: '',
  lazyImportExclude: '',
  lazyImportInclude: '',
  ignoreCrossplatformCheck: false,
  skipOhModulesLint: false,
  enableStrictCheckOHModule: false,
  disableSendableCheckRules: [],
  useDeclarationFileSignature: false,
  customizedOptions: undefined,
  integratedHsp: false,
  isPreloadSoEnabled: false,
  strictMode: undefined,
  useNormalizedOHMUrl: false,
  caseSensitiveCheck: false,
  aceModuleJsonPath: 'D:\\HMAPPTEST\\LiubaiNovel-ReReader\\entry\\build\\default\\intermediates\\res\\default\\ark_module.json',
  appResource: 'D:\\HMAPPTEST\\LiubaiNovel-ReReader\\entry\\build\\default\\intermediates\\res\\default\\ResourceTable.txt',
  rawFileResource: 'D:\\HMAPPTEST\\LiubaiNovel-ReReader\\entry\\build\\default\\intermediates\\res\\default\\resources\\rawfile',
  resourceTableHash: 'e96af14888fd3dfa95c7e44cb08959be069ee2f68010bf67dcbfa9c950f41361',
  runtimeOS: 'HarmonyOS',
  sdkInfo: 'false:22:6.0.2.130:Release',
  aceModuleRoot: 'D:\\HMAPPTEST\\LiubaiNovel-ReReader\\entry\\src\\main\\ets',
  compileMode: 'esmodule',
  aceSuperVisualPath: 'D:\\HMAPPTEST\\LiubaiNovel-ReReader\\entry\\src\\main\\supervisual',
  aceBuildJson: 'D:\\HMAPPTEST\\LiubaiNovel-ReReader\\entry\\build\\default\\intermediates\\loader\\default\\loader.json',
  cachePath: 'D:\\HMAPPTEST\\LiubaiNovel-ReReader\\entry\\build\\default\\cache\\default\\default@CompileArkTS\\esmodule\\debug',
  aceModuleBuild: 'D:\\HMAPPTEST\\LiubaiNovel-ReReader\\entry\\build\\default\\intermediates\\loader_out\\default\\ets',
  supportChunks: true,
  declaredFilesPath: undefined,
  shouldCollectDirectImportees: false,
  isByteCodeHarOptimize: false,
  expandImportPath: undefined,
  pkgNameToPkgBriefInfo: {
    entry: {
      pkgRoot: 'D:\\HMAPPTEST\\LiubaiNovel-ReReader\\entry',
      originalSourceRoots: undefined,
      sourceRoots: [Array],
      pkgName: 'entry'
    }
  },
  projectModel: {
    'D:\\HMAPPTEST\\LiubaiNovel-ReReader\\entry\\src\\main': {
      moduleName: 'entry',
      modulePkgPath: 'D:\\HMAPPTEST\\LiubaiNovel-ReReader\\entry',
      belongProjectPath: 'D:\\HMAPPTEST\\LiubaiNovel-ReReader'
    },
    'D:\\HMAPPTEST\\LiubaiNovel-ReReader\\entry': {
      moduleName: 'entry',
      modulePkgPath: 'D:\\HMAPPTEST\\LiubaiNovel-ReReader\\entry',
      belongProjectPath: 'D:\\HMAPPTEST\\LiubaiNovel-ReReader'
    },
    'D:\\HMAPPTEST\\LiubaiNovel-ReReader': {
      moduleName: 'LiubaiNovel-ReReader',
      modulePkgPath: 'D:\\HMAPPTEST\\LiubaiNovel-ReReader',
      belongProjectPath: 'D:\\HMAPPTEST\\LiubaiNovel-ReReader'
    }
  },
  pkgJsonFileHash: 'a6de197493e91058a2f95b29b195d09566b5469c816481caefb54d012cea0cdb',
  allModulePaths: [ 'D:\\HMAPPTEST\\LiubaiNovel-ReReader\\entry' ],
  routerMap: {},
  obfuscationOptions: undefined,
  byteCodeHarToDependencyKeys: undefined,
  compileBlockPkg: [],
  mockParams: {
    decorator: '@MockSetup',
    packageName: '@ohos/hamock',
    etsSourceRootPath: 'src/main/ets',
    mockConfigPath: undefined,
    mockConfigKey2ModuleInfo: {},
    source2ModuleIdMap: {}
  },
  copyCodeResourceEnable: true,
  copyCodeResourceExcludes: [],
  copyCodeResourceIncludes: undefined,
  uiTransformOptimization: false,
  sdkPath: 'D:/Program Files/Huawei/DevEco Studio/sdk',
  needPreloadSoFileSet: {},
  preloadSoFilePath: 'D:\\HMAPPTEST\\LiubaiNovel-ReReader\\entry\\build\\default\\intermediates\\preload\\default\\preload.json',
  useSourceHash: false,
  localModuleParamMap: {},
  otherPaths: {
    'entry/*': [
      '..\\*',
      '..\\..\\..\\build\\default\\generated\\profile\\default\\*'
    ]
  },
  collectImportersConfig: undefined
}
[2026-03-28T08:46:44.916] [DEBUG] debug-file - Compile arkts with external api path: D:\Program Files\Huawei\DevEco Studio\sdk\default\hms\ets
[2026-03-28T08:46:44.916] [DEBUG] debug-file - default@CompileArkTS work[7] is submitted.
[2026-03-28T08:46:44.916] [DEBUG] debug-file - default@CompileArkTS work[7] is pushed to ready queue.
[2026-03-28T08:46:44.916] [DEBUG] debug-file - A work dispatched to worker[15] failed because unable to get work from ready queue.
[2026-03-28T08:46:44.916] [DEBUG] debug-file - A work dispatched to worker[14] failed because unable to get work from ready queue.
[2026-03-28T08:46:44.916] [DEBUG] debug-file - A work dispatched to worker[13] failed because unable to get work from ready queue.
[2026-03-28T08:46:44.916] [DEBUG] debug-file - A work dispatched to worker[12] failed because unable to get work from ready queue.
[2026-03-28T08:46:44.916] [DEBUG] debug-file - A work dispatched to worker[11] failed because unable to get work from ready queue.
[2026-03-28T08:46:44.917] [DEBUG] debug-file - A work dispatched to worker[10] failed because unable to get work from ready queue.
[2026-03-28T08:46:44.917] [DEBUG] debug-file - A work dispatched to worker[9] failed because unable to get work from ready queue.
[2026-03-28T08:46:44.917] [DEBUG] debug-file - A work dispatched to worker[8] failed because unable to get work from ready queue.
[2026-03-28T08:46:44.917] [DEBUG] debug-file - A work dispatched to worker[7] failed because unable to get work from ready queue.
[2026-03-28T08:46:44.917] [DEBUG] debug-file - A work dispatched to worker[6] failed because unable to get work from ready queue.
[2026-03-28T08:46:44.917] [DEBUG] debug-file - A work dispatched to worker[5] failed because unable to get work from ready queue.
[2026-03-28T08:46:44.917] [DEBUG] debug-file - default@CompileArkTS work[7] has been dispatched to worker[4].
[2026-03-28T08:46:44.917] [DEBUG] debug-file - default@CompileArkTS work[7] is dispatched.
[2026-03-28T08:46:44.917] [DEBUG] debug-file - CopyResources startTime: 1691682070797000
[2026-03-28T08:46:44.917] [DEBUG] debug-file - default@CompileArkTS work[8] is submitted.
[2026-03-28T08:46:44.917] [DEBUG] debug-file - default@CompileArkTS work[8] is pushed to ready queue.
[2026-03-28T08:46:44.917] [DEBUG] debug-file - A work dispatched to worker[15] failed because unable to get work from ready queue.
[2026-03-28T08:46:44.917] [DEBUG] debug-file - Create  resident worker with id: 14.
[2026-03-28T08:46:44.918] [DEBUG] debug-file - default@CompileArkTS work[8] has been dispatched to worker[14].
[2026-03-28T08:46:44.918] [DEBUG] debug-file - default@CompileArkTS work[8] is dispatched.
[2026-03-28T08:46:44.918] [DEBUG] debug-file - entry : default@CompileArkTS cost memory 0.358551025390625
[2026-03-28T08:46:44.919] [DEBUG] debug-file - Executing task :entry:default@BuildJS
[2026-03-28T08:46:44.919] [DEBUG] debug-file - Task 'entry:default@BuildJS' cost while wrapping incremental declarations: 1 ms 
[2026-03-28T08:46:44.921] [DEBUG] debug-file - entry : default@BuildJS cost memory 0.14356231689453125
[2026-03-28T08:46:44.921] [DEBUG] debug-file - runTaskFromQueue task cost before running: 5 s 101 ms 
[2026-03-28T08:46:44.921] [INFO] debug-file - Finished :entry:default@BuildJS... after 2 ms 
[2026-03-28T08:46:44.922] [DEBUG] debug-file - Executing task :entry:default@CacheNativeLibs
[2026-03-28T08:46:44.922] [DEBUG] debug-file - Task 'entry:default@CacheNativeLibs' cost while wrapping incremental declarations: 1 ms 
[2026-03-28T08:46:44.923] [DEBUG] debug-file - Incremental task entry:default@CacheNativeLibs pre-execution cost: 1 ms .
[2026-03-28T08:46:44.923] [DEBUG] debug-file - entry : default@CacheNativeLibs cost memory 0.08892059326171875
[2026-03-28T08:46:44.923] [INFO] debug-file - UP-TO-DATE :entry:default@CacheNativeLibs...  
[2026-03-28T08:46:47.693] [WARN] debug-file - [33mWARN: [33m[33mArkTS:WARN File: D:/HMAPPTEST/LiubaiNovel-ReReader/entry/src/main/ets/entryability/WindowAbility.ets:60:28
 Function may throw exceptions. Special handling is required.
[39m[39m
[33mWARN: [33m[33mArkTS:WARN File: D:/HMAPPTEST/LiubaiNovel-ReReader/entry/src/main/ets/entryability/WindowAbility.ets:62:42
 Function may throw exceptions. Special handling is required.
[39m[39m
[33mWARN: [33m[33mArkTS:WARN File: D:/HMAPPTEST/LiubaiNovel-ReReader/entry/src/main/ets/entryability/WindowAbility.ets:63:39
 Function may throw exceptions. Special handling is required.
[39m[39m
[33mWARN: [33m[33mArkTS:WARN File: D:/HMAPPTEST/LiubaiNovel-ReReader/entry/src/main/ets/entryability/WindowAbility.ets:113:5
 Function may throw exceptions. Special handling is required.
[39m[39m
[33mWARN: [33m[33mArkTS:WARN File: D:/HMAPPTEST/LiubaiNovel-ReReader/entry/src/main/ets/entryability/WindowAbility.ets:127:5
 Function may throw exceptions. Special handling is required.
[39m[39m
[33mWARN: [33m[33mArkTS:WARN File: D:/HMAPPTEST/LiubaiNovel-ReReader/entry/src/main/ets/entryability/WindowAbility.ets:140:35
 Function may throw exceptions. Special handling is required.
[39m[39m
[33mWARN: [33m[33mArkTS:WARN File: D:/HMAPPTEST/LiubaiNovel-ReReader/entry/src/main/ets/entryability/WindowAbility.ets:151:5
 Function may throw exceptions. Special handling is required.
[39m[39m
[33mWARN: [33m[33mArkTS:WARN File: D:/HMAPPTEST/LiubaiNovel-ReReader/entry/src/main/ets/utils/FileUtils.ets:43:12
 Function may throw exceptions. Special handling is required.
[39m[39m
[33mWARN: [33m[33mArkTS:WARN File: D:/HMAPPTEST/LiubaiNovel-ReReader/entry/src/main/ets/utils/FileUtils.ets:158:7
 Function may throw exceptions. Special handling is required.
[39m[39m
[33mWARN: [33m[33mArkTS:WARN File: D:/HMAPPTEST/LiubaiNovel-ReReader/entry/src/main/ets/common/LocalBookImporter.ets:87:7
 Function may throw exceptions. Special handling is required.
[39m[39m
[33mWARN: [33m[33mArkTS:WARN File: D:/HMAPPTEST/LiubaiNovel-ReReader/entry/src/main/ets/pages/Index.ets:772:12
 'pushUrl' has been deprecated.
[39m[39m
[33mWARN: [33m[33mArkTS:WARN File: D:/HMAPPTEST/LiubaiNovel-ReReader/entry/src/main/ets/pages/Index.ets:792:7
 Function may throw exceptions. Special handling is required.
[39m[39m
[33mWARN: [33m[33mArkTS:WARN File: D:/HMAPPTEST/LiubaiNovel-ReReader/entry/src/main/ets/pages/Index.ets:806:14
 'pushUrl' has been deprecated.
[39m[39m
[33mWARN: [33m[33mArkTS:WARN File: D:/HMAPPTEST/LiubaiNovel-ReReader/entry/src/main/ets/pages/Index.ets:823:7
 Function may throw exceptions. Special handling is required.
[39m[39m
[33mWARN: [33m[33mArkTS:WARN File: D:/HMAPPTEST/LiubaiNovel-ReReader/entry/src/main/ets/pages/Index.ets:848:12
 'pushUrl' has been deprecated.
[39m[39m
[33mWARN: [33m[33mArkTS:WARN File: D:/HMAPPTEST/LiubaiNovel-ReReader/entry/src/main/ets/pages/Index.ets:869:5
 Function may throw exceptions. Special handling is required.
[39m[39m
[33mWARN: [33m[33mArkTS:WARN File: D:/HMAPPTEST/LiubaiNovel-ReReader/entry/src/main/ets/pages/Index.ets:884:7
 Function may throw exceptions. Special handling is required.
[39m[39m
[33mWARN: [33m[33mArkTS:WARN File: D:/HMAPPTEST/LiubaiNovel-ReReader/entry/src/main/ets/pages/Index.ets:903:7
 Function may throw exceptions. Special handling is required.
[39m[39m
[33mWARN: [33m[33mArkTS:WARN File: D:/HMAPPTEST/LiubaiNovel-ReReader/entry/src/main/ets/pages/Index.ets:932:7
 Function may throw exceptions. Special handling is required.
[39m[39m
[33mWARN: [33m[33mArkTS:WARN File: D:/HMAPPTEST/LiubaiNovel-ReReader/entry/src/main/ets/pages/Index.ets:1012:7
 Function may throw exceptions. Special handling is required.
[39m[39m
[33mWARN: [33m[33mArkTS:WARN File: D:/HMAPPTEST/LiubaiNovel-ReReader/entry/src/main/ets/pages/RecommendPage.ets:47:23
 'getContext' has been deprecated.
[39m[39m
[33mWARN: [33m[33mArkTS:WARN File: D:/HMAPPTEST/LiubaiNovel-ReReader/entry/src/main/ets/pages/RecommendPage.ets:214:23
 'getContext' has been deprecated.
[39m[39m
[33mWARN: [33m[33mArkTS:WARN File: D:/HMAPPTEST/LiubaiNovel-ReReader/entry/src/main/ets/pages/RecommendPage.ets:234:23
 'getContext' has been deprecated.
[39m[39m
[33mWARN: [33m[33mArkTS:WARN File: D:/HMAPPTEST/LiubaiNovel-ReReader/entry/src/main/ets/pages/Mine.ets:44:21
 'getContext' has been deprecated.
[39m[39m
[33mWARN: [33m[33mArkTS:WARN File: D:/HMAPPTEST/LiubaiNovel-ReReader/entry/src/main/ets/pages/Mine.ets:46:24
 Function may throw exceptions. Special handling is required.
[39m[39m
[33mWARN: [33m[33mArkTS:WARN File: D:/HMAPPTEST/LiubaiNovel-ReReader/entry/src/main/ets/pages/BookSourcePage.ets:216:29
 'getParams' has been deprecated.
[39m[39m
[33mWARN: [33m[33mArkTS:WARN File: D:/HMAPPTEST/LiubaiNovel-ReReader/entry/src/main/ets/pages/BookSourcePage.ets:257:7
 Function may throw exceptions. Special handling is required.
[39m[39m
[33mWARN: [33m[33mArkTS:WARN File: D:/HMAPPTEST/LiubaiNovel-ReReader/entry/src/main/ets/pages/BookSourcePage.ets:291:7
 Function may throw exceptions. Special handling is required.
[39m[39m
[33mWARN: [33m[33mArkTS:WARN File: D:/HMAPPTEST/LiubaiNovel-ReReader/entry/src/main/ets/pages/BookSourcePage.ets:303:23
 'getContext' has been deprecated.
[39m[39m
[33mWARN: [33m[33mArkTS:WARN File: D:/HMAPPTEST/LiubaiNovel-ReReader/entry/src/main/ets/pages/BookSourcePage.ets:312:7
 Function may throw exceptions. Special handling is required.
[39m[39m
[33mWARN: [33m[33mArkTS:WARN File: D:/HMAPPTEST/LiubaiNovel-ReReader/entry/src/main/ets/pages/BookSourcePage.ets:385:37
 'decode' has been deprecated.
[39m[39m
[33mWARN: [33m[33mArkTS:WARN File: D:/HMAPPTEST/LiubaiNovel-ReReader/entry/src/main/ets/pages/BookSourcePage.ets:429:7
 Function may throw exceptions. Special handling is required.
[39m[39m
[33mWARN: [33m[33mArkTS:WARN File: D:/HMAPPTEST/LiubaiNovel-ReReader/entry/src/main/ets/pages/BookSourcePage.ets:465:7
 Function may throw exceptions. Special handling is required.
[39m[39m
[33mWARN: [33m[33mArkTS:WARN File: D:/HMAPPTEST/LiubaiNovel-ReReader/entry/src/main/ets/pages/BookSourcePage.ets:504:7
 Function may throw exceptions. Special handling is required.
[39m[39m
[33mWARN: [33m[33mArkTS:WARN File: D:/HMAPPTEST/LiubaiNovel-ReReader/entry/src/main/ets/pages/BookSourcePage.ets:525:14
 'pushUrl' has been deprecated.
[39m[39m
[33mWARN: [33m[33mArkTS:WARN File: D:/HMAPPTEST/LiubaiNovel-ReReader/entry/src/main/ets/pages/BookSourcePage.ets:544:7
 Function may throw exceptions. Special handling is required.
[39m[39m
[33mWARN: [33m[33mArkTS:WARN File: D:/HMAPPTEST/LiubaiNovel-ReReader/entry/src/main/ets/pages/BookSourcePage.ets:566:14
 'pushUrl' has been deprecated.
[39m[39m
[33mWARN: [33m[33mArkTS:WARN File: D:/HMAPPTEST/LiubaiNovel-ReReader/entry/src/main/ets/pages/BookSourceEditPage.ets:159:29
 'getParams' has been deprecated.
[39m[39m
[33mWARN: [33m[33mArkTS:WARN File: D:/HMAPPTEST/LiubaiNovel-ReReader/entry/src/main/ets/pages/BookSourceEditPage.ets:331:14
 'replaceUrl' has been deprecated.
[39m[39m
[33mWARN: [33m[33mArkTS:WARN File: D:/HMAPPTEST/LiubaiNovel-ReReader/entry/src/main/ets/pages/BookSourceEditPage.ets:342:16
 'back' has been deprecated.
[39m[39m
[33mWARN: [33m[33mArkTS:WARN File: D:/HMAPPTEST/LiubaiNovel-ReReader/entry/src/main/ets/pages/BookSourceEditPage.ets:347:14
 'back' has been deprecated.
[39m[39m
[33mWARN: [33m[33mArkTS:WARN File: D:/HMAPPTEST/LiubaiNovel-ReReader/entry/src/main/ets/pages/BookSourceEditPage.ets:355:12
 'back' has been deprecated.
[39m[39m
[33mWARN: [33m[33mArkTS:WARN File: D:/HMAPPTEST/LiubaiNovel-ReReader/entry/src/main/ets/pages/BookDetailPage.ets:65:29
 'getParams' has been deprecated.
[39m[39m
[33mWARN: [33m[33mArkTS:WARN File: D:/HMAPPTEST/LiubaiNovel-ReReader/entry/src/main/ets/pages/BookDetailPage.ets:278:7
 Function may throw exceptions. Special handling is required.
[39m[39m
[33mWARN: [33m[33mArkTS:WARN File: D:/HMAPPTEST/LiubaiNovel-ReReader/entry/src/main/ets/pages/BookDetailPage.ets:335:9
 Function may throw exceptions. Special handling is required.
[39m[39m
[33mWARN: [33m[33mArkTS:WARN File: D:/HMAPPTEST/LiubaiNovel-ReReader/entry/src/main/ets/pages/BookDetailPage.ets:343:12
 'pushUrl' has been deprecated.
[39m[39m
[33mWARN: [33m[33mArkTS:WARN File: D:/HMAPPTEST/LiubaiNovel-ReReader/entry/src/main/ets/pages/BookDetailPage.ets:373:12
 'pushUrl' has been deprecated.
[39m[39m
[33mWARN: [33m[33mArkTS:WARN File: D:/HMAPPTEST/LiubaiNovel-ReReader/entry/src/main/ets/pages/BookDetailPage.ets:471:7
 Function may throw exceptions. Special handling is required.
[39m[39m
[33mWARN: [33m[33mArkTS:WARN File: D:/HMAPPTEST/LiubaiNovel-ReReader/entry/src/main/ets/pages/BookDetailPage.ets:481:12
 'back' has been deprecated.
[39m[39m
[33mWARN: [33m[33mArkTS:WARN File: D:/HMAPPTEST/LiubaiNovel-ReReader/entry/src/main/ets/reader/providers/EpubParser.ets:173:11
 Function may throw exceptions. Special handling is required.
[39m[39m
[33mWARN: [33m[33mArkTS:WARN File: D:/HMAPPTEST/LiubaiNovel-ReReader/entry/src/main/ets/reader/providers/EpubParser.ets:411:18
 Function may throw exceptions. Special handling is required.
[39m[39m
[33mWARN: [33m[33mArkTS:WARN File: D:/HMAPPTEST/LiubaiNovel-ReReader/entry/src/main/ets/reader/providers/EpubParser.ets:412:18
 Function may throw exceptions. Special handling is required.
[39m[39m
[33mWARN: [33m[33mArkTS:WARN File: D:/HMAPPTEST/LiubaiNovel-ReReader/entry/src/main/ets/reader/providers/EpubParser.ets:414:5
 Function may throw exceptions. Special handling is required.
[39m[39m
[33mWARN: [33m[33mArkTS:WARN File: D:/HMAPPTEST/LiubaiNovel-ReReader/entry/src/main/ets/reader/providers/EpubParser.ets:415:5
 Function may throw exceptions. Special handling is required.
[39m[39m
[33mWARN: [33m[33mArkTS:WARN File: D:/HMAPPTEST/LiubaiNovel-ReReader/entry/src/main/ets/reader/providers/LocalBookProvider.ets:183:18
 Function may throw exceptions. Special handling is required.
[39m[39m
[33mWARN: [33m[33mArkTS:WARN File: D:/HMAPPTEST/LiubaiNovel-ReReader/entry/src/main/ets/reader/providers/LocalBookProvider.ets:184:18
 Function may throw exceptions. Special handling is required.
[39m[39m
[33mWARN: [33m[33mArkTS:WARN File: D:/HMAPPTEST/LiubaiNovel-ReReader/entry/src/main/ets/reader/providers/LocalBookProvider.ets:186:5
 Function may throw exceptions. Special handling is required.
[39m[39m
[33mWARN: [33m[33mArkTS:WARN File: D:/HMAPPTEST/LiubaiNovel-ReReader/entry/src/main/ets/reader/providers/LocalBookProvider.ets:187:5
 Function may throw exceptions. Special handling is required.
[39m[39m
[33mWARN: [33m[33mArkTS:WARN File: D:/HMAPPTEST/LiubaiNovel-ReReader/entry/src/main/ets/reader/tts/TTSController.ets:324:5
 Function may throw exceptions. Special handling is required.
[39m[39m
[33mWARN: [33m[33mArkTS:WARN File: D:/HMAPPTEST/LiubaiNovel-ReReader/entry/src/main/ets/pages/UnifiedReaderPage.ets:140:21
 'getContext' has been deprecated.
[39m[39m
[33mWARN: [33m[33mArkTS:WARN File: D:/HMAPPTEST/LiubaiNovel-ReReader/entry/src/main/ets/pages/UnifiedReaderPage.ets:155:27
 'getParams' has been deprecated.
[39m[39m
[33mWARN: [33m[33mArkTS:WARN File: D:/HMAPPTEST/LiubaiNovel-ReReader/entry/src/main/ets/pages/UnifiedReaderPage.ets:316:39
 'back' has been deprecated.
[39m[39m
[33mWARN: [33m[33mArkTS:WARN File: D:/HMAPPTEST/LiubaiNovel-ReReader/entry/src/main/ets/pages/UnifiedReaderPage.ets:411:20
 'back' has been deprecated.
[39m[39m
[33mWARN: [33m[33mArkTS:WARN File: D:/HMAPPTEST/LiubaiNovel-ReReader/entry/src/main/ets/pages/UnifiedReaderPage.ets:448:22
 'pushUrl' has been deprecated.
[39m[39m
[33mWARN: [33m[33mArkTS:WARN File: D:/HMAPPTEST/LiubaiNovel-ReReader/entry/src/main/ets/pages/UnifiedReaderPage.ets:871:7
 Function may throw exceptions. Special handling is required.
[39m[39m
[33mWARN: [33m[33mArkTS:WARN File: D:/HMAPPTEST/LiubaiNovel-ReReader/entry/src/main/ets/pages/UnifiedReaderPage.ets:871:20
 'showToast' has been deprecated.
[39m[39m
[33mWARN: [33m[33mArkTS:WARN File: D:/HMAPPTEST/LiubaiNovel-ReReader/entry/src/main/ets/pages/UnifiedReaderPage.ets:881:7
 Function may throw exceptions. Special handling is required.
[39m[39m
[33mWARN: [33m[33mArkTS:WARN File: D:/HMAPPTEST/LiubaiNovel-ReReader/entry/src/main/ets/pages/UnifiedReaderPage.ets:881:20
 'showToast' has been deprecated.
[39m[39m
[33mWARN: [33m[33mArkTS:WARN File: D:/HMAPPTEST/LiubaiNovel-ReReader/entry/src/main/ets/pages/UnifiedReaderPage.ets:905:22
 'showToast' has been deprecated.
[39m[39m

[2026-03-28T08:46:47.694] [DEBUG] debug-file - Ark compile task finished.finished time is 1691684847565200
[2026-03-28T08:46:47.698] [DEBUG] debug-file - worker[4] has one work done.
[2026-03-28T08:46:47.698] [DEBUG] debug-file - default@CompileArkTS work[7] done.
[2026-03-28T08:46:47.698] [DEBUG] debug-file - A work dispatched to worker[4] failed because unable to get work from ready queue.
[2026-03-28T08:46:52.504] [DEBUG] debug-file - worker[14] has one work done.
[2026-03-28T08:46:52.504] [DEBUG] debug-file - CopyResources is end, endTime: 1691689658309700
[2026-03-28T08:46:52.504] [DEBUG] debug-file - default@CompileArkTS work[8] done.
[2026-03-28T08:46:52.504] [DEBUG] debug-file - A work dispatched to worker[14] failed because unable to get work from ready queue.
[2026-03-28T08:46:52.506] [INFO] debug-file - Finished :entry:default@CompileArkTS... after 2 s 802 ms 
[2026-03-28T08:46:52.506] [DEBUG] debug-file - Executing task :entry:default@GeneratePkgModuleJson
[2026-03-28T08:46:52.507] [DEBUG] debug-file - File: 'D:\HMAPPTEST\LiubaiNovel-ReReader\entry\build\default\intermediates\preload\default\preload.json' from 'preloadSoJsonPath' is not exists, just ignore.
[2026-03-28T08:46:52.507] [DEBUG] debug-file - Error occurs while handling @Input 'shouldDeduplicateHar': The "data" argument must be of type string or an instance of Buffer, TypedArray, or DataView. Received undefined
[2026-03-28T08:46:52.507] [DEBUG] debug-file - Task 'entry:default@GeneratePkgModuleJson' cost while wrapping incremental declarations: 1 ms 
[2026-03-28T08:46:52.508] [DEBUG] debug-file - entry:default@GeneratePkgModuleJson is not up-to-date, since the input file 'D:\HMAPPTEST\LiubaiNovel-ReReader\entry\build\default\intermediates\res\default\module.json' has been changed.
[2026-03-28T08:46:52.508] [DEBUG] debug-file - Incremental task entry:default@GeneratePkgModuleJson pre-execution cost: 1 ms .
[2026-03-28T08:46:52.509] [DEBUG] debug-file - entry : default@GeneratePkgModuleJson cost memory -1.1527023315429688
[2026-03-28T08:46:52.509] [DEBUG] debug-file - runTaskFromQueue task cost before running: 12 s 689 ms 
[2026-03-28T08:46:52.509] [INFO] debug-file - Finished :entry:default@GeneratePkgModuleJson... after 3 ms 
[2026-03-28T08:46:52.510] [DEBUG] debug-file - Executing task :entry:default@ProcessCompiledResources
[2026-03-28T08:46:52.510] [DEBUG] debug-file - File: 'D:\HMAPPTEST\LiubaiNovel-ReReader\entry\build\default\intermediates\preload\default\preload.json' from 'preloadSoJsonPath' is not exists, just ignore.
[2026-03-28T08:46:52.510] [DEBUG] debug-file - Task 'entry:default@ProcessCompiledResources' cost while wrapping incremental declarations: 1 ms 
[2026-03-28T08:46:52.511] [DEBUG] debug-file - entry : default@ProcessCompiledResources cost memory 0.05741119384765625
[2026-03-28T08:46:52.511] [DEBUG] debug-file - runTaskFromQueue task cost before running: 12 s 691 ms 
[2026-03-28T08:46:52.511] [INFO] debug-file - Finished :entry:default@ProcessCompiledResources... after 1 ms 
[2026-03-28T08:46:52.512] [DEBUG] debug-file - Executing task :entry:default@PackageHap
[2026-03-28T08:46:52.514] [DEBUG] debug-file - entry:default@PackageHap is not up-to-date, since the input file 'D:\HMAPPTEST\LiubaiNovel-ReReader\entry\build\default\intermediates\res\default\module.json' has been changed.
[2026-03-28T08:46:52.514] [DEBUG] debug-file - Incremental task entry:default@PackageHap pre-execution cost: 2 ms .
[2026-03-28T08:46:52.515] [DEBUG] debug-file - Use tool [D:\Program Files\Huawei\DevEco Studio\sdk\default\openharmony\toolchains\lib\app_packing_tool.jar]
 [
  'java',
  '-Dfile.encoding=GBK',
  '-jar',
  'D:\\Program Files\\Huawei\\DevEco Studio\\sdk\\default\\openharmony\\toolchains\\lib\\app_packing_tool.jar',
  '--mode',
  'hap',
  '--force',
  'true',
  '--lib-path',
  'D:\\HMAPPTEST\\LiubaiNovel-ReReader\\entry\\build\\default\\intermediates\\stripped_native_libs\\default',
  '--json-path',
  'D:\\HMAPPTEST\\LiubaiNovel-ReReader\\entry\\build\\default\\intermediates\\package\\default\\module.json',
  '--resources-path',
  'D:\\HMAPPTEST\\LiubaiNovel-ReReader\\entry\\build\\default\\intermediates\\res\\default\\resources',
  '--index-path',
  'D:\\HMAPPTEST\\LiubaiNovel-ReReader\\entry\\build\\default\\intermediates\\res\\default\\resources.index',
  '--pack-info-path',
  'D:\\HMAPPTEST\\LiubaiNovel-ReReader\\entry\\build\\default\\outputs\\default\\pack.info',
  '--out-path',
  'D:\\HMAPPTEST\\LiubaiNovel-ReReader\\entry\\build\\default\\outputs\\default\\entry-default-unsigned.hap',
  '--ets-path',
  'D:\\HMAPPTEST\\LiubaiNovel-ReReader\\entry\\build\\default\\intermediates\\loader_out\\default\\ets'
]
[2026-03-28T08:46:52.555] [DEBUG] debug-file - java daemon socket received message:{"code":0,"message":"pack success"}
[2026-03-28T08:46:52.558] [DEBUG] debug-file - entry : default@PackageHap cost memory -0.16068267822265625
[2026-03-28T08:46:52.558] [DEBUG] debug-file - runTaskFromQueue task cost before running: 12 s 738 ms 
[2026-03-28T08:46:52.559] [INFO] debug-file - Finished :entry:default@PackageHap... after 47 ms 
[2026-03-28T08:46:52.560] [DEBUG] debug-file - Executing task :entry:default@PackingCheck
[2026-03-28T08:46:52.564] [DEBUG] debug-file - entry : default@PackingCheck cost memory -0.18584442138671875
[2026-03-28T08:46:52.564] [DEBUG] debug-file - runTaskFromQueue task cost before running: 12 s 744 ms 
[2026-03-28T08:46:52.564] [INFO] debug-file - Finished :entry:default@PackingCheck... after 5 ms 
[2026-03-28T08:46:52.565] [DEBUG] debug-file - Executing task :entry:default@SignHap
[2026-03-28T08:46:52.566] [DEBUG] debug-file - entry:default@SignHap is not up-to-date, since the input file 'D:\HMAPPTEST\LiubaiNovel-ReReader\entry\build\default\outputs\default\entry-default-unsigned.hap' has been changed.
[2026-03-28T08:46:52.566] [DEBUG] debug-file - Incremental task entry:default@SignHap pre-execution cost: 1 ms .
[2026-03-28T08:46:52.579] [DEBUG] debug-file - java daemon socket close code:1000 reason:close by user
[2026-03-28T08:46:52.601] [DEBUG] debug-file - java daemon socket received message:{"code":0,"message":"verify profile success"}
[2026-03-28T08:46:52.605] [DEBUG] debug-file - java daemon socket close code:1000 reason:close by user
[2026-03-28T08:46:52.742] [DEBUG] debug-file - java daemon socket received message:{"code":0,"message":"sign app success"}
[2026-03-28T08:46:52.743] [DEBUG] debug-file - entry : default@SignHap cost memory -0.0937347412109375
[2026-03-28T08:46:52.744] [DEBUG] debug-file - runTaskFromQueue task cost before running: 12 s 924 ms 
[2026-03-28T08:46:52.745] [INFO] debug-file - Finished :entry:default@SignHap... after 179 ms 
[2026-03-28T08:46:52.747] [DEBUG] debug-file - Executing task :entry:default@CollectDebugSymbol
[2026-03-28T08:46:52.749] [DEBUG] debug-file - entry : default@CollectDebugSymbol cost memory 0.0847015380859375
[2026-03-28T08:46:52.749] [DEBUG] debug-file - runTaskFromQueue task cost before running: 12 s 929 ms 
[2026-03-28T08:46:52.749] [INFO] debug-file - Finished :entry:default@CollectDebugSymbol... after 2 ms 
[2026-03-28T08:46:52.749] [DEBUG] debug-file - Executing task :entry:assembleHap
[2026-03-28T08:46:52.750] [DEBUG] debug-file - entry : assembleHap cost memory 0.01270294189453125
[2026-03-28T08:46:52.750] [DEBUG] debug-file - runTaskFromQueue task cost before running: 12 s 930 ms 
[2026-03-28T08:46:52.750] [INFO] debug-file - Finished :entry:assembleHap... after 1 ms 
[2026-03-28T08:46:54.089] [INFO] debug-file - BUILD SUCCESSFUL in 14 s 269 ms 
[2026-03-28T08:46:54.090] [DEBUG] debug-file - Update task entry:default@PreBuild input file:D:\HMAPPTEST\LiubaiNovel-ReReader\AppScope\app.json5 cache from map.
[2026-03-28T08:46:54.090] [DEBUG] debug-file - Update task entry:default@PreBuild input file:D:\HMAPPTEST\LiubaiNovel-ReReader\entry\src\main\module.json5 cache by regenerate.
[2026-03-28T08:46:54.090] [DEBUG] debug-file - Update task entry:default@PreBuild input file:D:\HMAPPTEST\LiubaiNovel-ReReader\build-profile.json5 cache by regenerate.
[2026-03-28T08:46:54.090] [DEBUG] debug-file - Update task entry:default@PreBuild input file:D:\HMAPPTEST\LiubaiNovel-ReReader\entry\build-profile.json5 cache by regenerate.
[2026-03-28T08:46:54.090] [DEBUG] debug-file - Update task entry:default@PreBuild input file:D:\HMAPPTEST\LiubaiNovel-ReReader\entry\src\main\resources\base\profile\main_pages.json cache by regenerate.
[2026-03-28T08:46:54.091] [DEBUG] debug-file - Update task entry:default@PreBuild input file:D:\HMAPPTEST\LiubaiNovel-ReReader\hvigor\hvigor-config.json5 cache by regenerate.
[2026-03-28T08:46:54.091] [DEBUG] debug-file - Update task entry:default@PreBuild input file:D:\HMAPPTEST\LiubaiNovel-ReReader\entry\oh-package.json5 cache by regenerate.
[2026-03-28T08:46:54.091] [DEBUG] debug-file - Update task entry:default@PreBuild input file:D:\HMAPPTEST\LiubaiNovel-ReReader\oh-package.json5 cache by regenerate.
[2026-03-28T08:46:54.091] [DEBUG] debug-file - Incremental task entry:default@PreBuild post-execution cost:2 ms .
[2026-03-28T08:46:54.091] [DEBUG] debug-file - Update task entry:default@CreateModuleInfo output file:D:\HMAPPTEST\LiubaiNovel-ReReader\entry\build\default\generated\profile\default\ModuleInfo.ts cache.
[2026-03-28T08:46:54.091] [DEBUG] debug-file - Incremental task entry:default@CreateModuleInfo post-execution cost:1 ms .
[2026-03-28T08:46:54.092] [DEBUG] debug-file - There is no need to refresh cache, since the incremental task entry:default@GenerateMetadata is up-to-date.
[2026-03-28T08:46:54.092] [DEBUG] debug-file - Update task entry:default@MergeProfile input file:D:\HMAPPTEST\LiubaiNovel-ReReader\AppScope\app.json5 cache from map.
[2026-03-28T08:46:54.092] [DEBUG] debug-file - Update task entry:default@MergeProfile input file:D:\HMAPPTEST\LiubaiNovel-ReReader\build-profile.json5 cache by regenerate.
[2026-03-28T08:46:54.092] [DEBUG] debug-file - Update task entry:default@MergeProfile input file:D:\HMAPPTEST\LiubaiNovel-ReReader\entry\src\main\module.json5 cache by regenerate.
[2026-03-28T08:46:54.092] [DEBUG] debug-file - Update task entry:default@MergeProfile output file:D:\HMAPPTEST\LiubaiNovel-ReReader\entry\build\default\intermediates\merge_profile\default\module.json cache.
[2026-03-28T08:46:54.092] [DEBUG] debug-file - Incremental task entry:default@MergeProfile post-execution cost:1 ms .
[2026-03-28T08:46:54.092] [DEBUG] debug-file - Update task entry:default@CreateBuildProfile input file:D:\HMAPPTEST\LiubaiNovel-ReReader\AppScope\app.json5 cache from map.
[2026-03-28T08:46:54.092] [DEBUG] debug-file - Update task entry:default@CreateBuildProfile input file:D:\HMAPPTEST\LiubaiNovel-ReReader\build-profile.json5 cache by regenerate.
[2026-03-28T08:46:54.093] [DEBUG] debug-file - Update task entry:default@CreateBuildProfile output file:D:\HMAPPTEST\LiubaiNovel-ReReader\entry\build\default\generated\profile\default\BuildProfile.ets cache.
[2026-03-28T08:46:54.093] [DEBUG] debug-file - Incremental task entry:default@CreateBuildProfile post-execution cost:1 ms .
[2026-03-28T08:46:54.093] [DEBUG] debug-file - Update task entry:default@GeneratePkgContextInfo output file:D:\HMAPPTEST\LiubaiNovel-ReReader\entry\build\default\intermediates\loader\default\pkgContextInfo.json cache.
[2026-03-28T08:46:54.093] [DEBUG] debug-file - Incremental task entry:default@GeneratePkgContextInfo post-execution cost:1 ms .
[2026-03-28T08:46:54.093] [DEBUG] debug-file - Update task entry:default@ProcessIntegratedHsp output file:D:\HMAPPTEST\LiubaiNovel-ReReader\build\cache\default\integrated_hsp\integratedHspCache.json cache.
[2026-03-28T08:46:54.096] [DEBUG] debug-file - Incremental task entry:default@ProcessIntegratedHsp post-execution cost:4 ms .
[2026-03-28T08:46:54.097] [DEBUG] debug-file - Update task entry:default@MakePackInfo input file:D:\HMAPPTEST\LiubaiNovel-ReReader\AppScope\app.json5 cache from map.
[2026-03-28T08:46:54.098] [DEBUG] debug-file - Update task entry:default@MakePackInfo input file:D:\HMAPPTEST\LiubaiNovel-ReReader\entry\src\main\module.json5 cache by regenerate.
[2026-03-28T08:46:54.098] [DEBUG] debug-file - Update task entry:default@MakePackInfo input file:D:\HMAPPTEST\LiubaiNovel-ReReader\build-profile.json5 cache by regenerate.
[2026-03-28T08:46:54.098] [DEBUG] debug-file - Update task entry:default@MakePackInfo input file:D:\HMAPPTEST\LiubaiNovel-ReReader\entry\src\main\resources\base\profile\backup_config.json cache by regenerate.
[2026-03-28T08:46:54.098] [DEBUG] debug-file - Update task entry:default@MakePackInfo output file:D:\HMAPPTEST\LiubaiNovel-ReReader\entry\build\default\outputs\default\pack.info cache.
[2026-03-28T08:46:54.098] [DEBUG] debug-file - Incremental task entry:default@MakePackInfo post-execution cost:2 ms .
[2026-03-28T08:46:54.098] [DEBUG] debug-file - Update task entry:default@SyscapTransform input file:D:\Program Files\Huawei\DevEco Studio\sdk\default\openharmony\toolchains\syscap_tool.exe cache by regenerate.
[2026-03-28T08:46:54.098] [DEBUG] debug-file - Update task entry:default@SyscapTransform input file:D:\Program Files\Huawei\DevEco Studio\sdk\default\openharmony\ets\api\device-define cache by regenerate.
[2026-03-28T08:46:54.099] [DEBUG] debug-file - Update task entry:default@SyscapTransform output file:D:\HMAPPTEST\LiubaiNovel-ReReader\entry\build\default\intermediates\syscap\default\rpcid.sc cache.
[2026-03-28T08:46:54.100] [DEBUG] debug-file - Incremental task entry:default@SyscapTransform post-execution cost:2 ms .
[2026-03-28T08:46:54.100] [DEBUG] debug-file - Update task entry:default@ProcessProfile input file:D:\HMAPPTEST\LiubaiNovel-ReReader\entry\build\default\intermediates\merge_profile\default\module.json cache from map.
[2026-03-28T08:46:54.100] [DEBUG] debug-file - Update task entry:default@ProcessProfile output file:D:\HMAPPTEST\LiubaiNovel-ReReader\entry\build\default\intermediates\process_profile\default\module.json cache.
[2026-03-28T08:46:54.100] [DEBUG] debug-file - Incremental task entry:default@ProcessProfile post-execution cost:1 ms .
[2026-03-28T08:46:54.100] [DEBUG] debug-file - There is no need to refresh cache, since the incremental task entry:default@ProcessRouterMap is up-to-date.
[2026-03-28T08:46:54.100] [DEBUG] debug-file - There is no need to refresh cache, since the incremental task entry:default@ProcessShareConfig is up-to-date.
[2026-03-28T08:46:54.100] [DEBUG] debug-file - Update task entry:default@ProcessStartupConfig output file:D:\HMAPPTEST\LiubaiNovel-ReReader\entry\build\default\intermediates\startup\default\startup_config.json cache.
[2026-03-28T08:46:54.101] [DEBUG] debug-file - Incremental task entry:default@ProcessStartupConfig post-execution cost:1 ms .
[2026-03-28T08:46:54.101] [DEBUG] debug-file - There is no need to refresh cache, since the incremental task entry:default@ProcessResource is up-to-date.
[2026-03-28T08:46:54.101] [DEBUG] debug-file - There is no need to refresh cache, since the incremental task entry:default@GenerateLoaderJson is up-to-date.
[2026-03-28T08:46:54.101] [DEBUG] debug-file - There is no need to refresh cache, since the incremental task entry:default@ProcessLibs is up-to-date.
[2026-03-28T08:46:54.102] [DEBUG] debug-file - Update task entry:default@CompileResource input file:D:\HMAPPTEST\LiubaiNovel-ReReader\entry\src\main\resources cache by regenerate.
[2026-03-28T08:46:54.110] [DEBUG] debug-file - Update task entry:default@CompileResource input file:D:\HMAPPTEST\LiubaiNovel-ReReader\AppScope\resources cache by regenerate.
[2026-03-28T08:46:54.112] [DEBUG] debug-file - Update task entry:default@CompileResource input file:D:\HMAPPTEST\LiubaiNovel-ReReader\entry\build\default\intermediates\process_profile\default\module.json cache from map.
[2026-03-28T08:46:54.112] [DEBUG] debug-file - Update task entry:default@CompileResource input file:D:\HMAPPTEST\LiubaiNovel-ReReader\entry\build\default\intermediates\res\default\resConfig.json cache by regenerate.
[2026-03-28T08:46:54.112] [DEBUG] debug-file - Update task entry:default@CompileResource output file:D:\HMAPPTEST\LiubaiNovel-ReReader\entry\build\default\intermediates\res\default cache.
[2026-03-28T08:46:54.120] [DEBUG] debug-file - Update task entry:default@CompileResource output file:D:\HMAPPTEST\LiubaiNovel-ReReader\entry\build\default\generated\r\default\ResourceTable.h cache.
[2026-03-28T08:46:54.120] [DEBUG] debug-file - Update task entry:default@CompileResource output file:D:\HMAPPTEST\LiubaiNovel-ReReader\entry\build\default\generated\r\default cache.
[2026-03-28T08:46:54.121] [DEBUG] debug-file - Incremental task entry:default@CompileResource post-execution cost:20 ms .
[2026-03-28T08:46:54.121] [DEBUG] debug-file - There is no need to refresh cache, since the incremental task entry:default@DoNativeStrip is up-to-date.
[2026-03-28T08:46:54.122] [DEBUG] debug-file - Update task entry:default@CompileArkTS input file:D:\HMAPPTEST\LiubaiNovel-ReReader\entry\build\default\intermediates\loader\default cache by regenerate.
[2026-03-28T08:46:54.122] [DEBUG] debug-file - Update task entry:default@CompileArkTS input file:D:\HMAPPTEST\LiubaiNovel-ReReader\entry\build\default\intermediates\res\default\resources\rawfile cache by regenerate.
[2026-03-28T08:46:54.122] [DEBUG] debug-file - Update task entry:default@CompileArkTS input file:D:\HMAPPTEST\LiubaiNovel-ReReader\entry\build\default\intermediates\res\default\ResourceTable.txt cache from map.
[2026-03-28T08:46:54.122] [DEBUG] debug-file - Update task entry:default@CompileArkTS input file:D:\HMAPPTEST\LiubaiNovel-ReReader\entry\build\default\intermediates\res\default\ark_module.json cache by regenerate.
[2026-03-28T08:46:54.122] [DEBUG] debug-file - Update task entry:default@CompileArkTS input file:D:\HMAPPTEST\LiubaiNovel-ReReader\entry\build\default\intermediates\res\default\resources\base\profile cache by regenerate.
[2026-03-28T08:46:54.123] [DEBUG] debug-file - Update task entry:default@CompileArkTS input file:D:\HMAPPTEST\LiubaiNovel-ReReader\entry\src\main\ets cache by regenerate.
[2026-03-28T08:46:54.130] [DEBUG] debug-file - Update task entry:default@CompileArkTS input file:D:\HMAPPTEST\LiubaiNovel-ReReader\entry\build\default\generated\profile\default\BuildProfile.ets cache by regenerate.
[2026-03-28T08:46:54.130] [DEBUG] debug-file - Update task entry:default@CompileArkTS output file:D:\HMAPPTEST\LiubaiNovel-ReReader\entry\build\default\intermediates\loader_out\default\ets cache.
[2026-03-28T08:46:54.130] [DEBUG] debug-file - Incremental task entry:default@CompileArkTS post-execution cost:10 ms .
[2026-03-28T08:46:54.131] [DEBUG] debug-file - Update task entry:default@BuildJS input file:D:\HMAPPTEST\LiubaiNovel-ReReader\entry\build\default\intermediates\loader\default cache by regenerate.
[2026-03-28T08:46:54.131] [DEBUG] debug-file - Update task entry:default@BuildJS input file:D:\HMAPPTEST\LiubaiNovel-ReReader\entry\build\default\intermediates\res\default\resources\rawfile cache by regenerate.
[2026-03-28T08:46:54.132] [DEBUG] debug-file - Update task entry:default@BuildJS input file:D:\HMAPPTEST\LiubaiNovel-ReReader\entry\build\default\intermediates\res\default\ResourceTable.txt cache by regenerate.
[2026-03-28T08:46:54.132] [DEBUG] debug-file - Update task entry:default@BuildJS input file:D:\HMAPPTEST\LiubaiNovel-ReReader\entry\build\default\intermediates\res\default\ark_module.json cache by regenerate.
[2026-03-28T08:46:54.132] [DEBUG] debug-file - Update task entry:default@BuildJS input file:D:\HMAPPTEST\LiubaiNovel-ReReader\entry\build\default\intermediates\res\default\resources\base\profile cache by regenerate.
[2026-03-28T08:46:54.133] [DEBUG] debug-file - Update task entry:default@BuildJS output file:D:\HMAPPTEST\LiubaiNovel-ReReader\entry\build\default\intermediates\loader_out\default\js cache.
[2026-03-28T08:46:54.133] [DEBUG] debug-file - Incremental task entry:default@BuildJS post-execution cost:3 ms .
[2026-03-28T08:46:54.133] [DEBUG] debug-file - There is no need to refresh cache, since the incremental task entry:default@CacheNativeLibs is up-to-date.
[2026-03-28T08:46:54.133] [DEBUG] debug-file - Update task entry:default@GeneratePkgModuleJson input file:D:\HMAPPTEST\LiubaiNovel-ReReader\entry\build\default\intermediates\res\default\module.json cache from map.
[2026-03-28T08:46:54.133] [DEBUG] debug-file - Update task entry:default@GeneratePkgModuleJson output file:D:\HMAPPTEST\LiubaiNovel-ReReader\entry\build\default\intermediates\package\default\module.json cache.
[2026-03-28T08:46:54.133] [DEBUG] debug-file - Incremental task entry:default@GeneratePkgModuleJson post-execution cost:1 ms .
[2026-03-28T08:46:54.133] [DEBUG] debug-file - Incremental task entry:default@ProcessCompiledResources post-execution cost:1 ms .
[2026-03-28T08:46:54.134] [DEBUG] debug-file - Update task entry:default@PackageHap input file:D:\HMAPPTEST\LiubaiNovel-ReReader\entry\build\default\intermediates\stripped_native_libs\default cache by regenerate.
[2026-03-28T08:46:54.134] [DEBUG] debug-file - Update task entry:default@PackageHap input file:D:\HMAPPTEST\LiubaiNovel-ReReader\entry\build\default\intermediates\res\default\module.json cache from map.
[2026-03-28T08:46:54.134] [DEBUG] debug-file - Update task entry:default@PackageHap input file:D:\HMAPPTEST\LiubaiNovel-ReReader\entry\build\default\intermediates\res\default\resources cache by regenerate.
[2026-03-28T08:46:54.139] [DEBUG] debug-file - Update task entry:default@PackageHap input file:D:\HMAPPTEST\LiubaiNovel-ReReader\entry\build\default\intermediates\res\default\resources.index cache by regenerate.
[2026-03-28T08:46:54.139] [DEBUG] debug-file - Update task entry:default@PackageHap input file:D:\HMAPPTEST\LiubaiNovel-ReReader\entry\build\default\outputs\default\pack.info cache by regenerate.
[2026-03-28T08:46:54.139] [DEBUG] debug-file - Update task entry:default@PackageHap input file:D:\HMAPPTEST\LiubaiNovel-ReReader\entry\build\default\intermediates\loader_out\default\ets cache by regenerate.
[2026-03-28T08:46:54.140] [DEBUG] debug-file - Update task entry:default@PackageHap input file:D:\HMAPPTEST\LiubaiNovel-ReReader\entry\build\default\intermediates\loader_out\default\ets\sourceMaps.map cache by regenerate.
[2026-03-28T08:46:54.140] [DEBUG] debug-file - Update task entry:default@PackageHap input file:D:\HMAPPTEST\LiubaiNovel-ReReader\entry\build\default\generated\profile\default\BuildProfile.ets cache by regenerate.
[2026-03-28T08:46:54.140] [DEBUG] debug-file - Update task entry:default@PackageHap output file:D:\HMAPPTEST\LiubaiNovel-ReReader\entry\build\default\outputs\default\entry-default-unsigned.hap cache.
[2026-03-28T08:46:54.140] [DEBUG] debug-file - Update task entry:default@PackageHap output file:D:\HMAPPTEST\LiubaiNovel-ReReader\entry\build\default\intermediates\source_map\default\sourceMaps.map cache.
[2026-03-28T08:46:54.140] [DEBUG] debug-file - Update task entry:default@PackageHap output file:D:\HMAPPTEST\LiubaiNovel-ReReader\entry\build\default\outputs\default\mapping\sourceMaps.map cache.
[2026-03-28T08:46:54.141] [DEBUG] debug-file - Incremental task entry:default@PackageHap post-execution cost:8 ms .
[2026-03-28T08:46:54.141] [DEBUG] debug-file - Update task entry:default@SignHap input file:C:\Users\zxyzhy233\.ohos\config\default_LiubaiNovel-ReReader_U1UTVGz8nzXoDVi686OyEZxVoEKg_W5HfTmv5fg-wcI=.cer cache by regenerate.
[2026-03-28T08:46:54.141] [DEBUG] debug-file - Update task entry:default@SignHap input file:C:\Users\zxyzhy233\.ohos\config\default_LiubaiNovel-ReReader_U1UTVGz8nzXoDVi686OyEZxVoEKg_W5HfTmv5fg-wcI=.p7b cache by regenerate.
[2026-03-28T08:46:54.141] [DEBUG] debug-file - Update task entry:default@SignHap input file:C:\Users\zxyzhy233\.ohos\config\default_LiubaiNovel-ReReader_U1UTVGz8nzXoDVi686OyEZxVoEKg_W5HfTmv5fg-wcI=.p12 cache by regenerate.
[2026-03-28T08:46:54.142] [DEBUG] debug-file - Update task entry:default@SignHap input file:D:\HMAPPTEST\LiubaiNovel-ReReader\entry\build\default\outputs\default\entry-default-unsigned.hap cache from map.
[2026-03-28T08:46:54.142] [DEBUG] debug-file - Update task entry:default@SignHap output file:D:\HMAPPTEST\LiubaiNovel-ReReader\entry\build\default\outputs\default\entry-default-signed.hap cache.
[2026-03-28T08:46:54.142] [DEBUG] debug-file - Incremental task entry:default@SignHap post-execution cost:2 ms .
[2026-03-28T08:46:54.142] [DEBUG] debug-file - Update task entry:default@CollectDebugSymbol input file:D:\HMAPPTEST\LiubaiNovel-ReReader\entry\build\default\intermediates\loader_out\default\ets\sourceMaps.map cache by regenerate.
[2026-03-28T08:46:54.142] [DEBUG] debug-file - Update task entry:default@CollectDebugSymbol input file:D:\HMAPPTEST\LiubaiNovel-ReReader\entry\build\default\intermediates\libs\default cache by regenerate.
[2026-03-28T08:46:54.143] [DEBUG] debug-file - Update task entry:default@CollectDebugSymbol output file:D:\HMAPPTEST\LiubaiNovel-ReReader\entry\build\default\outputs\default\symbol cache.
[2026-03-28T08:46:54.143] [DEBUG] debug-file - Incremental task entry:default@CollectDebugSymbol post-execution cost:1 ms .
[2026-03-28T08:46:55.727] [DEBUG] debug-file - Cleanup worker 14.
[2026-03-28T08:46:55.727] [DEBUG] debug-file - Worker 14 has been cleaned up.
[2026-03-28T08:46:55.727] [DEBUG] debug-file - Current idle worker size: 1.
[2026-03-28T08:46:55.727] [DEBUG] debug-file - Current resident worker size: 2.
[2026-03-28T08:46:55.728] [DEBUG] debug-file - hvigor build process will be closed.
[2026-03-28T08:46:55.728] [DEBUG] debug-file - java daemon socket close code:1000 reason:close by user
[2026-03-28T08:46:55.731] [DEBUG] debug-file - session manager: send message to worker process.
[2026-03-28T08:46:55.731] [DEBUG] debug-file - session manager: send message to worker process.
[2026-03-28T08:46:55.731] [DEBUG] debug-file - watch worker: worker id should be larger than 0. Nothing will be sent to any worker thread.
[2026-03-28T08:46:55.732] [DEBUG] debug-file - watch worker: worker id should be larger than 0. Nothing will be sent to any worker thread.
[2026-03-28T08:46:55.737] [DEBUG] debug-file - worker[14] exits with exit code 1.
[2026-03-28T08:56:21.174] [DEBUG] debug-file - session manager: set active socket. socketId=OwNR7Xuh6-xKmOw9AAAL
[2026-03-28T08:56:21.180] [DEBUG] debug-file - watch worker: worker id should be larger than 0. Nothing will be sent to any worker thread.
[2026-03-28T08:56:21.184] [DEBUG] debug-file - Workers' log level updated to INFO
[2026-03-28T08:56:21.188] [DEBUG] debug-file - Hvigor init with startParameters:{
  hvigorfileTypeCheck: false,
  parallelExecution: true,
  incrementalExecution: true,
  printStackTrace: false,
  daemon: true,
  analyze: 0,
  logLevel: Level { level: 20000, levelStr: 'INFO', colour: 'green' },
  optimizationStrategy: 'memory',
  hotCompile: undefined,
  hotReloadBuild: undefined,
  customizedParam: undefined
}
[2026-03-28T08:56:21.195] [DEBUG] debug-file - Cache service initialization finished in 7 ms 
[2026-03-28T08:56:21.196] [DEBUG] debug-file - hvigorfile, resolving D:\HMAPPTEST\LiubaiNovel-ReReader\hvigorfile.ts
[2026-03-28T08:56:21.203] [DEBUG] debug-file - hvigorfile, require result:  { default: { plugins: [] } }
[2026-03-28T08:56:21.203] [DEBUG] debug-file - hvigorfile, binding system plugins null
[2026-03-28T08:56:21.203] [DEBUG] debug-file - Starting plugin build process
[2026-03-28T08:56:21.203] [DEBUG] debug-file - App plugin prepare start...
[2026-03-28T08:56:21.203] [DEBUG] debug-file - App plugin prepare end...
[2026-03-28T08:56:21.203] [DEBUG] debug-file - App plugin creating...
[2026-03-28T08:56:21.209] [DEBUG] debug-file - App plugin register hook start...
[2026-03-28T08:56:21.210] [DEBUG] debug-file - App plugin register hook end...
[2026-03-28T08:56:21.210] [DEBUG] debug-file - Plugin build process completed
[2026-03-28T08:56:21.210] [DEBUG] debug-file - Start initialize project's product build option map with build mode debug.
[2026-03-28T08:56:21.210] [DEBUG] debug-file - Picking option from product 'default' with build mode 'debug'.
[2026-03-28T08:56:21.210] [DEBUG] debug-file - Product 'default' build option initialized
[2026-03-28T08:56:21.211] [DEBUG] debug-file - Picking option from product 'zxyzhy233' with build mode 'debug'.
[2026-03-28T08:56:21.211] [DEBUG] debug-file - Product 'zxyzhy233' build option initialized
[2026-03-28T08:56:21.211] [DEBUG] debug-file - End initialize project's product build option map with build mode 'debug'.
[2026-03-28T08:56:21.211] [DEBUG] debug-file - Obtain build option for product 'default'in this build.
[2026-03-28T08:56:21.213] [DEBUG] debug-file - D:\HMAPPTEST\LiubaiNovel-ReReader\build\cache\default\remote_hsp\remoteHspCache.json not exists.
[2026-03-28T08:56:21.215] [DEBUG] debug-file - Start recording SDK configuration permission data.
[2026-03-28T08:56:21.243] [DEBUG] debug-file - Sdk init in 30 ms 
[2026-03-28T08:56:21.246] [DEBUG] debug-file - Project task initialization takes 3 ms 
[2026-03-28T08:56:21.246] [DEBUG] debug-file - hvigorfile, binding custom plugins []
[2026-03-28T08:56:21.246] [DEBUG] debug-file - hvigorfile, no custom plugins were found in D:\HMAPPTEST\LiubaiNovel-ReReader\hvigorfile.ts
[2026-03-28T08:56:21.246] [DEBUG] debug-file - hvigorfile, resolve finished D:\HMAPPTEST\LiubaiNovel-ReReader\hvigorfile.ts
[2026-03-28T08:56:21.246] [DEBUG] debug-file - hvigorfile, resolving D:\HMAPPTEST\LiubaiNovel-ReReader\entry\hvigorfile.ts
[2026-03-28T08:56:21.250] [DEBUG] debug-file - hvigorfile, require result:  { default: { plugins: [] } }
[2026-03-28T08:56:21.250] [DEBUG] debug-file - hvigorfile, binding system plugins null
[2026-03-28T08:56:21.250] [DEBUG] debug-file - Starting plugin build process
[2026-03-28T08:56:21.250] [DEBUG] debug-file - Hap plugin creating...
[2026-03-28T08:56:21.251] [DEBUG] debug-file - failed to load cangjie to dynamically generate schemas: Error: Cannot find module '@ohos/cangjie-build-support/index'
Require stack:
- D:\Program Files\Huawei\DevEco Studio\tools\hvigor\hvigor-ohos-plugin\src\plugin\hooks\cangjie-register.js
- D:\Program Files\Huawei\DevEco Studio\tools\hvigor\hvigor-ohos-plugin\src\plugin\strategy\stage-init-strategy.js
- D:\Program Files\Huawei\DevEco Studio\tools\hvigor\hvigor-ohos-plugin\src\plugin\builder\abstract-plugin-builder.js
- D:\Program Files\Huawei\DevEco Studio\tools\hvigor\hvigor-ohos-plugin\src\plugin\builder\app-plugin-builder.js
- D:\Program Files\Huawei\DevEco Studio\tools\hvigor\hvigor-ohos-plugin\src\plugin\factory\plugin-factory.js
- D:\Program Files\Huawei\DevEco Studio\tools\hvigor\hvigor-ohos-plugin\index.js
- D:\HMAPPTEST\LiubaiNovel-ReReader\hvigorfile.ts
- D:\Program Files\Huawei\DevEco Studio\tools\hvigor\hvigor\src\base\internal\lifecycle\configuration.js
- D:\Program Files\Huawei\DevEco Studio\tools\hvigor\hvigor\src\base\boot\index.js
- D:\Program Files\Huawei\DevEco Studio\tools\hvigor\hvigor\src\base\daemon\cluster\worker-process-lifecycle.js
- D:\Program Files\Huawei\DevEco Studio\tools\hvigor\hvigor\src\base\daemon\process\daemon-process-boot-script.js
[2026-03-28T08:56:21.252] [DEBUG] debug-file - Start initialize module-target build option map, moduleName=entry, buildMode=debug
[2026-03-28T08:56:21.252] [DEBUG] debug-file - Target 'default' config initialized
[2026-03-28T08:56:21.252] [DEBUG] debug-file - Module 'entry' target 'default' build option initialized
[2026-03-28T08:56:21.252] [DEBUG] debug-file - End initialize module-target build option map, moduleName=entry
[2026-03-28T08:56:21.252] [DEBUG] debug-file - Start initialize module-target build option map, moduleName=entry, buildMode=zxyzhy233
[2026-03-28T08:56:21.253] [DEBUG] debug-file - Target 'default' config initialized
[2026-03-28T08:56:21.253] [DEBUG] debug-file - Does not get target 'default'corresponding build option.
[2026-03-28T08:56:21.253] [DEBUG] debug-file - Using preset build option 'default'.
[2026-03-28T08:56:21.253] [DEBUG] debug-file - Module 'entry' target 'default' build option initialized
[2026-03-28T08:56:21.253] [DEBUG] debug-file - End initialize module-target build option map, moduleName=entry
[2026-03-28T08:56:21.254] [DEBUG] debug-file - Start initialize module-target build option map, moduleName=entry, buildMode=release
[2026-03-28T08:56:21.254] [DEBUG] debug-file - Target 'default' config initialized
[2026-03-28T08:56:21.254] [DEBUG] debug-file - Module 'entry' target 'default' build option initialized
[2026-03-28T08:56:21.254] [DEBUG] debug-file - End initialize module-target build option map, moduleName=entry
[2026-03-28T08:56:21.254] [DEBUG] debug-file - Start initialize module-target build option map, moduleName=entry, buildMode=debug
[2026-03-28T08:56:21.255] [DEBUG] debug-file - Target 'default' config initialized
[2026-03-28T08:56:21.255] [DEBUG] debug-file - Module 'entry' target 'default' build option initialized
[2026-03-28T08:56:21.255] [DEBUG] debug-file - End initialize module-target build option map, moduleName=entry
[2026-03-28T08:56:21.255] [DEBUG] debug-file - Start initialize module-target build option map, moduleName=entry, buildMode=zxyzhy233
[2026-03-28T08:56:21.255] [DEBUG] debug-file - Target 'default' config initialized
[2026-03-28T08:56:21.255] [DEBUG] debug-file - Does not get target 'default'corresponding build option.
[2026-03-28T08:56:21.255] [DEBUG] debug-file - Using preset build option 'default'.
[2026-03-28T08:56:21.255] [DEBUG] debug-file - Module 'entry' target 'default' build option initialized
[2026-03-28T08:56:21.255] [DEBUG] debug-file - End initialize module-target build option map, moduleName=entry
[2026-03-28T08:56:21.256] [DEBUG] debug-file - Start initialize module-target build option map, moduleName=entry, buildMode=release
[2026-03-28T08:56:21.256] [DEBUG] debug-file - Target 'default' config initialized
[2026-03-28T08:56:21.256] [DEBUG] debug-file - Module 'entry' target 'default' build option initialized
[2026-03-28T08:56:21.256] [DEBUG] debug-file - End initialize module-target build option map, moduleName=entry
[2026-03-28T08:56:21.256] [DEBUG] debug-file - Start initialize module-target build option map, moduleName=entry, buildMode=debug
[2026-03-28T08:56:21.256] [DEBUG] debug-file - Target 'default' config initialized
[2026-03-28T08:56:21.257] [DEBUG] debug-file - Module 'entry' target 'default' build option initialized
[2026-03-28T08:56:21.257] [DEBUG] debug-file - End initialize module-target build option map, moduleName=entry
[2026-03-28T08:56:21.257] [DEBUG] debug-file - Obtain build option for module 'entry' target 'default'in this build.
[2026-03-28T08:56:21.259] [DEBUG] debug-file - Module entry task initialization takes 2 ms 
[2026-03-28T08:56:21.259] [DEBUG] debug-file - Hap plugin register hook start...
[2026-03-28T08:56:21.259] [DEBUG] debug-file - Hap plugin register hook end...
[2026-03-28T08:56:21.259] [DEBUG] debug-file - Plugin build process completed
[2026-03-28T08:56:21.259] [DEBUG] debug-file - hvigorfile, binding custom plugins []
[2026-03-28T08:56:21.259] [DEBUG] debug-file - hvigorfile, no custom plugins were found in D:\HMAPPTEST\LiubaiNovel-ReReader\entry\hvigorfile.ts
[2026-03-28T08:56:21.259] [DEBUG] debug-file - hvigorfile, resolve finished D:\HMAPPTEST\LiubaiNovel-ReReader\entry\hvigorfile.ts
[2026-03-28T08:56:21.305] [DEBUG] debug-file - hvigorfile, resolve hvigorfile dependencies in 46 ms 
[2026-03-28T08:56:21.306] [DEBUG] debug-file - project has submodules:entry
[2026-03-28T08:56:21.309] [DEBUG] debug-file - start to load updatedOhPackageInfo to the disk
[2026-03-28T08:56:21.313] [DEBUG] debug-file - load to the disk finished
[2026-03-28T08:56:21.313] [DEBUG] debug-file - Start to initialize dependency information.
[2026-03-28T08:56:21.314] [DEBUG] debug-file - Module LiubaiNovel-ReReader Collected Dependency: 
[2026-03-28T08:56:21.314] [DEBUG] debug-file - Module LiubaiNovel-ReReader's total dependency: 0
[2026-03-28T08:56:21.315] [DEBUG] debug-file - Start to initialize dependency information.
[2026-03-28T08:56:21.316] [DEBUG] debug-file - Module entry Collected Dependency: 
[2026-03-28T08:56:21.316] [DEBUG] debug-file - Module entry's total dependency: 0
[2026-03-28T08:56:21.318] [DEBUG] debug-file - Configuration phase cost:123 ms 
[2026-03-28T08:56:21.319] [DEBUG] debug-file - Configuration task cost before running: 135 ms 
[2026-03-28T08:56:21.323] [DEBUG] debug-file - Executing task :entry:default@PreBuild
[2026-03-28T08:56:21.324] [DEBUG] debug-file - Task 'entry:default@PreBuild' cost while wrapping incremental declarations: 1 ms 
[2026-03-28T08:56:21.328] [DEBUG] debug-file - Incremental task entry:default@PreBuild pre-execution cost: 3 ms .
[2026-03-28T08:56:21.328] [DEBUG] debug-file - entry : default@PreBuild cost memory 0.32476806640625
[2026-03-28T08:56:21.330] [INFO] debug-file - UP-TO-DATE :entry:default@PreBuild...  
[2026-03-28T08:56:21.331] [DEBUG] debug-file - Executing task :entry:default@CreateModuleInfo
[2026-03-28T08:56:21.331] [DEBUG] debug-file - Task 'entry:default@CreateModuleInfo' cost while wrapping incremental declarations: 1 ms 
[2026-03-28T08:56:21.331] [DEBUG] debug-file - entry : default@CreateModuleInfo cost memory 0.041351318359375
[2026-03-28T08:56:21.332] [DEBUG] debug-file - runTaskFromQueue task cost before running: 147 ms 
[2026-03-28T08:56:21.332] [INFO] debug-file - Finished :entry:default@CreateModuleInfo... after 1 ms 
[2026-03-28T08:56:21.334] [DEBUG] debug-file - Executing task :entry:default@GenerateMetadata
[2026-03-28T08:56:21.334] [DEBUG] debug-file - Task 'entry:default@GenerateMetadata' cost while wrapping incremental declarations: 1 ms 
[2026-03-28T08:56:21.335] [DEBUG] debug-file - Incremental task entry:default@GenerateMetadata pre-execution cost: 1 ms .
[2026-03-28T08:56:21.335] [DEBUG] debug-file - entry : default@GenerateMetadata cost memory 0.08447265625
[2026-03-28T08:56:21.335] [INFO] debug-file - UP-TO-DATE :entry:default@GenerateMetadata...  
[2026-03-28T08:56:21.336] [DEBUG] debug-file - Executing task :entry:default@ConfigureCmake
[2026-03-28T08:56:21.336] [DEBUG] debug-file - entry : default@ConfigureCmake cost memory 0.01448822021484375
[2026-03-28T08:56:21.336] [DEBUG] debug-file - runTaskFromQueue task cost before running: 152 ms 
[2026-03-28T08:56:21.336] [INFO] debug-file - Finished :entry:default@ConfigureCmake... after 1 ms 
[2026-03-28T08:56:21.337] [DEBUG] debug-file - Executing task :entry:default@MergeProfile
[2026-03-28T08:56:21.338] [DEBUG] debug-file - Task 'entry:default@MergeProfile' cost while wrapping incremental declarations: 1 ms 
[2026-03-28T08:56:21.339] [DEBUG] debug-file - Incremental task entry:default@MergeProfile pre-execution cost: 2 ms .
[2026-03-28T08:56:21.339] [DEBUG] debug-file - entry : default@MergeProfile cost memory 0.13269805908203125
[2026-03-28T08:56:21.340] [INFO] debug-file - UP-TO-DATE :entry:default@MergeProfile...  
[2026-03-28T08:56:21.341] [DEBUG] debug-file - Executing task :entry:default@CreateBuildProfile
[2026-03-28T08:56:21.342] [DEBUG] debug-file - Task 'entry:default@CreateBuildProfile' cost while wrapping incremental declarations: 1 ms 
[2026-03-28T08:56:21.342] [DEBUG] debug-file - Incremental task entry:default@CreateBuildProfile pre-execution cost: 1 ms .
[2026-03-28T08:56:21.342] [DEBUG] debug-file - entry : default@CreateBuildProfile cost memory 0.0885467529296875
[2026-03-28T08:56:21.343] [INFO] debug-file - UP-TO-DATE :entry:default@CreateBuildProfile...  
[2026-03-28T08:56:21.343] [DEBUG] debug-file - Executing task :entry:default@PreCheckSyscap
[2026-03-28T08:56:21.344] [DEBUG] debug-file - entry : default@PreCheckSyscap cost memory 0.01470947265625
[2026-03-28T08:56:21.344] [DEBUG] debug-file - runTaskFromQueue task cost before running: 160 ms 
[2026-03-28T08:56:21.344] [INFO] debug-file - Finished :entry:default@PreCheckSyscap... after 1 ms 
[2026-03-28T08:56:21.345] [DEBUG] debug-file - Executing task :entry:default@GeneratePkgContextInfo
[2026-03-28T08:56:21.348] [DEBUG] debug-file - Task 'entry:default@GeneratePkgContextInfo' cost while wrapping incremental declarations: 1 ms 
[2026-03-28T08:56:21.349] [DEBUG] debug-file - entry : default@GeneratePkgContextInfo cost memory 0.2142181396484375
[2026-03-28T08:56:21.349] [DEBUG] debug-file - runTaskFromQueue task cost before running: 165 ms 
[2026-03-28T08:56:21.349] [INFO] debug-file - Finished :entry:default@GeneratePkgContextInfo... after 5 ms 
[2026-03-28T08:56:21.351] [DEBUG] debug-file - Executing task :entry:default@ProcessIntegratedHsp
[2026-03-28T08:56:21.352] [DEBUG] debug-file - entry:default@ProcessIntegratedHsp is not up-to-date, since the output file 'D:\HMAPPTEST\LiubaiNovel-ReReader\build\cache\default\integrated_hsp\integratedHspCache.json' does not exist.
[2026-03-28T08:56:21.352] [DEBUG] debug-file - Incremental task entry:default@ProcessIntegratedHsp pre-execution cost: 1 ms .
[2026-03-28T08:56:21.352] [DEBUG] debug-file - entry : default@ProcessIntegratedHsp cost memory 0.0552825927734375
[2026-03-28T08:56:21.352] [DEBUG] debug-file - runTaskFromQueue task cost before running: 168 ms 
[2026-03-28T08:56:21.352] [INFO] debug-file - Finished :entry:default@ProcessIntegratedHsp... after 1 ms 
[2026-03-28T08:56:21.353] [DEBUG] debug-file - Executing task :entry:default@BuildNativeWithCmake
[2026-03-28T08:56:21.353] [DEBUG] debug-file - entry : default@BuildNativeWithCmake cost memory 0.01450347900390625
[2026-03-28T08:56:21.353] [DEBUG] debug-file - runTaskFromQueue task cost before running: 169 ms 
[2026-03-28T08:56:21.353] [INFO] debug-file - Finished :entry:default@BuildNativeWithCmake... after 1 ms 
[2026-03-28T08:56:21.354] [DEBUG] debug-file - Executing task :entry:default@MakePackInfo
[2026-03-28T08:56:21.356] [DEBUG] debug-file - Incremental task entry:default@MakePackInfo pre-execution cost: 2 ms .
[2026-03-28T08:56:21.356] [DEBUG] debug-file - entry : default@MakePackInfo cost memory 0.1296234130859375
[2026-03-28T08:56:21.357] [INFO] debug-file - UP-TO-DATE :entry:default@MakePackInfo...  
[2026-03-28T08:56:21.358] [DEBUG] debug-file - Executing task :entry:default@SyscapTransform
[2026-03-28T08:56:21.358] [DEBUG] debug-file - File: 'D:\HMAPPTEST\LiubaiNovel-ReReader\entry\src\main\syscap.json' from 'sysCapJsonPath' is not exists, just ignore.
[2026-03-28T08:56:21.359] [DEBUG] debug-file - Task 'entry:default@SyscapTransform' cost while wrapping incremental declarations: 1 ms 
[2026-03-28T08:56:21.360] [DEBUG] debug-file - entry:default@SyscapTransform is not up-to-date, since the output file 'D:\HMAPPTEST\LiubaiNovel-ReReader\entry\build\default\intermediates\syscap\default\rpcid.sc' does not exist.
[2026-03-28T08:56:21.360] [DEBUG] debug-file - Incremental task entry:default@SyscapTransform pre-execution cost: 1 ms .
[2026-03-28T08:56:21.360] [DEBUG] debug-file - entry : default@SyscapTransform cost memory 0.14994049072265625
[2026-03-28T08:56:21.360] [DEBUG] debug-file - runTaskFromQueue task cost before running: 176 ms 
[2026-03-28T08:56:21.360] [INFO] debug-file - Finished :entry:default@SyscapTransform... after 3 ms 
[2026-03-28T08:56:21.361] [DEBUG] debug-file - Executing task :entry:default@ProcessProfile
[2026-03-28T08:56:21.362] [DEBUG] debug-file - Task 'entry:default@ProcessProfile' cost while wrapping incremental declarations: 1 ms 
[2026-03-28T08:56:21.364] [DEBUG] debug-file - Incremental task entry:default@ProcessProfile pre-execution cost: 2 ms .
[2026-03-28T08:56:21.364] [DEBUG] debug-file - entry : default@ProcessProfile cost memory -1.3278656005859375
[2026-03-28T08:56:21.364] [INFO] debug-file - UP-TO-DATE :entry:default@ProcessProfile...  
[2026-03-28T08:56:21.365] [DEBUG] debug-file - Executing task :entry:default@ProcessRouterMap
[2026-03-28T08:56:21.367] [DEBUG] debug-file - Incremental task entry:default@ProcessRouterMap pre-execution cost: 2 ms .
[2026-03-28T08:56:21.367] [DEBUG] debug-file - entry : default@ProcessRouterMap cost memory 0.12758636474609375
[2026-03-28T08:56:21.367] [INFO] debug-file - UP-TO-DATE :entry:default@ProcessRouterMap...  
[2026-03-28T08:56:21.368] [DEBUG] debug-file - Executing task :entry:default@ProcessShareConfig
[2026-03-28T08:56:21.370] [DEBUG] debug-file - Incremental task entry:default@ProcessShareConfig pre-execution cost: 1 ms .
[2026-03-28T08:56:21.370] [DEBUG] debug-file - entry : default@ProcessShareConfig cost memory 0.100341796875
[2026-03-28T08:56:21.370] [INFO] debug-file - UP-TO-DATE :entry:default@ProcessShareConfig...  
[2026-03-28T08:56:21.371] [DEBUG] debug-file - Executing task :entry:default@ProcessStartupConfig
[2026-03-28T08:56:21.371] [DEBUG] debug-file - Task 'entry:default@ProcessStartupConfig' cost while wrapping incremental declarations: 1 ms 
[2026-03-28T08:56:21.372] [DEBUG] debug-file - entry:default@ProcessStartupConfig is not up-to-date, since the output file 'D:\HMAPPTEST\LiubaiNovel-ReReader\entry\build\default\intermediates\startup\default\startup_config.json' does not exist.
[2026-03-28T08:56:21.372] [DEBUG] debug-file - Incremental task entry:default@ProcessStartupConfig pre-execution cost: 1 ms .
[2026-03-28T08:56:21.372] [DEBUG] debug-file - entry : default@ProcessStartupConfig cost memory 0.08992767333984375
[2026-03-28T08:56:21.372] [DEBUG] debug-file - runTaskFromQueue task cost before running: 188 ms 
[2026-03-28T08:56:21.373] [INFO] debug-file - Finished :entry:default@ProcessStartupConfig... after 2 ms 
[2026-03-28T08:56:21.374] [DEBUG] debug-file - Executing task :entry:default@BuildNativeWithNinja
[2026-03-28T08:56:21.374] [DEBUG] debug-file - entry : default@BuildNativeWithNinja cost memory 0.02031707763671875
[2026-03-28T08:56:21.374] [DEBUG] debug-file - runTaskFromQueue task cost before running: 190 ms 
[2026-03-28T08:56:21.374] [INFO] debug-file - Finished :entry:default@BuildNativeWithNinja... after 1 ms 
[2026-03-28T08:56:21.375] [DEBUG] debug-file - restool module names: entry; moduleName=entry, taskName=default@ProcessResource
[2026-03-28T08:56:21.377] [DEBUG] debug-file - Executing task :entry:default@ProcessResource
[2026-03-28T08:56:21.377] [DEBUG] debug-file - Task 'entry:default@ProcessResource' cost while wrapping incremental declarations: 1 ms 
[2026-03-28T08:56:21.378] [DEBUG] debug-file - Incremental task entry:default@ProcessResource pre-execution cost: 1 ms .
[2026-03-28T08:56:21.378] [DEBUG] debug-file - entry : default@ProcessResource cost memory 0.12393951416015625
[2026-03-28T08:56:21.380] [INFO] debug-file - UP-TO-DATE :entry:default@ProcessResource...  
[2026-03-28T08:56:21.381] [DEBUG] debug-file - Executing task :entry:default@GenerateLoaderJson
[2026-03-28T08:56:21.381] [DEBUG] debug-file - Task 'entry:default@GenerateLoaderJson' cost while wrapping incremental declarations: 1 ms 
[2026-03-28T08:56:21.387] [DEBUG] debug-file - Incremental task entry:default@GenerateLoaderJson pre-execution cost: 4 ms .
[2026-03-28T08:56:21.387] [DEBUG] debug-file - entry : default@GenerateLoaderJson cost memory -1.2000198364257812
[2026-03-28T08:56:21.389] [INFO] debug-file - UP-TO-DATE :entry:default@GenerateLoaderJson...  
[2026-03-28T08:56:21.390] [DEBUG] debug-file - Executing task :entry:default@ProcessLibs
[2026-03-28T08:56:21.391] [DEBUG] debug-file - Incremental task entry:default@ProcessLibs pre-execution cost: 1 ms .
[2026-03-28T08:56:21.391] [DEBUG] debug-file - entry : default@ProcessLibs cost memory 0.09546661376953125
[2026-03-28T08:56:21.392] [INFO] debug-file - UP-TO-DATE :entry:default@ProcessLibs...  
[2026-03-28T08:56:21.393] [DEBUG] debug-file - restool module names: entry; moduleName=entry, taskName=default@CompileResource
[2026-03-28T08:56:21.394] [DEBUG] debug-file - Executing task :entry:default@CompileResource
[2026-03-28T08:56:21.408] [DEBUG] debug-file - Incremental task entry:default@CompileResource pre-execution cost: 14 ms .
[2026-03-28T08:56:21.408] [DEBUG] debug-file - entry : default@CompileResource cost memory -0.10992431640625
[2026-03-28T08:56:21.409] [INFO] debug-file - UP-TO-DATE :entry:default@CompileResource...  
[2026-03-28T08:56:21.411] [DEBUG] debug-file - Executing task :entry:default@DoNativeStrip
[2026-03-28T08:56:21.411] [DEBUG] debug-file - Task 'entry:default@DoNativeStrip' cost while wrapping incremental declarations: 1 ms 
[2026-03-28T08:56:21.412] [DEBUG] debug-file - Incremental task entry:default@DoNativeStrip pre-execution cost: 1 ms .
[2026-03-28T08:56:21.412] [DEBUG] debug-file - entry : default@DoNativeStrip cost memory 0.07407379150390625
[2026-03-28T08:56:21.412] [INFO] debug-file - UP-TO-DATE :entry:default@DoNativeStrip...  
[2026-03-28T08:56:21.413] [DEBUG] debug-file - Executing task :entry:default@CompileArkTS
[2026-03-28T08:56:21.413] [DEBUG] debug-file - obfuscationOptions: undefined
[2026-03-28T08:56:21.414] [DEBUG] debug-file - Task 'entry:default@CompileArkTS' cost while wrapping incremental declarations: 1 ms 
[2026-03-28T08:56:21.424] [DEBUG] debug-file - entry:default@CompileArkTS is not up-to-date, since the input file 'D:\HMAPPTEST\LiubaiNovel-ReReader\entry\src\main\ets' has been changed.
[2026-03-28T08:56:21.424] [DEBUG] debug-file - Incremental task entry:default@CompileArkTS pre-execution cost: 10 ms .
[2026-03-28T08:56:21.432] [DEBUG] debug-file - build config:
[2026-03-28T08:56:21.432] [DEBUG] debug-file - {
  moduleType: 'entry',
  perf: 0,
  targetName: '.default',
  packageManagerType: 'ohpm',
  localPropertiesPath: 'D:\\HMAPPTEST\\LiubaiNovel-ReReader\\local.properties',
  isPreview: false,
  isOhosTest: false,
  isLocalTest: false,
  buildMode: 'Debug',
  hotReloadBuild: undefined,
  watchMode: 'false',
  aceProfilePath: 'D:\\HMAPPTEST\\LiubaiNovel-ReReader\\entry\\build\\default\\intermediates\\res\\default\\resources\\base\\profile',
  etsLoaderPath: 'D:\\Program Files\\Huawei\\DevEco Studio\\sdk\\default\\openharmony\\ets\\build-tools\\ets-loader',
  modulePath: 'D:\\HMAPPTEST\\LiubaiNovel-ReReader\\entry',
  testFrameworkPar: {
    testMode: undefined,
    coveragePathFilter: undefined,
    coverageMode: undefined
  },
  needCoverageInsert: false,
  debugLine: false,
  projectTopDir: 'D:\\HMAPPTEST\\LiubaiNovel-ReReader',
  compileSdkVersion: 22,
  compatibleSdkVersion: 16,
  originCompatibleSdkVersion: '5.0.4(16)',
  compatibleSdkVersionStage: undefined,
  bundleName: 'l***s',
  etsLoaderVersion: '6.0.2.130',
  etsLoaderReleaseType: 'Release',
  aotCompileMode: 'type',
  apPath: 'D:\\HMAPPTEST\\LiubaiNovel-ReReader\\entry\\modules.ap',
  entryModuleName: 'entry',
  entryModuleVersion: '1.0.0',
  entryPackageName: 'entry',
  allModuleNameHash: 'a11a1993f991714b0f6cbd939f95a832900df08bf6034ee64e8c9c7fd5263465',
  externalApiPaths: [
    'D:\\Program Files\\Huawei\\DevEco Studio\\sdk\\default\\hms\\ets'
  ],
  compilerTypes: [],
  isCrossplatform: false,
  hvigorPluginFile: undefined,
  compilePluginPath: undefined,
  buildGeneratedProfilePath: 'D:\\HMAPPTEST\\LiubaiNovel-ReReader\\entry\\build\\default\\generated\\profile\\default',
  bundleType: 'app',
  arkTSVersion: undefined,
  apiVersion: 22,
  needCompleteSourcesMap: false,
  isFaMode: false,
  buildDir: 'D:\\HMAPPTEST\\LiubaiNovel-ReReader\\entry\\build',
  deviceTypes: [ 'phone', 'tablet', '2in1' ],
  pkgContextInfo: undefined,
  ohPackagePathMap: {},
  dependencyAliasMap: {},
  permission: {
    requestPermissions: [ [Object], [Object], [Object], [Object], [Object] ],
    definePermissions: undefined
  },
  useGetCurrentBundleName: false,
  projectArkOption: undefined,
  sourceMapDir: undefined,
  branchElimination: false,
  transformLib: undefined,
  tsImportSendable: false,
  resolveConflictMode: true,
  depName2RootPath: {},
  depName2DepInfo: {},
  rootPathSet: [ 'D:\\HMAPPTEST\\LiubaiNovel-ReReader' ],
  useNativeResolver: true,
  shouldEmitJs: true,
  useTscResolve: false,
  singleFileEmit: false,
  userProjectConfig: {
    autoLazyImport: false,
    allowEmptyBundleName: false,
    reExportCheckMode: 'noCheck',
    executionMode: 'memory',
    usePathPlaceholder: false,
    writeRollupCache: true,
    isExpandImportEnabled: false,
    expandImportExclude: '',
    lazyImportExclude: '',
    lazyImportInclude: '',
    ignoreCrossplatformCheck: false,
    isHarDeduplicateEnabled: false,
    skipOhModulesLint: false,
    enableStrictCheckOHModule: false,
    disableSendableCheckRules: [],
    useDeclarationFileSignature: false,
    customizedOptions: undefined,
    integratedHsp: false,
    isPreloadSoEnabled: false
  },
  executionMode: 'memory',
  arkCompileCachePath: 'D:\\HMAPPTEST\\LiubaiNovel-ReReader\\entry\\build\\default\\cache\\default\\default@CompileArkTS\\esmodule',
  autoLazyFilter: undefined,
  isHarDeduplicateEnabled: false,
  intermediateHarDuplicateDirPath: 'D:\\HMAPPTEST\\LiubaiNovel-ReReader\\entry\\build\\default\\intermediates\\har_duplicate\\default',
  autoLazyImport: false,
  allowEmptyBundleName: false,
  reExportCheckMode: 'noCheck',
  usePathPlaceholder: false,
  writeRollupCache: true,
  isExpandImportEnabled: false,
  expandImportExclude: '',
  lazyImportExclude: '',
  lazyImportInclude: '',
  ignoreCrossplatformCheck: false,
  skipOhModulesLint: false,
  enableStrictCheckOHModule: false,
  disableSendableCheckRules: [],
  useDeclarationFileSignature: false,
  customizedOptions: undefined,
  integratedHsp: false,
  isPreloadSoEnabled: false,
  strictMode: undefined,
  useNormalizedOHMUrl: false,
  caseSensitiveCheck: false,
  aceModuleJsonPath: 'D:\\HMAPPTEST\\LiubaiNovel-ReReader\\entry\\build\\default\\intermediates\\res\\default\\ark_module.json',
  appResource: 'D:\\HMAPPTEST\\LiubaiNovel-ReReader\\entry\\build\\default\\intermediates\\res\\default\\ResourceTable.txt',
  rawFileResource: 'D:\\HMAPPTEST\\LiubaiNovel-ReReader\\entry\\build\\default\\intermediates\\res\\default\\resources\\rawfile',
  resourceTableHash: 'e96af14888fd3dfa95c7e44cb08959be069ee2f68010bf67dcbfa9c950f41361',
  runtimeOS: 'HarmonyOS',
  sdkInfo: 'false:22:6.0.2.130:Release',
  aceModuleRoot: 'D:\\HMAPPTEST\\LiubaiNovel-ReReader\\entry\\src\\main\\ets',
  compileMode: 'esmodule',
  aceSuperVisualPath: 'D:\\HMAPPTEST\\LiubaiNovel-ReReader\\entry\\src\\main\\supervisual',
  aceBuildJson: 'D:\\HMAPPTEST\\LiubaiNovel-ReReader\\entry\\build\\default\\intermediates\\loader\\default\\loader.json',
  cachePath: 'D:\\HMAPPTEST\\LiubaiNovel-ReReader\\entry\\build\\default\\cache\\default\\default@CompileArkTS\\esmodule\\debug',
  aceModuleBuild: 'D:\\HMAPPTEST\\LiubaiNovel-ReReader\\entry\\build\\default\\intermediates\\loader_out\\default\\ets',
  supportChunks: true,
  declaredFilesPath: undefined,
  shouldCollectDirectImportees: false,
  isByteCodeHarOptimize: false,
  expandImportPath: undefined,
  pkgNameToPkgBriefInfo: {
    entry: {
      pkgRoot: 'D:\\HMAPPTEST\\LiubaiNovel-ReReader\\entry',
      originalSourceRoots: undefined,
      sourceRoots: [Array],
      pkgName: 'entry'
    }
  },
  projectModel: {
    'D:\\HMAPPTEST\\LiubaiNovel-ReReader\\entry\\src\\main': {
      moduleName: 'entry',
      modulePkgPath: 'D:\\HMAPPTEST\\LiubaiNovel-ReReader\\entry',
      belongProjectPath: 'D:\\HMAPPTEST\\LiubaiNovel-ReReader'
    },
    'D:\\HMAPPTEST\\LiubaiNovel-ReReader\\entry': {
      moduleName: 'entry',
      modulePkgPath: 'D:\\HMAPPTEST\\LiubaiNovel-ReReader\\entry',
      belongProjectPath: 'D:\\HMAPPTEST\\LiubaiNovel-ReReader'
    },
    'D:\\HMAPPTEST\\LiubaiNovel-ReReader': {
      moduleName: 'LiubaiNovel-ReReader',
      modulePkgPath: 'D:\\HMAPPTEST\\LiubaiNovel-ReReader',
      belongProjectPath: 'D:\\HMAPPTEST\\LiubaiNovel-ReReader'
    }
  },
  pkgJsonFileHash: 'a6de197493e91058a2f95b29b195d09566b5469c816481caefb54d012cea0cdb',
  allModulePaths: [ 'D:\\HMAPPTEST\\LiubaiNovel-ReReader\\entry' ],
  routerMap: {},
  obfuscationOptions: undefined,
  byteCodeHarToDependencyKeys: undefined,
  compileBlockPkg: [],
  mockParams: {
    decorator: '@MockSetup',
    packageName: '@ohos/hamock',
    etsSourceRootPath: 'src/main/ets',
    mockConfigPath: undefined,
    mockConfigKey2ModuleInfo: {},
    source2ModuleIdMap: {}
  },
  copyCodeResourceEnable: true,
  copyCodeResourceExcludes: [],
  copyCodeResourceIncludes: undefined,
  uiTransformOptimization: false,
  sdkPath: 'D:/Program Files/Huawei/DevEco Studio/sdk',
  needPreloadSoFileSet: {},
  preloadSoFilePath: 'D:\\HMAPPTEST\\LiubaiNovel-ReReader\\entry\\build\\default\\intermediates\\preload\\default\\preload.json',
  useSourceHash: false,
  localModuleParamMap: {},
  otherPaths: {
    'entry/*': [
      '..\\*',
      '..\\..\\..\\build\\default\\generated\\profile\\default\\*'
    ]
  },
  collectImportersConfig: undefined
}
[2026-03-28T08:56:21.432] [DEBUG] debug-file - Compile arkts with external api path: D:\Program Files\Huawei\DevEco Studio\sdk\default\hms\ets
[2026-03-28T08:56:21.434] [DEBUG] debug-file - default@CompileArkTS work[9] is submitted.
[2026-03-28T08:56:21.434] [DEBUG] debug-file - default@CompileArkTS work[9] is pushed to ready queue.
[2026-03-28T08:56:21.434] [DEBUG] debug-file - A work dispatched to worker[15] failed because unable to get work from ready queue.
[2026-03-28T08:56:21.434] [DEBUG] debug-file - A work dispatched to worker[14] failed because unable to get work from ready queue.
[2026-03-28T08:56:21.434] [DEBUG] debug-file - A work dispatched to worker[13] failed because unable to get work from ready queue.
[2026-03-28T08:56:21.434] [DEBUG] debug-file - A work dispatched to worker[12] failed because unable to get work from ready queue.
[2026-03-28T08:56:21.434] [DEBUG] debug-file - A work dispatched to worker[11] failed because unable to get work from ready queue.
[2026-03-28T08:56:21.434] [DEBUG] debug-file - A work dispatched to worker[10] failed because unable to get work from ready queue.
[2026-03-28T08:56:21.434] [DEBUG] debug-file - A work dispatched to worker[9] failed because unable to get work from ready queue.
[2026-03-28T08:56:21.434] [DEBUG] debug-file - A work dispatched to worker[8] failed because unable to get work from ready queue.
[2026-03-28T08:56:21.434] [DEBUG] debug-file - A work dispatched to worker[7] failed because unable to get work from ready queue.
[2026-03-28T08:56:21.434] [DEBUG] debug-file - A work dispatched to worker[6] failed because unable to get work from ready queue.
[2026-03-28T08:56:21.434] [DEBUG] debug-file - A work dispatched to worker[5] failed because unable to get work from ready queue.
[2026-03-28T08:56:21.435] [DEBUG] debug-file - default@CompileArkTS work[9] has been dispatched to worker[4].
[2026-03-28T08:56:21.435] [DEBUG] debug-file - default@CompileArkTS work[9] is dispatched.
[2026-03-28T08:56:21.435] [DEBUG] debug-file - CopyResources startTime: 1692258588329400
[2026-03-28T08:56:21.435] [DEBUG] debug-file - default@CompileArkTS work[10] is submitted.
[2026-03-28T08:56:21.436] [DEBUG] debug-file - default@CompileArkTS work[10] is pushed to ready queue.
[2026-03-28T08:56:21.436] [DEBUG] debug-file - A work dispatched to worker[15] failed because unable to get work from ready queue.
[2026-03-28T08:56:21.436] [DEBUG] debug-file - Create  resident worker with id: 14.
[2026-03-28T08:56:21.437] [DEBUG] debug-file - default@CompileArkTS work[10] has been dispatched to worker[14].
[2026-03-28T08:56:21.437] [DEBUG] debug-file - default@CompileArkTS work[10] is dispatched.
[2026-03-28T08:56:21.437] [DEBUG] debug-file - entry : default@CompileArkTS cost memory 0.2296142578125
[2026-03-28T08:56:21.439] [DEBUG] debug-file - Executing task :entry:default@BuildJS
[2026-03-28T08:56:21.439] [DEBUG] debug-file - Task 'entry:default@BuildJS' cost while wrapping incremental declarations: 1 ms 
[2026-03-28T08:56:21.443] [DEBUG] debug-file - entry : default@BuildJS cost memory 0.14699554443359375
[2026-03-28T08:56:21.444] [DEBUG] debug-file - runTaskFromQueue task cost before running: 260 ms 
[2026-03-28T08:56:21.445] [INFO] debug-file - Finished :entry:default@BuildJS... after 6 ms 
[2026-03-28T08:56:21.446] [DEBUG] debug-file - Executing task :entry:default@CacheNativeLibs
[2026-03-28T08:56:21.447] [DEBUG] debug-file - Task 'entry:default@CacheNativeLibs' cost while wrapping incremental declarations: 1 ms 
[2026-03-28T08:56:21.448] [DEBUG] debug-file - Incremental task entry:default@CacheNativeLibs pre-execution cost: 1 ms .
[2026-03-28T08:56:21.448] [DEBUG] debug-file - entry : default@CacheNativeLibs cost memory 0.0873260498046875
[2026-03-28T08:56:21.448] [INFO] debug-file - UP-TO-DATE :entry:default@CacheNativeLibs...  
[2026-03-28T08:56:23.316] [WARN] debug-file - [33mWARN: [33m[33mArkTS:WARN File: D:/HMAPPTEST/LiubaiNovel-ReReader/entry/src/main/ets/entryability/WindowAbility.ets:60:28
 Function may throw exceptions. Special handling is required.
[39m[39m
[33mWARN: [33m[33mArkTS:WARN File: D:/HMAPPTEST/LiubaiNovel-ReReader/entry/src/main/ets/entryability/WindowAbility.ets:62:42
 Function may throw exceptions. Special handling is required.
[39m[39m
[33mWARN: [33m[33mArkTS:WARN File: D:/HMAPPTEST/LiubaiNovel-ReReader/entry/src/main/ets/entryability/WindowAbility.ets:63:39
 Function may throw exceptions. Special handling is required.
[39m[39m
[33mWARN: [33m[33mArkTS:WARN File: D:/HMAPPTEST/LiubaiNovel-ReReader/entry/src/main/ets/entryability/WindowAbility.ets:113:5
 Function may throw exceptions. Special handling is required.
[39m[39m
[33mWARN: [33m[33mArkTS:WARN File: D:/HMAPPTEST/LiubaiNovel-ReReader/entry/src/main/ets/entryability/WindowAbility.ets:127:5
 Function may throw exceptions. Special handling is required.
[39m[39m
[33mWARN: [33m[33mArkTS:WARN File: D:/HMAPPTEST/LiubaiNovel-ReReader/entry/src/main/ets/entryability/WindowAbility.ets:140:35
 Function may throw exceptions. Special handling is required.
[39m[39m
[33mWARN: [33m[33mArkTS:WARN File: D:/HMAPPTEST/LiubaiNovel-ReReader/entry/src/main/ets/entryability/WindowAbility.ets:151:5
 Function may throw exceptions. Special handling is required.
[39m[39m
[33mWARN: [33m[33mArkTS:WARN File: D:/HMAPPTEST/LiubaiNovel-ReReader/entry/src/main/ets/utils/FileUtils.ets:43:12
 Function may throw exceptions. Special handling is required.
[39m[39m
[33mWARN: [33m[33mArkTS:WARN File: D:/HMAPPTEST/LiubaiNovel-ReReader/entry/src/main/ets/utils/FileUtils.ets:158:7
 Function may throw exceptions. Special handling is required.
[39m[39m
[33mWARN: [33m[33mArkTS:WARN File: D:/HMAPPTEST/LiubaiNovel-ReReader/entry/src/main/ets/common/LocalBookImporter.ets:87:7
 Function may throw exceptions. Special handling is required.
[39m[39m
[33mWARN: [33m[33mArkTS:WARN File: D:/HMAPPTEST/LiubaiNovel-ReReader/entry/src/main/ets/pages/Index.ets:772:12
 'pushUrl' has been deprecated.
[39m[39m
[33mWARN: [33m[33mArkTS:WARN File: D:/HMAPPTEST/LiubaiNovel-ReReader/entry/src/main/ets/pages/Index.ets:792:7
 Function may throw exceptions. Special handling is required.
[39m[39m
[33mWARN: [33m[33mArkTS:WARN File: D:/HMAPPTEST/LiubaiNovel-ReReader/entry/src/main/ets/pages/Index.ets:806:14
 'pushUrl' has been deprecated.
[39m[39m
[33mWARN: [33m[33mArkTS:WARN File: D:/HMAPPTEST/LiubaiNovel-ReReader/entry/src/main/ets/pages/Index.ets:823:7
 Function may throw exceptions. Special handling is required.
[39m[39m
[33mWARN: [33m[33mArkTS:WARN File: D:/HMAPPTEST/LiubaiNovel-ReReader/entry/src/main/ets/pages/Index.ets:848:12
 'pushUrl' has been deprecated.
[39m[39m
[33mWARN: [33m[33mArkTS:WARN File: D:/HMAPPTEST/LiubaiNovel-ReReader/entry/src/main/ets/pages/Index.ets:869:5
 Function may throw exceptions. Special handling is required.
[39m[39m
[33mWARN: [33m[33mArkTS:WARN File: D:/HMAPPTEST/LiubaiNovel-ReReader/entry/src/main/ets/pages/Index.ets:884:7
 Function may throw exceptions. Special handling is required.
[39m[39m
[33mWARN: [33m[33mArkTS:WARN File: D:/HMAPPTEST/LiubaiNovel-ReReader/entry/src/main/ets/pages/Index.ets:903:7
 Function may throw exceptions. Special handling is required.
[39m[39m
[33mWARN: [33m[33mArkTS:WARN File: D:/HMAPPTEST/LiubaiNovel-ReReader/entry/src/main/ets/pages/Index.ets:932:7
 Function may throw exceptions. Special handling is required.
[39m[39m
[33mWARN: [33m[33mArkTS:WARN File: D:/HMAPPTEST/LiubaiNovel-ReReader/entry/src/main/ets/pages/Index.ets:1012:7
 Function may throw exceptions. Special handling is required.
[39m[39m
[33mWARN: [33m[33mArkTS:WARN File: D:/HMAPPTEST/LiubaiNovel-ReReader/entry/src/main/ets/pages/RecommendPage.ets:47:23
 'getContext' has been deprecated.
[39m[39m
[33mWARN: [33m[33mArkTS:WARN File: D:/HMAPPTEST/LiubaiNovel-ReReader/entry/src/main/ets/pages/RecommendPage.ets:214:23
 'getContext' has been deprecated.
[39m[39m
[33mWARN: [33m[33mArkTS:WARN File: D:/HMAPPTEST/LiubaiNovel-ReReader/entry/src/main/ets/pages/RecommendPage.ets:234:23
 'getContext' has been deprecated.
[39m[39m
[33mWARN: [33m[33mArkTS:WARN File: D:/HMAPPTEST/LiubaiNovel-ReReader/entry/src/main/ets/pages/Mine.ets:44:21
 'getContext' has been deprecated.
[39m[39m
[33mWARN: [33m[33mArkTS:WARN File: D:/HMAPPTEST/LiubaiNovel-ReReader/entry/src/main/ets/pages/Mine.ets:46:24
 Function may throw exceptions. Special handling is required.
[39m[39m
[33mWARN: [33m[33mArkTS:WARN File: D:/HMAPPTEST/LiubaiNovel-ReReader/entry/src/main/ets/pages/BookSourcePage.ets:216:29
 'getParams' has been deprecated.
[39m[39m
[33mWARN: [33m[33mArkTS:WARN File: D:/HMAPPTEST/LiubaiNovel-ReReader/entry/src/main/ets/pages/BookSourcePage.ets:257:7
 Function may throw exceptions. Special handling is required.
[39m[39m
[33mWARN: [33m[33mArkTS:WARN File: D:/HMAPPTEST/LiubaiNovel-ReReader/entry/src/main/ets/pages/BookSourcePage.ets:291:7
 Function may throw exceptions. Special handling is required.
[39m[39m
[33mWARN: [33m[33mArkTS:WARN File: D:/HMAPPTEST/LiubaiNovel-ReReader/entry/src/main/ets/pages/BookSourcePage.ets:303:23
 'getContext' has been deprecated.
[39m[39m
[33mWARN: [33m[33mArkTS:WARN File: D:/HMAPPTEST/LiubaiNovel-ReReader/entry/src/main/ets/pages/BookSourcePage.ets:312:7
 Function may throw exceptions. Special handling is required.
[39m[39m
[33mWARN: [33m[33mArkTS:WARN File: D:/HMAPPTEST/LiubaiNovel-ReReader/entry/src/main/ets/pages/BookSourcePage.ets:385:37
 'decode' has been deprecated.
[39m[39m
[33mWARN: [33m[33mArkTS:WARN File: D:/HMAPPTEST/LiubaiNovel-ReReader/entry/src/main/ets/pages/BookSourcePage.ets:429:7
 Function may throw exceptions. Special handling is required.
[39m[39m
[33mWARN: [33m[33mArkTS:WARN File: D:/HMAPPTEST/LiubaiNovel-ReReader/entry/src/main/ets/pages/BookSourcePage.ets:465:7
 Function may throw exceptions. Special handling is required.
[39m[39m
[33mWARN: [33m[33mArkTS:WARN File: D:/HMAPPTEST/LiubaiNovel-ReReader/entry/src/main/ets/pages/BookSourcePage.ets:504:7
 Function may throw exceptions. Special handling is required.
[39m[39m
[33mWARN: [33m[33mArkTS:WARN File: D:/HMAPPTEST/LiubaiNovel-ReReader/entry/src/main/ets/pages/BookSourcePage.ets:525:14
 'pushUrl' has been deprecated.
[39m[39m
[33mWARN: [33m[33mArkTS:WARN File: D:/HMAPPTEST/LiubaiNovel-ReReader/entry/src/main/ets/pages/BookSourcePage.ets:544:7
 Function may throw exceptions. Special handling is required.
[39m[39m
[33mWARN: [33m[33mArkTS:WARN File: D:/HMAPPTEST/LiubaiNovel-ReReader/entry/src/main/ets/pages/BookSourcePage.ets:566:14
 'pushUrl' has been deprecated.
[39m[39m
[33mWARN: [33m[33mArkTS:WARN File: D:/HMAPPTEST/LiubaiNovel-ReReader/entry/src/main/ets/pages/BookSourceEditPage.ets:200:29
 'getParams' has been deprecated.
[39m[39m
[33mWARN: [33m[33mArkTS:WARN File: D:/HMAPPTEST/LiubaiNovel-ReReader/entry/src/main/ets/pages/BookSourceEditPage.ets:418:14
 'replaceUrl' has been deprecated.
[39m[39m
[33mWARN: [33m[33mArkTS:WARN File: D:/HMAPPTEST/LiubaiNovel-ReReader/entry/src/main/ets/pages/BookSourceEditPage.ets:429:16
 'back' has been deprecated.
[39m[39m
[33mWARN: [33m[33mArkTS:WARN File: D:/HMAPPTEST/LiubaiNovel-ReReader/entry/src/main/ets/pages/BookSourceEditPage.ets:434:14
 'back' has been deprecated.
[39m[39m
[33mWARN: [33m[33mArkTS:WARN File: D:/HMAPPTEST/LiubaiNovel-ReReader/entry/src/main/ets/pages/BookSourceEditPage.ets:442:12
 'back' has been deprecated.
[39m[39m
[33mWARN: [33m[33mArkTS:WARN File: D:/HMAPPTEST/LiubaiNovel-ReReader/entry/src/main/ets/pages/BookDetailPage.ets:65:29
 'getParams' has been deprecated.
[39m[39m
[33mWARN: [33m[33mArkTS:WARN File: D:/HMAPPTEST/LiubaiNovel-ReReader/entry/src/main/ets/pages/BookDetailPage.ets:278:7
 Function may throw exceptions. Special handling is required.
[39m[39m
[33mWARN: [33m[33mArkTS:WARN File: D:/HMAPPTEST/LiubaiNovel-ReReader/entry/src/main/ets/pages/BookDetailPage.ets:335:9
 Function may throw exceptions. Special handling is required.
[39m[39m
[33mWARN: [33m[33mArkTS:WARN File: D:/HMAPPTEST/LiubaiNovel-ReReader/entry/src/main/ets/pages/BookDetailPage.ets:343:12
 'pushUrl' has been deprecated.
[39m[39m
[33mWARN: [33m[33mArkTS:WARN File: D:/HMAPPTEST/LiubaiNovel-ReReader/entry/src/main/ets/pages/BookDetailPage.ets:373:12
 'pushUrl' has been deprecated.
[39m[39m
[33mWARN: [33m[33mArkTS:WARN File: D:/HMAPPTEST/LiubaiNovel-ReReader/entry/src/main/ets/pages/BookDetailPage.ets:471:7
 Function may throw exceptions. Special handling is required.
[39m[39m
[33mWARN: [33m[33mArkTS:WARN File: D:/HMAPPTEST/LiubaiNovel-ReReader/entry/src/main/ets/pages/BookDetailPage.ets:481:12
 'back' has been deprecated.
[39m[39m
[33mWARN: [33m[33mArkTS:WARN File: D:/HMAPPTEST/LiubaiNovel-ReReader/entry/src/main/ets/reader/providers/EpubParser.ets:173:11
 Function may throw exceptions. Special handling is required.
[39m[39m
[33mWARN: [33m[33mArkTS:WARN File: D:/HMAPPTEST/LiubaiNovel-ReReader/entry/src/main/ets/reader/providers/EpubParser.ets:411:18
 Function may throw exceptions. Special handling is required.
[39m[39m
[33mWARN: [33m[33mArkTS:WARN File: D:/HMAPPTEST/LiubaiNovel-ReReader/entry/src/main/ets/reader/providers/EpubParser.ets:412:18
 Function may throw exceptions. Special handling is required.
[39m[39m
[33mWARN: [33m[33mArkTS:WARN File: D:/HMAPPTEST/LiubaiNovel-ReReader/entry/src/main/ets/reader/providers/EpubParser.ets:414:5
 Function may throw exceptions. Special handling is required.
[39m[39m
[33mWARN: [33m[33mArkTS:WARN File: D:/HMAPPTEST/LiubaiNovel-ReReader/entry/src/main/ets/reader/providers/EpubParser.ets:415:5
 Function may throw exceptions. Special handling is required.
[39m[39m
[33mWARN: [33m[33mArkTS:WARN File: D:/HMAPPTEST/LiubaiNovel-ReReader/entry/src/main/ets/reader/providers/LocalBookProvider.ets:183:18
 Function may throw exceptions. Special handling is required.
[39m[39m
[33mWARN: [33m[33mArkTS:WARN File: D:/HMAPPTEST/LiubaiNovel-ReReader/entry/src/main/ets/reader/providers/LocalBookProvider.ets:184:18
 Function may throw exceptions. Special handling is required.
[39m[39m
[33mWARN: [33m[33mArkTS:WARN File: D:/HMAPPTEST/LiubaiNovel-ReReader/entry/src/main/ets/reader/providers/LocalBookProvider.ets:186:5
 Function may throw exceptions. Special handling is required.
[39m[39m
[33mWARN: [33m[33mArkTS:WARN File: D:/HMAPPTEST/LiubaiNovel-ReReader/entry/src/main/ets/reader/providers/LocalBookProvider.ets:187:5
 Function may throw exceptions. Special handling is required.
[39m[39m
[33mWARN: [33m[33mArkTS:WARN File: D:/HMAPPTEST/LiubaiNovel-ReReader/entry/src/main/ets/reader/tts/TTSController.ets:324:5
 Function may throw exceptions. Special handling is required.
[39m[39m
[33mWARN: [33m[33mArkTS:WARN File: D:/HMAPPTEST/LiubaiNovel-ReReader/entry/src/main/ets/pages/UnifiedReaderPage.ets:140:21
 'getContext' has been deprecated.
[39m[39m
[33mWARN: [33m[33mArkTS:WARN File: D:/HMAPPTEST/LiubaiNovel-ReReader/entry/src/main/ets/pages/UnifiedReaderPage.ets:155:27
 'getParams' has been deprecated.
[39m[39m
[33mWARN: [33m[33mArkTS:WARN File: D:/HMAPPTEST/LiubaiNovel-ReReader/entry/src/main/ets/pages/UnifiedReaderPage.ets:316:39
 'back' has been deprecated.
[39m[39m
[33mWARN: [33m[33mArkTS:WARN File: D:/HMAPPTEST/LiubaiNovel-ReReader/entry/src/main/ets/pages/UnifiedReaderPage.ets:411:20
 'back' has been deprecated.
[39m[39m
[33mWARN: [33m[33mArkTS:WARN File: D:/HMAPPTEST/LiubaiNovel-ReReader/entry/src/main/ets/pages/UnifiedReaderPage.ets:448:22
 'pushUrl' has been deprecated.
[39m[39m
[33mWARN: [33m[33mArkTS:WARN File: D:/HMAPPTEST/LiubaiNovel-ReReader/entry/src/main/ets/pages/UnifiedReaderPage.ets:871:7
 Function may throw exceptions. Special handling is required.
[39m[39m
[33mWARN: [33m[33mArkTS:WARN File: D:/HMAPPTEST/LiubaiNovel-ReReader/entry/src/main/ets/pages/UnifiedReaderPage.ets:871:20
 'showToast' has been deprecated.
[39m[39m
[33mWARN: [33m[33mArkTS:WARN File: D:/HMAPPTEST/LiubaiNovel-ReReader/entry/src/main/ets/pages/UnifiedReaderPage.ets:881:7
 Function may throw exceptions. Special handling is required.
[39m[39m
[33mWARN: [33m[33mArkTS:WARN File: D:/HMAPPTEST/LiubaiNovel-ReReader/entry/src/main/ets/pages/UnifiedReaderPage.ets:881:20
 'showToast' has been deprecated.
[39m[39m
[33mWARN: [33m[33mArkTS:WARN File: D:/HMAPPTEST/LiubaiNovel-ReReader/entry/src/main/ets/pages/UnifiedReaderPage.ets:905:22
 'showToast' has been deprecated.
[39m[39m

[2026-03-28T08:56:23.316] [DEBUG] debug-file - Ark compile task finished.finished time is 1692260469683600
[2026-03-28T08:56:23.316] [DEBUG] debug-file - worker[4] has one work done.
[2026-03-28T08:56:23.317] [DEBUG] debug-file - default@CompileArkTS work[9] done.
[2026-03-28T08:56:23.317] [DEBUG] debug-file - A work dispatched to worker[4] failed because unable to get work from ready queue.
[2026-03-28T08:56:29.791] [DEBUG] debug-file - worker[14] has one work done.
[2026-03-28T08:56:29.791] [DEBUG] debug-file - CopyResources is end, endTime: 1692266944482000
[2026-03-28T08:56:29.791] [DEBUG] debug-file - default@CompileArkTS work[10] done.
[2026-03-28T08:56:29.791] [DEBUG] debug-file - A work dispatched to worker[14] failed because unable to get work from ready queue.
[2026-03-28T08:56:29.793] [INFO] debug-file - Finished :entry:default@CompileArkTS... after 1 s 918 ms 
[2026-03-28T08:56:29.794] [DEBUG] debug-file - Executing task :entry:default@GeneratePkgModuleJson
[2026-03-28T08:56:29.794] [DEBUG] debug-file - File: 'D:\HMAPPTEST\LiubaiNovel-ReReader\entry\build\default\intermediates\preload\default\preload.json' from 'preloadSoJsonPath' is not exists, just ignore.
[2026-03-28T08:56:29.795] [DEBUG] debug-file - Error occurs while handling @Input 'shouldDeduplicateHar': The "data" argument must be of type string or an instance of Buffer, TypedArray, or DataView. Received undefined
[2026-03-28T08:56:29.795] [DEBUG] debug-file - Task 'entry:default@GeneratePkgModuleJson' cost while wrapping incremental declarations: 1 ms 
[2026-03-28T08:56:29.795] [DEBUG] debug-file - Incremental task entry:default@GeneratePkgModuleJson pre-execution cost: 1 ms .
[2026-03-28T08:56:29.796] [DEBUG] debug-file - entry : default@GeneratePkgModuleJson cost memory 0.10550689697265625
[2026-03-28T08:56:29.796] [INFO] debug-file - UP-TO-DATE :entry:default@GeneratePkgModuleJson...  
[2026-03-28T08:56:29.796] [DEBUG] debug-file - Executing task :entry:default@ProcessCompiledResources
[2026-03-28T08:56:29.796] [DEBUG] debug-file - File: 'D:\HMAPPTEST\LiubaiNovel-ReReader\entry\build\default\intermediates\preload\default\preload.json' from 'preloadSoJsonPath' is not exists, just ignore.
[2026-03-28T08:56:29.797] [DEBUG] debug-file - Task 'entry:default@ProcessCompiledResources' cost while wrapping incremental declarations: 1 ms 
[2026-03-28T08:56:29.797] [DEBUG] debug-file - entry : default@ProcessCompiledResources cost memory 0.05716705322265625
[2026-03-28T08:56:29.797] [DEBUG] debug-file - runTaskFromQueue task cost before running: 8 s 613 ms 
[2026-03-28T08:56:29.797] [INFO] debug-file - Finished :entry:default@ProcessCompiledResources... after 1 ms 
[2026-03-28T08:56:29.798] [DEBUG] debug-file - Executing task :entry:default@PackageHap
[2026-03-28T08:56:29.806] [DEBUG] debug-file - entry:default@PackageHap is not up-to-date, since the input file 'D:\HMAPPTEST\LiubaiNovel-ReReader\entry\build\default\intermediates\loader_out\default\ets' has been changed.
[2026-03-28T08:56:29.806] [DEBUG] debug-file - Incremental task entry:default@PackageHap pre-execution cost: 8 ms .
[2026-03-28T08:56:29.807] [DEBUG] debug-file - Use tool [D:\Program Files\Huawei\DevEco Studio\sdk\default\openharmony\toolchains\lib\app_packing_tool.jar]
 [
  'java',
  '-Dfile.encoding=GBK',
  '-jar',
  'D:\\Program Files\\Huawei\\DevEco Studio\\sdk\\default\\openharmony\\toolchains\\lib\\app_packing_tool.jar',
  '--mode',
  'hap',
  '--force',
  'true',
  '--lib-path',
  'D:\\HMAPPTEST\\LiubaiNovel-ReReader\\entry\\build\\default\\intermediates\\stripped_native_libs\\default',
  '--json-path',
  'D:\\HMAPPTEST\\LiubaiNovel-ReReader\\entry\\build\\default\\intermediates\\package\\default\\module.json',
  '--resources-path',
  'D:\\HMAPPTEST\\LiubaiNovel-ReReader\\entry\\build\\default\\intermediates\\res\\default\\resources',
  '--index-path',
  'D:\\HMAPPTEST\\LiubaiNovel-ReReader\\entry\\build\\default\\intermediates\\res\\default\\resources.index',
  '--pack-info-path',
  'D:\\HMAPPTEST\\LiubaiNovel-ReReader\\entry\\build\\default\\outputs\\default\\pack.info',
  '--out-path',
  'D:\\HMAPPTEST\\LiubaiNovel-ReReader\\entry\\build\\default\\outputs\\default\\entry-default-unsigned.hap',
  '--ets-path',
  'D:\\HMAPPTEST\\LiubaiNovel-ReReader\\entry\\build\\default\\intermediates\\loader_out\\default\\ets'
]
[2026-03-28T08:56:29.859] [DEBUG] debug-file - java daemon socket received message:{"code":0,"message":"pack success"}
[2026-03-28T08:56:29.863] [DEBUG] debug-file - entry : default@PackageHap cost memory 0.3035430908203125
[2026-03-28T08:56:29.863] [DEBUG] debug-file - runTaskFromQueue task cost before running: 8 s 679 ms 
[2026-03-28T08:56:29.864] [INFO] debug-file - Finished :entry:default@PackageHap... after 66 ms 
[2026-03-28T08:56:29.866] [DEBUG] debug-file - Executing task :entry:default@PackingCheck
[2026-03-28T08:56:29.872] [DEBUG] debug-file - entry : default@PackingCheck cost memory 0.635345458984375
[2026-03-28T08:56:29.872] [DEBUG] debug-file - runTaskFromQueue task cost before running: 8 s 688 ms 
[2026-03-28T08:56:29.872] [INFO] debug-file - Finished :entry:default@PackingCheck... after 7 ms 
[2026-03-28T08:56:29.874] [DEBUG] debug-file - Executing task :entry:default@SignHap
[2026-03-28T08:56:29.876] [DEBUG] debug-file - entry:default@SignHap is not up-to-date, since the input file 'D:\HMAPPTEST\LiubaiNovel-ReReader\entry\build\default\outputs\default\entry-default-unsigned.hap' has been changed.
[2026-03-28T08:56:29.876] [DEBUG] debug-file - Incremental task entry:default@SignHap pre-execution cost: 2 ms .
[2026-03-28T08:56:29.895] [DEBUG] debug-file - java daemon socket close code:1000 reason:close by user
[2026-03-28T08:56:29.920] [DEBUG] debug-file - java daemon socket received message:{"code":0,"message":"verify profile success"}
[2026-03-28T08:56:29.922] [DEBUG] debug-file - java daemon socket close code:1000 reason:close by user
[2026-03-28T08:56:30.061] [DEBUG] debug-file - java daemon socket received message:{"code":0,"message":"sign app success"}
[2026-03-28T08:56:30.062] [DEBUG] debug-file - entry : default@SignHap cost memory -0.1661834716796875
[2026-03-28T08:56:30.062] [DEBUG] debug-file - runTaskFromQueue task cost before running: 8 s 878 ms 
[2026-03-28T08:56:30.063] [INFO] debug-file - Finished :entry:default@SignHap... after 189 ms 
[2026-03-28T08:56:30.064] [DEBUG] debug-file - Executing task :entry:default@CollectDebugSymbol
[2026-03-28T08:56:30.065] [DEBUG] debug-file - entry : default@CollectDebugSymbol cost memory 0.08343505859375
[2026-03-28T08:56:30.065] [DEBUG] debug-file - runTaskFromQueue task cost before running: 8 s 881 ms 
[2026-03-28T08:56:30.065] [INFO] debug-file - Finished :entry:default@CollectDebugSymbol... after 1 ms 
[2026-03-28T08:56:30.065] [DEBUG] debug-file - Executing task :entry:assembleHap
[2026-03-28T08:56:30.065] [DEBUG] debug-file - entry : assembleHap cost memory 0.01227569580078125
[2026-03-28T08:56:30.066] [DEBUG] debug-file - runTaskFromQueue task cost before running: 8 s 881 ms 
[2026-03-28T08:56:30.066] [INFO] debug-file - Finished :entry:assembleHap... after 1 ms 
[2026-03-28T08:56:30.867] [INFO] debug-file - BUILD SUCCESSFUL in 9 s 682 ms 
[2026-03-28T08:56:30.867] [DEBUG] debug-file - There is no need to refresh cache, since the incremental task entry:default@PreBuild is up-to-date.
[2026-03-28T08:56:30.867] [DEBUG] debug-file - Update task entry:default@CreateModuleInfo output file:D:\HMAPPTEST\LiubaiNovel-ReReader\entry\build\default\generated\profile\default\ModuleInfo.ts cache.
[2026-03-28T08:56:30.868] [DEBUG] debug-file - Incremental task entry:default@CreateModuleInfo post-execution cost:1 ms .
[2026-03-28T08:56:30.868] [DEBUG] debug-file - There is no need to refresh cache, since the incremental task entry:default@GenerateMetadata is up-to-date.
[2026-03-28T08:56:30.868] [DEBUG] debug-file - There is no need to refresh cache, since the incremental task entry:default@MergeProfile is up-to-date.
[2026-03-28T08:56:30.868] [DEBUG] debug-file - There is no need to refresh cache, since the incremental task entry:default@CreateBuildProfile is up-to-date.
[2026-03-28T08:56:30.868] [DEBUG] debug-file - Update task entry:default@GeneratePkgContextInfo output file:D:\HMAPPTEST\LiubaiNovel-ReReader\entry\build\default\intermediates\loader\default\pkgContextInfo.json cache.
[2026-03-28T08:56:30.868] [DEBUG] debug-file - Incremental task entry:default@GeneratePkgContextInfo post-execution cost:1 ms .
[2026-03-28T08:56:30.868] [DEBUG] debug-file - Update task entry:default@ProcessIntegratedHsp output file:D:\HMAPPTEST\LiubaiNovel-ReReader\build\cache\default\integrated_hsp\integratedHspCache.json cache.
[2026-03-28T08:56:30.869] [DEBUG] debug-file - Incremental task entry:default@ProcessIntegratedHsp post-execution cost:1 ms .
[2026-03-28T08:56:30.869] [DEBUG] debug-file - There is no need to refresh cache, since the incremental task entry:default@MakePackInfo is up-to-date.
[2026-03-28T08:56:30.869] [DEBUG] debug-file - Update task entry:default@SyscapTransform input file:D:\Program Files\Huawei\DevEco Studio\sdk\default\openharmony\toolchains\syscap_tool.exe cache by regenerate.
[2026-03-28T08:56:30.869] [DEBUG] debug-file - Update task entry:default@SyscapTransform input file:D:\Program Files\Huawei\DevEco Studio\sdk\default\openharmony\ets\api\device-define cache by regenerate.
[2026-03-28T08:56:30.870] [DEBUG] debug-file - Update task entry:default@SyscapTransform output file:D:\HMAPPTEST\LiubaiNovel-ReReader\entry\build\default\intermediates\syscap\default\rpcid.sc cache.
[2026-03-28T08:56:30.870] [DEBUG] debug-file - Incremental task entry:default@SyscapTransform post-execution cost:2 ms .
[2026-03-28T08:56:30.870] [DEBUG] debug-file - There is no need to refresh cache, since the incremental task entry:default@ProcessProfile is up-to-date.
[2026-03-28T08:56:30.870] [DEBUG] debug-file - There is no need to refresh cache, since the incremental task entry:default@ProcessRouterMap is up-to-date.
[2026-03-28T08:56:30.871] [DEBUG] debug-file - There is no need to refresh cache, since the incremental task entry:default@ProcessShareConfig is up-to-date.
[2026-03-28T08:56:30.871] [DEBUG] debug-file - Update task entry:default@ProcessStartupConfig output file:D:\HMAPPTEST\LiubaiNovel-ReReader\entry\build\default\intermediates\startup\default\startup_config.json cache.
[2026-03-28T08:56:30.871] [DEBUG] debug-file - Incremental task entry:default@ProcessStartupConfig post-execution cost:1 ms .
[2026-03-28T08:56:30.871] [DEBUG] debug-file - There is no need to refresh cache, since the incremental task entry:default@ProcessResource is up-to-date.
[2026-03-28T08:56:30.871] [DEBUG] debug-file - There is no need to refresh cache, since the incremental task entry:default@GenerateLoaderJson is up-to-date.
[2026-03-28T08:56:30.871] [DEBUG] debug-file - There is no need to refresh cache, since the incremental task entry:default@ProcessLibs is up-to-date.
[2026-03-28T08:56:30.871] [DEBUG] debug-file - There is no need to refresh cache, since the incremental task entry:default@CompileResource is up-to-date.
[2026-03-28T08:56:30.871] [DEBUG] debug-file - There is no need to refresh cache, since the incremental task entry:default@DoNativeStrip is up-to-date.
[2026-03-28T08:56:30.872] [DEBUG] debug-file - Update task entry:default@CompileArkTS input file:D:\HMAPPTEST\LiubaiNovel-ReReader\entry\build\default\intermediates\loader\default cache by regenerate.
[2026-03-28T08:56:30.873] [DEBUG] debug-file - Update task entry:default@CompileArkTS input file:D:\HMAPPTEST\LiubaiNovel-ReReader\entry\build\default\intermediates\res\default\resources\rawfile cache by regenerate.
[2026-03-28T08:56:30.873] [DEBUG] debug-file - Update task entry:default@CompileArkTS input file:D:\HMAPPTEST\LiubaiNovel-ReReader\entry\build\default\intermediates\res\default\ResourceTable.txt cache by regenerate.
[2026-03-28T08:56:30.874] [DEBUG] debug-file - Update task entry:default@CompileArkTS input file:D:\HMAPPTEST\LiubaiNovel-ReReader\entry\build\default\intermediates\res\default\ark_module.json cache by regenerate.
[2026-03-28T08:56:30.874] [DEBUG] debug-file - Update task entry:default@CompileArkTS input file:D:\HMAPPTEST\LiubaiNovel-ReReader\entry\build\default\intermediates\res\default\resources\base\profile cache by regenerate.
[2026-03-28T08:56:30.874] [DEBUG] debug-file - Update task entry:default@CompileArkTS input file:D:\HMAPPTEST\LiubaiNovel-ReReader\entry\src\main\ets cache from map.
[2026-03-28T08:56:30.874] [DEBUG] debug-file - Update task entry:default@CompileArkTS input file:D:\HMAPPTEST\LiubaiNovel-ReReader\entry\build\default\generated\profile\default\BuildProfile.ets cache by regenerate.
[2026-03-28T08:56:30.874] [DEBUG] debug-file - Update task entry:default@CompileArkTS output file:D:\HMAPPTEST\LiubaiNovel-ReReader\entry\build\default\intermediates\loader_out\default\ets cache.
[2026-03-28T08:56:30.875] [DEBUG] debug-file - Incremental task entry:default@CompileArkTS post-execution cost:4 ms .
[2026-03-28T08:56:30.876] [DEBUG] debug-file - Update task entry:default@BuildJS input file:D:\HMAPPTEST\LiubaiNovel-ReReader\entry\build\default\intermediates\loader\default cache by regenerate.
[2026-03-28T08:56:30.876] [DEBUG] debug-file - Update task entry:default@BuildJS input file:D:\HMAPPTEST\LiubaiNovel-ReReader\entry\build\default\intermediates\res\default\resources\rawfile cache by regenerate.
[2026-03-28T08:56:30.877] [DEBUG] debug-file - Update task entry:default@BuildJS input file:D:\HMAPPTEST\LiubaiNovel-ReReader\entry\build\default\intermediates\res\default\ResourceTable.txt cache by regenerate.
[2026-03-28T08:56:30.878] [DEBUG] debug-file - Update task entry:default@BuildJS input file:D:\HMAPPTEST\LiubaiNovel-ReReader\entry\build\default\intermediates\res\default\ark_module.json cache by regenerate.
[2026-03-28T08:56:30.878] [DEBUG] debug-file - Update task entry:default@BuildJS input file:D:\HMAPPTEST\LiubaiNovel-ReReader\entry\build\default\intermediates\res\default\resources\base\profile cache by regenerate.
[2026-03-28T08:56:30.879] [DEBUG] debug-file - Update task entry:default@BuildJS output file:D:\HMAPPTEST\LiubaiNovel-ReReader\entry\build\default\intermediates\loader_out\default\js cache.
[2026-03-28T08:56:30.879] [DEBUG] debug-file - Incremental task entry:default@BuildJS post-execution cost:5 ms .
[2026-03-28T08:56:30.879] [DEBUG] debug-file - There is no need to refresh cache, since the incremental task entry:default@CacheNativeLibs is up-to-date.
[2026-03-28T08:56:30.879] [DEBUG] debug-file - There is no need to refresh cache, since the incremental task entry:default@GeneratePkgModuleJson is up-to-date.
[2026-03-28T08:56:30.879] [DEBUG] debug-file - Incremental task entry:default@ProcessCompiledResources post-execution cost:1 ms .
[2026-03-28T08:56:30.880] [DEBUG] debug-file - Update task entry:default@PackageHap input file:D:\HMAPPTEST\LiubaiNovel-ReReader\entry\build\default\intermediates\stripped_native_libs\default cache by regenerate.
[2026-03-28T08:56:30.881] [DEBUG] debug-file - Update task entry:default@PackageHap input file:D:\HMAPPTEST\LiubaiNovel-ReReader\entry\build\default\intermediates\res\default\module.json cache by regenerate.
[2026-03-28T08:56:30.881] [DEBUG] debug-file - Update task entry:default@PackageHap input file:D:\HMAPPTEST\LiubaiNovel-ReReader\entry\build\default\intermediates\res\default\resources cache by regenerate.
[2026-03-28T08:56:30.886] [DEBUG] debug-file - Update task entry:default@PackageHap input file:D:\HMAPPTEST\LiubaiNovel-ReReader\entry\build\default\intermediates\res\default\resources.index cache by regenerate.
[2026-03-28T08:56:30.886] [DEBUG] debug-file - Update task entry:default@PackageHap input file:D:\HMAPPTEST\LiubaiNovel-ReReader\entry\build\default\outputs\default\pack.info cache by regenerate.
[2026-03-28T08:56:30.887] [DEBUG] debug-file - Update task entry:default@PackageHap input file:D:\HMAPPTEST\LiubaiNovel-ReReader\entry\build\default\intermediates\loader_out\default\ets cache from map.
[2026-03-28T08:56:30.887] [DEBUG] debug-file - Update task entry:default@PackageHap input file:D:\HMAPPTEST\LiubaiNovel-ReReader\entry\build\default\intermediates\loader_out\default\ets\sourceMaps.map cache by regenerate.
[2026-03-28T08:56:30.887] [DEBUG] debug-file - Update task entry:default@PackageHap input file:D:\HMAPPTEST\LiubaiNovel-ReReader\entry\build\default\generated\profile\default\BuildProfile.ets cache by regenerate.
[2026-03-28T08:56:30.887] [DEBUG] debug-file - Update task entry:default@PackageHap output file:D:\HMAPPTEST\LiubaiNovel-ReReader\entry\build\default\outputs\default\entry-default-unsigned.hap cache.
[2026-03-28T08:56:30.888] [DEBUG] debug-file - Update task entry:default@PackageHap output file:D:\HMAPPTEST\LiubaiNovel-ReReader\entry\build\default\intermediates\source_map\default\sourceMaps.map cache.
[2026-03-28T08:56:30.888] [DEBUG] debug-file - Update task entry:default@PackageHap output file:D:\HMAPPTEST\LiubaiNovel-ReReader\entry\build\default\outputs\default\mapping\sourceMaps.map cache.
[2026-03-28T08:56:30.888] [DEBUG] debug-file - Incremental task entry:default@PackageHap post-execution cost:9 ms .
[2026-03-28T08:56:30.889] [DEBUG] debug-file - Update task entry:default@SignHap input file:C:\Users\zxyzhy233\.ohos\config\default_LiubaiNovel-ReReader_U1UTVGz8nzXoDVi686OyEZxVoEKg_W5HfTmv5fg-wcI=.cer cache by regenerate.
[2026-03-28T08:56:30.889] [DEBUG] debug-file - Update task entry:default@SignHap input file:C:\Users\zxyzhy233\.ohos\config\default_LiubaiNovel-ReReader_U1UTVGz8nzXoDVi686OyEZxVoEKg_W5HfTmv5fg-wcI=.p7b cache by regenerate.
[2026-03-28T08:56:30.889] [DEBUG] debug-file - Update task entry:default@SignHap input file:C:\Users\zxyzhy233\.ohos\config\default_LiubaiNovel-ReReader_U1UTVGz8nzXoDVi686OyEZxVoEKg_W5HfTmv5fg-wcI=.p12 cache by regenerate.
[2026-03-28T08:56:30.889] [DEBUG] debug-file - Update task entry:default@SignHap input file:D:\HMAPPTEST\LiubaiNovel-ReReader\entry\build\default\outputs\default\entry-default-unsigned.hap cache from map.
[2026-03-28T08:56:30.889] [DEBUG] debug-file - Update task entry:default@SignHap output file:D:\HMAPPTEST\LiubaiNovel-ReReader\entry\build\default\outputs\default\entry-default-signed.hap cache.
[2026-03-28T08:56:30.890] [DEBUG] debug-file - Incremental task entry:default@SignHap post-execution cost:2 ms .
[2026-03-28T08:56:30.890] [DEBUG] debug-file - Update task entry:default@CollectDebugSymbol input file:D:\HMAPPTEST\LiubaiNovel-ReReader\entry\build\default\intermediates\loader_out\default\ets\sourceMaps.map cache by regenerate.
[2026-03-28T08:56:30.890] [DEBUG] debug-file - Update task entry:default@CollectDebugSymbol input file:D:\HMAPPTEST\LiubaiNovel-ReReader\entry\build\default\intermediates\libs\default cache by regenerate.
[2026-03-28T08:56:30.890] [DEBUG] debug-file - Update task entry:default@CollectDebugSymbol output file:D:\HMAPPTEST\LiubaiNovel-ReReader\entry\build\default\outputs\default\symbol cache.
[2026-03-28T08:56:30.891] [DEBUG] debug-file - Incremental task entry:default@CollectDebugSymbol post-execution cost:1 ms .
[2026-03-28T08:56:31.656] [DEBUG] debug-file - Cleanup worker 14.
[2026-03-28T08:56:31.656] [DEBUG] debug-file - Worker 14 has been cleaned up.
[2026-03-28T08:56:31.656] [DEBUG] debug-file - Current idle worker size: 1.
[2026-03-28T08:56:31.656] [DEBUG] debug-file - Current resident worker size: 2.
[2026-03-28T08:56:31.656] [DEBUG] debug-file - hvigor build process will be closed.
[2026-03-28T08:56:31.656] [DEBUG] debug-file - java daemon socket close code:1000 reason:close by user
[2026-03-28T08:56:31.716] [DEBUG] debug-file - worker[14] exits with exit code 1.
[2026-03-28T08:56:31.719] [DEBUG] debug-file - session manager: send message to worker process.
[2026-03-28T08:56:31.720] [DEBUG] debug-file - session manager: send message to worker process.
[2026-03-28T08:56:31.720] [DEBUG] debug-file - watch worker: worker id should be larger than 0. Nothing will be sent to any worker thread.
[2026-03-28T08:56:31.721] [DEBUG] debug-file - watch worker: worker id should be larger than 0. Nothing will be sent to any worker thread.
[2026-03-28T09:25:20.802] [DEBUG] debug-file - session manager: set active socket. socketId=lkzskGofPqT5cTr4AAAN
[2026-03-28T09:25:20.805] [DEBUG] debug-file - watch worker: worker id should be larger than 0. Nothing will be sent to any worker thread.
[2026-03-28T09:25:20.808] [DEBUG] debug-file - Workers' log level updated to INFO
[2026-03-28T09:25:20.811] [DEBUG] debug-file - Hvigor init with startParameters:{
  hvigorfileTypeCheck: false,
  parallelExecution: true,
  incrementalExecution: true,
  printStackTrace: false,
  daemon: true,
  analyze: 0,
  logLevel: Level { level: 20000, levelStr: 'INFO', colour: 'green' },
  optimizationStrategy: 'memory',
  hotCompile: undefined,
  hotReloadBuild: undefined,
  customizedParam: undefined
}
[2026-03-28T09:25:20.816] [DEBUG] debug-file - Cache service initialization finished in 6 ms 
[2026-03-28T09:25:20.818] [DEBUG] debug-file - hvigorfile, resolving D:\HMAPPTEST\LiubaiNovel-ReReader\hvigorfile.ts
[2026-03-28T09:25:20.825] [DEBUG] debug-file - hvigorfile, require result:  { default: { plugins: [] } }
[2026-03-28T09:25:20.825] [DEBUG] debug-file - hvigorfile, binding system plugins null
[2026-03-28T09:25:20.826] [DEBUG] debug-file - Starting plugin build process
[2026-03-28T09:25:20.826] [DEBUG] debug-file - App plugin prepare start...
[2026-03-28T09:25:20.826] [DEBUG] debug-file - App plugin prepare end...
[2026-03-28T09:25:20.826] [DEBUG] debug-file - App plugin creating...
[2026-03-28T09:25:20.833] [DEBUG] debug-file - App plugin register hook start...
[2026-03-28T09:25:20.833] [DEBUG] debug-file - App plugin register hook end...
[2026-03-28T09:25:20.833] [DEBUG] debug-file - Plugin build process completed
[2026-03-28T09:25:20.834] [DEBUG] debug-file - Start initialize project's product build option map with build mode debug.
[2026-03-28T09:25:20.834] [DEBUG] debug-file - Picking option from product 'default' with build mode 'debug'.
[2026-03-28T09:25:20.834] [DEBUG] debug-file - Product 'default' build option initialized
[2026-03-28T09:25:20.834] [DEBUG] debug-file - Picking option from product 'zxyzhy233' with build mode 'debug'.
[2026-03-28T09:25:20.834] [DEBUG] debug-file - Product 'zxyzhy233' build option initialized
[2026-03-28T09:25:20.834] [DEBUG] debug-file - End initialize project's product build option map with build mode 'debug'.
[2026-03-28T09:25:20.835] [DEBUG] debug-file - Obtain build option for product 'default'in this build.
[2026-03-28T09:25:20.836] [DEBUG] debug-file - D:\HMAPPTEST\LiubaiNovel-ReReader\build\cache\default\remote_hsp\remoteHspCache.json not exists.
[2026-03-28T09:25:20.841] [DEBUG] debug-file - Start recording SDK configuration permission data.
[2026-03-28T09:25:20.874] [DEBUG] debug-file - Sdk init in 38 ms 
[2026-03-28T09:25:20.877] [DEBUG] debug-file - Project task initialization takes 3 ms 
[2026-03-28T09:25:20.877] [DEBUG] debug-file - hvigorfile, binding custom plugins []
[2026-03-28T09:25:20.877] [DEBUG] debug-file - hvigorfile, no custom plugins were found in D:\HMAPPTEST\LiubaiNovel-ReReader\hvigorfile.ts
[2026-03-28T09:25:20.877] [DEBUG] debug-file - hvigorfile, resolve finished D:\HMAPPTEST\LiubaiNovel-ReReader\hvigorfile.ts
[2026-03-28T09:25:20.878] [DEBUG] debug-file - hvigorfile, resolving D:\HMAPPTEST\LiubaiNovel-ReReader\entry\hvigorfile.ts
[2026-03-28T09:25:20.881] [DEBUG] debug-file - hvigorfile, require result:  { default: { plugins: [] } }
[2026-03-28T09:25:20.881] [DEBUG] debug-file - hvigorfile, binding system plugins null
[2026-03-28T09:25:20.881] [DEBUG] debug-file - Starting plugin build process
[2026-03-28T09:25:20.881] [DEBUG] debug-file - Hap plugin creating...
[2026-03-28T09:25:20.882] [DEBUG] debug-file - failed to load cangjie to dynamically generate schemas: Error: Cannot find module '@ohos/cangjie-build-support/index'
Require stack:
- D:\Program Files\Huawei\DevEco Studio\tools\hvigor\hvigor-ohos-plugin\src\plugin\hooks\cangjie-register.js
- D:\Program Files\Huawei\DevEco Studio\tools\hvigor\hvigor-ohos-plugin\src\plugin\strategy\stage-init-strategy.js
- D:\Program Files\Huawei\DevEco Studio\tools\hvigor\hvigor-ohos-plugin\src\plugin\builder\abstract-plugin-builder.js
- D:\Program Files\Huawei\DevEco Studio\tools\hvigor\hvigor-ohos-plugin\src\plugin\builder\app-plugin-builder.js
- D:\Program Files\Huawei\DevEco Studio\tools\hvigor\hvigor-ohos-plugin\src\plugin\factory\plugin-factory.js
- D:\Program Files\Huawei\DevEco Studio\tools\hvigor\hvigor-ohos-plugin\index.js
- D:\HMAPPTEST\LiubaiNovel-ReReader\hvigorfile.ts
- D:\Program Files\Huawei\DevEco Studio\tools\hvigor\hvigor\src\base\internal\lifecycle\configuration.js
- D:\Program Files\Huawei\DevEco Studio\tools\hvigor\hvigor\src\base\boot\index.js
- D:\Program Files\Huawei\DevEco Studio\tools\hvigor\hvigor\src\base\daemon\cluster\worker-process-lifecycle.js
- D:\Program Files\Huawei\DevEco Studio\tools\hvigor\hvigor\src\base\daemon\process\daemon-process-boot-script.js
[2026-03-28T09:25:20.884] [DEBUG] debug-file - Start initialize module-target build option map, moduleName=entry, buildMode=debug
[2026-03-28T09:25:20.885] [DEBUG] debug-file - Target 'default' config initialized
[2026-03-28T09:25:20.885] [DEBUG] debug-file - Module 'entry' target 'default' build option initialized
[2026-03-28T09:25:20.885] [DEBUG] debug-file - End initialize module-target build option map, moduleName=entry
[2026-03-28T09:25:20.885] [DEBUG] debug-file - Start initialize module-target build option map, moduleName=entry, buildMode=zxyzhy233
[2026-03-28T09:25:20.885] [DEBUG] debug-file - Target 'default' config initialized
[2026-03-28T09:25:20.885] [DEBUG] debug-file - Does not get target 'default'corresponding build option.
[2026-03-28T09:25:20.885] [DEBUG] debug-file - Using preset build option 'default'.
[2026-03-28T09:25:20.885] [DEBUG] debug-file - Module 'entry' target 'default' build option initialized
[2026-03-28T09:25:20.885] [DEBUG] debug-file - End initialize module-target build option map, moduleName=entry
[2026-03-28T09:25:20.885] [DEBUG] debug-file - Start initialize module-target build option map, moduleName=entry, buildMode=release
[2026-03-28T09:25:20.885] [DEBUG] debug-file - Target 'default' config initialized
[2026-03-28T09:25:20.885] [DEBUG] debug-file - Module 'entry' target 'default' build option initialized
[2026-03-28T09:25:20.886] [DEBUG] debug-file - End initialize module-target build option map, moduleName=entry
[2026-03-28T09:25:20.886] [DEBUG] debug-file - Start initialize module-target build option map, moduleName=entry, buildMode=debug
[2026-03-28T09:25:20.886] [DEBUG] debug-file - Target 'default' config initialized
[2026-03-28T09:25:20.886] [DEBUG] debug-file - Module 'entry' target 'default' build option initialized
[2026-03-28T09:25:20.886] [DEBUG] debug-file - End initialize module-target build option map, moduleName=entry
[2026-03-28T09:25:20.886] [DEBUG] debug-file - Start initialize module-target build option map, moduleName=entry, buildMode=zxyzhy233
[2026-03-28T09:25:20.886] [DEBUG] debug-file - Target 'default' config initialized
[2026-03-28T09:25:20.886] [DEBUG] debug-file - Does not get target 'default'corresponding build option.
[2026-03-28T09:25:20.886] [DEBUG] debug-file - Using preset build option 'default'.
[2026-03-28T09:25:20.886] [DEBUG] debug-file - Module 'entry' target 'default' build option initialized
[2026-03-28T09:25:20.886] [DEBUG] debug-file - End initialize module-target build option map, moduleName=entry
[2026-03-28T09:25:20.886] [DEBUG] debug-file - Start initialize module-target build option map, moduleName=entry, buildMode=release
[2026-03-28T09:25:20.886] [DEBUG] debug-file - Target 'default' config initialized
[2026-03-28T09:25:20.886] [DEBUG] debug-file - Module 'entry' target 'default' build option initialized
[2026-03-28T09:25:20.887] [DEBUG] debug-file - End initialize module-target build option map, moduleName=entry
[2026-03-28T09:25:20.887] [DEBUG] debug-file - Start initialize module-target build option map, moduleName=entry, buildMode=debug
[2026-03-28T09:25:20.887] [DEBUG] debug-file - Target 'default' config initialized
[2026-03-28T09:25:20.887] [DEBUG] debug-file - Module 'entry' target 'default' build option initialized
[2026-03-28T09:25:20.887] [DEBUG] debug-file - End initialize module-target build option map, moduleName=entry
[2026-03-28T09:25:20.887] [DEBUG] debug-file - Obtain build option for module 'entry' target 'default'in this build.
[2026-03-28T09:25:20.889] [DEBUG] debug-file - Module entry task initialization takes 2 ms 
[2026-03-28T09:25:20.889] [DEBUG] debug-file - Hap plugin register hook start...
[2026-03-28T09:25:20.889] [DEBUG] debug-file - Hap plugin register hook end...
[2026-03-28T09:25:20.889] [DEBUG] debug-file - Plugin build process completed
[2026-03-28T09:25:20.889] [DEBUG] debug-file - hvigorfile, binding custom plugins []
[2026-03-28T09:25:20.889] [DEBUG] debug-file - hvigorfile, no custom plugins were found in D:\HMAPPTEST\LiubaiNovel-ReReader\entry\hvigorfile.ts
[2026-03-28T09:25:20.889] [DEBUG] debug-file - hvigorfile, resolve finished D:\HMAPPTEST\LiubaiNovel-ReReader\entry\hvigorfile.ts
[2026-03-28T09:25:20.910] [DEBUG] debug-file - hvigorfile, resolve hvigorfile dependencies in 21 ms 
[2026-03-28T09:25:20.910] [DEBUG] debug-file - project has submodules:entry
[2026-03-28T09:25:20.911] [DEBUG] debug-file - Start to initialize dependency information.
[2026-03-28T09:25:20.912] [DEBUG] debug-file - Module LiubaiNovel-ReReader Collected Dependency: 
[2026-03-28T09:25:20.912] [DEBUG] debug-file - Module LiubaiNovel-ReReader's total dependency: 0
[2026-03-28T09:25:20.913] [DEBUG] debug-file - Start to initialize dependency information.
[2026-03-28T09:25:20.914] [DEBUG] debug-file - Module entry Collected Dependency: 
[2026-03-28T09:25:20.914] [DEBUG] debug-file - Module entry's total dependency: 0
[2026-03-28T09:25:20.915] [DEBUG] debug-file - Configuration phase cost:99 ms 
[2026-03-28T09:25:20.917] [DEBUG] debug-file - Configuration task cost before running: 109 ms 
[2026-03-28T09:25:20.917] [DEBUG] debug-file - Executing task :entry:clean
[2026-03-28T09:25:20.917] [DEBUG] debug-file - clean: Start terminating worker pool.
[2026-03-28T09:25:20.917] [DEBUG] debug-file - Current worker pool is stopped or closed.
[2026-03-28T09:25:20.917] [DEBUG] debug-file - Clear worker 4.
[2026-03-28T09:25:20.918] [DEBUG] debug-file - Worker 4 has been cleared.
[2026-03-28T09:25:20.918] [DEBUG] debug-file - Current idle worker size: 0.
[2026-03-28T09:25:20.918] [DEBUG] debug-file - Current busy worker size: 0.
[2026-03-28T09:25:20.918] [DEBUG] debug-file - Current worker pool is terminated.
[2026-03-28T09:25:20.918] [DEBUG] debug-file - clean: Terminating worker pool finished.
[2026-03-28T09:25:21.093] [DEBUG] debug-file - entry : clean cost memory -0.5542373657226562
[2026-03-28T09:25:21.093] [DEBUG] debug-file - runTaskFromQueue task cost before running: 285 ms 
[2026-03-28T09:25:21.093] [INFO] debug-file - Finished :entry:clean... after 177 ms 
[2026-03-28T09:25:21.093] [DEBUG] debug-file - Executing task ::clean
[2026-03-28T09:25:21.094] [DEBUG] debug-file - clean: Worker pool is inactive.
[2026-03-28T09:25:21.094] [DEBUG] debug-file - LiubaiNovel-ReReader : clean cost memory 0.0251922607421875
[2026-03-28T09:25:21.094] [DEBUG] debug-file - runTaskFromQueue task cost before running: 286 ms 
[2026-03-28T09:25:21.094] [INFO] debug-file - Finished ::clean... after 1 ms 
[2026-03-28T09:25:21.979] [INFO] debug-file - BUILD SUCCESSFUL in 1 s 171 ms 
[2026-03-28T09:25:23.353] [DEBUG] debug-file - worker[4] exits with exit code 1.
[2026-03-28T09:25:23.353] [DEBUG] debug-file - Since there is no instance or instance is terminated, create a new worker pool.
[2026-03-28T09:25:23.354] [DEBUG] debug-file - Worker pool is initialized with config:  {
  minPoolNum: 2,
  maxPoolNum: undefined,
  maxCoreSize: undefined,
  cacheCapacity: undefined,
  cacheTtl: undefined
}
[2026-03-28T09:25:23.354] [DEBUG] debug-file - Create  resident worker with id: 0.
[2026-03-28T09:25:23.355] [DEBUG] debug-file - Create  resident worker with id: 1.
[2026-03-28T09:25:23.356] [DEBUG] debug-file - Cleanup worker 0.
[2026-03-28T09:25:23.356] [DEBUG] debug-file - Worker 0 has been cleaned up.
[2026-03-28T09:25:23.356] [DEBUG] debug-file - Current idle worker size: 1.
[2026-03-28T09:25:23.356] [DEBUG] debug-file - Current resident worker size: 2.
[2026-03-28T09:25:23.356] [DEBUG] debug-file - Cleanup worker 1.
[2026-03-28T09:25:23.357] [DEBUG] debug-file - Worker 1 has been cleaned up.
[2026-03-28T09:25:23.357] [DEBUG] debug-file - Current idle worker size: 0.
[2026-03-28T09:25:23.357] [DEBUG] debug-file - Current resident worker size: 2.
[2026-03-28T09:25:23.357] [DEBUG] debug-file - hvigor build process will be closed.
[2026-03-28T09:25:23.365] [DEBUG] debug-file - session manager: send message to worker process.
[2026-03-28T09:25:23.366] [DEBUG] debug-file - session manager: send message to worker process.
[2026-03-28T09:25:23.366] [DEBUG] debug-file - watch worker: worker id should be larger than 0. Nothing will be sent to any worker thread.
[2026-03-28T09:25:23.367] [DEBUG] debug-file - watch worker: worker id should be larger than 0. Nothing will be sent to any worker thread.
[2026-03-28T09:25:23.371] [DEBUG] debug-file - worker[1] exits with exit code 0.
[2026-03-28T09:25:23.375] [DEBUG] debug-file - worker[0] exits with exit code 0.
[2026-03-28T09:26:01.706] [DEBUG] debug-file - session manager: set active socket. socketId=k6lwF8FaQmI_rn7PAAAP
[2026-03-28T09:26:01.710] [DEBUG] debug-file - watch worker: worker id should be larger than 0. Nothing will be sent to any worker thread.
[2026-03-28T09:26:01.713] [DEBUG] debug-file - Workers' log level updated to INFO
[2026-03-28T09:26:01.715] [DEBUG] debug-file - Hvigor init with startParameters:{
  hvigorfileTypeCheck: false,
  parallelExecution: true,
  incrementalExecution: true,
  printStackTrace: false,
  daemon: true,
  analyze: 0,
  logLevel: Level { level: 20000, levelStr: 'INFO', colour: 'green' },
  optimizationStrategy: 'memory',
  hotCompile: undefined,
  hotReloadBuild: undefined,
  customizedParam: undefined
}
[2026-03-28T09:26:01.720] [DEBUG] debug-file - Cache service initialization finished in 5 ms 
[2026-03-28T09:26:01.721] [DEBUG] debug-file - hvigorfile, resolving D:\HMAPPTEST\LiubaiNovel-ReReader\hvigorfile.ts
[2026-03-28T09:26:01.726] [DEBUG] debug-file - hvigorfile, require result:  { default: { plugins: [] } }
[2026-03-28T09:26:01.726] [DEBUG] debug-file - hvigorfile, binding system plugins null
[2026-03-28T09:26:01.726] [DEBUG] debug-file - Starting plugin build process
[2026-03-28T09:26:01.726] [DEBUG] debug-file - App plugin prepare start...
[2026-03-28T09:26:01.727] [DEBUG] debug-file - App plugin prepare end...
[2026-03-28T09:26:01.727] [DEBUG] debug-file - App plugin creating...
[2026-03-28T09:26:01.983] [DEBUG] debug-file - App plugin register hook start...
[2026-03-28T09:26:01.983] [DEBUG] debug-file - App plugin register hook end...
[2026-03-28T09:26:01.983] [DEBUG] debug-file - Plugin build process completed
[2026-03-28T09:26:01.984] [DEBUG] debug-file - Start initialize project's product build option map with build mode debug.
[2026-03-28T09:26:01.984] [DEBUG] debug-file - Picking option from product 'default' with build mode 'debug'.
[2026-03-28T09:26:01.984] [DEBUG] debug-file - Product 'default' build option initialized
[2026-03-28T09:26:01.984] [DEBUG] debug-file - Picking option from product 'zxyzhy233' with build mode 'debug'.
[2026-03-28T09:26:01.984] [DEBUG] debug-file - Product 'zxyzhy233' build option initialized
[2026-03-28T09:26:01.984] [DEBUG] debug-file - End initialize project's product build option map with build mode 'debug'.
[2026-03-28T09:26:01.985] [DEBUG] debug-file - Obtain build option for product 'default'in this build.
[2026-03-28T09:26:01.986] [DEBUG] debug-file - D:\HMAPPTEST\LiubaiNovel-ReReader\build\cache\default\remote_hsp\remoteHspCache.json not exists.
[2026-03-28T09:26:01.989] [DEBUG] debug-file - Start recording SDK configuration permission data.
[2026-03-28T09:26:02.012] [DEBUG] debug-file - Sdk init in 26 ms 
[2026-03-28T09:26:02.018] [DEBUG] debug-file - Project task initialization takes 6 ms 
[2026-03-28T09:26:02.019] [DEBUG] debug-file - hvigorfile, binding custom plugins []
[2026-03-28T09:26:02.019] [DEBUG] debug-file - hvigorfile, no custom plugins were found in D:\HMAPPTEST\LiubaiNovel-ReReader\hvigorfile.ts
[2026-03-28T09:26:02.019] [DEBUG] debug-file - hvigorfile, resolve finished D:\HMAPPTEST\LiubaiNovel-ReReader\hvigorfile.ts
[2026-03-28T09:26:02.019] [DEBUG] debug-file - hvigorfile, resolving D:\HMAPPTEST\LiubaiNovel-ReReader\entry\hvigorfile.ts
[2026-03-28T09:26:02.024] [DEBUG] debug-file - hvigorfile, require result:  { default: { plugins: [] } }
[2026-03-28T09:26:02.024] [DEBUG] debug-file - hvigorfile, binding system plugins null
[2026-03-28T09:26:02.024] [DEBUG] debug-file - Starting plugin build process
[2026-03-28T09:26:02.024] [DEBUG] debug-file - Hap plugin creating...
[2026-03-28T09:26:02.025] [DEBUG] debug-file - failed to load cangjie to dynamically generate schemas: Error: Cannot find module '@ohos/cangjie-build-support/index'
Require stack:
- D:\Program Files\Huawei\DevEco Studio\tools\hvigor\hvigor-ohos-plugin\src\plugin\hooks\cangjie-register.js
- D:\Program Files\Huawei\DevEco Studio\tools\hvigor\hvigor-ohos-plugin\src\plugin\strategy\stage-init-strategy.js
- D:\Program Files\Huawei\DevEco Studio\tools\hvigor\hvigor-ohos-plugin\src\plugin\builder\abstract-plugin-builder.js
- D:\Program Files\Huawei\DevEco Studio\tools\hvigor\hvigor-ohos-plugin\src\plugin\builder\app-plugin-builder.js
- D:\Program Files\Huawei\DevEco Studio\tools\hvigor\hvigor-ohos-plugin\src\plugin\factory\plugin-factory.js
- D:\Program Files\Huawei\DevEco Studio\tools\hvigor\hvigor-ohos-plugin\index.js
- D:\HMAPPTEST\LiubaiNovel-ReReader\hvigorfile.ts
- D:\Program Files\Huawei\DevEco Studio\tools\hvigor\hvigor\src\base\internal\lifecycle\configuration.js
- D:\Program Files\Huawei\DevEco Studio\tools\hvigor\hvigor\src\base\boot\index.js
- D:\Program Files\Huawei\DevEco Studio\tools\hvigor\hvigor\src\base\daemon\cluster\worker-process-lifecycle.js
- D:\Program Files\Huawei\DevEco Studio\tools\hvigor\hvigor\src\base\daemon\process\daemon-process-boot-script.js
[2026-03-28T09:26:02.034] [DEBUG] debug-file - Start initialize module-target build option map, moduleName=entry, buildMode=debug
[2026-03-28T09:26:02.034] [DEBUG] debug-file - Target 'default' config initialized
[2026-03-28T09:26:02.034] [DEBUG] debug-file - Module 'entry' target 'default' build option initialized
[2026-03-28T09:26:02.034] [DEBUG] debug-file - End initialize module-target build option map, moduleName=entry
[2026-03-28T09:26:02.034] [DEBUG] debug-file - Start initialize module-target build option map, moduleName=entry, buildMode=zxyzhy233
[2026-03-28T09:26:02.034] [DEBUG] debug-file - Target 'default' config initialized
[2026-03-28T09:26:02.034] [DEBUG] debug-file - Does not get target 'default'corresponding build option.
[2026-03-28T09:26:02.034] [DEBUG] debug-file - Using preset build option 'default'.
[2026-03-28T09:26:02.034] [DEBUG] debug-file - Module 'entry' target 'default' build option initialized
[2026-03-28T09:26:02.034] [DEBUG] debug-file - End initialize module-target build option map, moduleName=entry
[2026-03-28T09:26:02.034] [DEBUG] debug-file - Start initialize module-target build option map, moduleName=entry, buildMode=release
[2026-03-28T09:26:02.035] [DEBUG] debug-file - Target 'default' config initialized
[2026-03-28T09:26:02.035] [DEBUG] debug-file - Module 'entry' target 'default' build option initialized
[2026-03-28T09:26:02.035] [DEBUG] debug-file - End initialize module-target build option map, moduleName=entry
[2026-03-28T09:26:02.035] [DEBUG] debug-file - Start initialize module-target build option map, moduleName=entry, buildMode=debug
[2026-03-28T09:26:02.035] [DEBUG] debug-file - Target 'default' config initialized
[2026-03-28T09:26:02.035] [DEBUG] debug-file - Module 'entry' target 'default' build option initialized
[2026-03-28T09:26:02.035] [DEBUG] debug-file - End initialize module-target build option map, moduleName=entry
[2026-03-28T09:26:02.035] [DEBUG] debug-file - Start initialize module-target build option map, moduleName=entry, buildMode=zxyzhy233
[2026-03-28T09:26:02.035] [DEBUG] debug-file - Target 'default' config initialized
[2026-03-28T09:26:02.035] [DEBUG] debug-file - Does not get target 'default'corresponding build option.
[2026-03-28T09:26:02.035] [DEBUG] debug-file - Using preset build option 'default'.
[2026-03-28T09:26:02.035] [DEBUG] debug-file - Module 'entry' target 'default' build option initialized
[2026-03-28T09:26:02.035] [DEBUG] debug-file - End initialize module-target build option map, moduleName=entry
[2026-03-28T09:26:02.035] [DEBUG] debug-file - Start initialize module-target build option map, moduleName=entry, buildMode=release
[2026-03-28T09:26:02.036] [DEBUG] debug-file - Target 'default' config initialized
[2026-03-28T09:26:02.036] [DEBUG] debug-file - Module 'entry' target 'default' build option initialized
[2026-03-28T09:26:02.036] [DEBUG] debug-file - End initialize module-target build option map, moduleName=entry
[2026-03-28T09:26:02.036] [DEBUG] debug-file - Start initialize module-target build option map, moduleName=entry, buildMode=debug
[2026-03-28T09:26:02.036] [DEBUG] debug-file - Target 'default' config initialized
[2026-03-28T09:26:02.036] [DEBUG] debug-file - Module 'entry' target 'default' build option initialized
[2026-03-28T09:26:02.036] [DEBUG] debug-file - End initialize module-target build option map, moduleName=entry
[2026-03-28T09:26:02.036] [DEBUG] debug-file - Obtain build option for module 'entry' target 'default'in this build.
[2026-03-28T09:26:02.039] [DEBUG] debug-file - Module entry task initialization takes 2 ms 
[2026-03-28T09:26:02.039] [DEBUG] debug-file - Hap plugin register hook start...
[2026-03-28T09:26:02.039] [DEBUG] debug-file - Hap plugin register hook end...
[2026-03-28T09:26:02.039] [DEBUG] debug-file - Plugin build process completed
[2026-03-28T09:26:02.039] [DEBUG] debug-file - hvigorfile, binding custom plugins []
[2026-03-28T09:26:02.039] [DEBUG] debug-file - hvigorfile, no custom plugins were found in D:\HMAPPTEST\LiubaiNovel-ReReader\entry\hvigorfile.ts
[2026-03-28T09:26:02.039] [DEBUG] debug-file - hvigorfile, resolve finished D:\HMAPPTEST\LiubaiNovel-ReReader\entry\hvigorfile.ts
[2026-03-28T09:26:02.060] [DEBUG] debug-file - hvigorfile, resolve hvigorfile dependencies in 21 ms 
[2026-03-28T09:26:02.060] [DEBUG] debug-file - project has submodules:entry
[2026-03-28T09:26:02.062] [DEBUG] debug-file - start to load updatedOhPackageInfo to the disk
[2026-03-28T09:26:02.065] [DEBUG] debug-file - load to the disk finished
[2026-03-28T09:26:02.065] [DEBUG] debug-file - Start to initialize dependency information.
[2026-03-28T09:26:02.066] [DEBUG] debug-file - Module LiubaiNovel-ReReader Collected Dependency: 
[2026-03-28T09:26:02.066] [DEBUG] debug-file - Module LiubaiNovel-ReReader's total dependency: 0
[2026-03-28T09:26:02.067] [DEBUG] debug-file - Start to initialize dependency information.
[2026-03-28T09:26:02.068] [DEBUG] debug-file - Module entry Collected Dependency: 
[2026-03-28T09:26:02.068] [DEBUG] debug-file - Module entry's total dependency: 0
[2026-03-28T09:26:02.070] [DEBUG] debug-file - Configuration phase cost:351 ms 
[2026-03-28T09:26:02.071] [DEBUG] debug-file - Configuration task cost before running: 359 ms 
[2026-03-28T09:26:02.076] [DEBUG] debug-file - Executing task :entry:default@PreBuild
[2026-03-28T09:26:02.077] [DEBUG] debug-file - Task 'entry:default@PreBuild' cost while wrapping incremental declarations: 1 ms 
[2026-03-28T09:26:02.082] [DEBUG] debug-file - Incremental task entry:default@PreBuild pre-execution cost: 4 ms .
[2026-03-28T09:26:02.082] [DEBUG] debug-file - entry : default@PreBuild cost memory 0.34590911865234375
[2026-03-28T09:26:02.084] [INFO] debug-file - UP-TO-DATE :entry:default@PreBuild...  
[2026-03-28T09:26:02.084] [DEBUG] debug-file - Executing task :entry:default@CreateModuleInfo
[2026-03-28T09:26:02.085] [DEBUG] debug-file - Task 'entry:default@CreateModuleInfo' cost while wrapping incremental declarations: 1 ms 
[2026-03-28T09:26:02.085] [DEBUG] debug-file - entry : default@CreateModuleInfo cost memory 0.04412078857421875
[2026-03-28T09:26:02.085] [DEBUG] debug-file - runTaskFromQueue task cost before running: 373 ms 
[2026-03-28T09:26:02.085] [INFO] debug-file - Finished :entry:default@CreateModuleInfo... after 1 ms 
[2026-03-28T09:26:02.088] [DEBUG] debug-file - Executing task :entry:default@GenerateMetadata
[2026-03-28T09:26:02.088] [DEBUG] debug-file - Task 'entry:default@GenerateMetadata' cost while wrapping incremental declarations: 1 ms 
[2026-03-28T09:26:02.089] [DEBUG] debug-file - entry:default@GenerateMetadata is not up-to-date, since the output file 'D:\HMAPPTEST\LiubaiNovel-ReReader\entry\build\default\intermediates\hap_metadata\default\output_metadata.json' does not exist.
[2026-03-28T09:26:02.089] [DEBUG] debug-file - Incremental task entry:default@GenerateMetadata pre-execution cost: 1 ms .
[2026-03-28T09:26:02.091] [DEBUG] debug-file - entry : default@GenerateMetadata cost memory 0.1049041748046875
[2026-03-28T09:26:02.091] [DEBUG] debug-file - runTaskFromQueue task cost before running: 379 ms 
[2026-03-28T09:26:02.091] [INFO] debug-file - Finished :entry:default@GenerateMetadata... after 3 ms 
[2026-03-28T09:26:02.093] [DEBUG] debug-file - Executing task :entry:default@ConfigureCmake
[2026-03-28T09:26:02.093] [DEBUG] debug-file - entry : default@ConfigureCmake cost memory 0.01406097412109375
[2026-03-28T09:26:02.093] [DEBUG] debug-file - runTaskFromQueue task cost before running: 381 ms 
[2026-03-28T09:26:02.093] [INFO] debug-file - Finished :entry:default@ConfigureCmake... after 1 ms 
[2026-03-28T09:26:02.094] [DEBUG] debug-file - Executing task :entry:default@MergeProfile
[2026-03-28T09:26:02.095] [DEBUG] debug-file - Task 'entry:default@MergeProfile' cost while wrapping incremental declarations: 1 ms 
[2026-03-28T09:26:02.096] [DEBUG] debug-file - entry:default@MergeProfile is not up-to-date, since the output file 'D:\HMAPPTEST\LiubaiNovel-ReReader\entry\build\default\intermediates\merge_profile\default\module.json' does not exist.
[2026-03-28T09:26:02.096] [DEBUG] debug-file - Incremental task entry:default@MergeProfile pre-execution cost: 2 ms .
[2026-03-28T09:26:02.096] [DEBUG] debug-file - Change app api release type with 'Release'
[2026-03-28T09:26:02.097] [DEBUG] debug-file - Change app compile API version with '6.0.2.130'
[2026-03-28T09:26:02.097] [DEBUG] debug-file - Change app target API version with '50004016'
[2026-03-28T09:26:02.097] [DEBUG] debug-file - Change app minimum API version with '50004016'
[2026-03-28T09:26:02.097] [DEBUG] debug-file - Use cli appEnvironment
[2026-03-28T09:26:02.100] [DEBUG] debug-file - entry : default@MergeProfile cost memory 0.2367095947265625
[2026-03-28T09:26:02.100] [DEBUG] debug-file - runTaskFromQueue task cost before running: 387 ms 
[2026-03-28T09:26:02.100] [INFO] debug-file - Finished :entry:default@MergeProfile... after 6 ms 
[2026-03-28T09:26:02.101] [DEBUG] debug-file - Executing task :entry:default@CreateBuildProfile
[2026-03-28T09:26:02.102] [DEBUG] debug-file - Task 'entry:default@CreateBuildProfile' cost while wrapping incremental declarations: 1 ms 
[2026-03-28T09:26:02.102] [DEBUG] debug-file - entry:default@CreateBuildProfile is not up-to-date, since the output file 'D:\HMAPPTEST\LiubaiNovel-ReReader\entry\build\default\generated\profile\default\BuildProfile.ets' does not exist.
[2026-03-28T09:26:02.102] [DEBUG] debug-file - Incremental task entry:default@CreateBuildProfile pre-execution cost: 1 ms .
[2026-03-28T09:26:02.103] [DEBUG] debug-file - entry : default@CreateBuildProfile cost memory 0.0985107421875
[2026-03-28T09:26:02.103] [DEBUG] debug-file - runTaskFromQueue task cost before running: 391 ms 
[2026-03-28T09:26:02.104] [INFO] debug-file - Finished :entry:default@CreateBuildProfile... after 3 ms 
[2026-03-28T09:26:02.105] [DEBUG] debug-file - Executing task :entry:default@PreCheckSyscap
[2026-03-28T09:26:02.105] [DEBUG] debug-file - entry : default@PreCheckSyscap cost memory 0.0142822265625
[2026-03-28T09:26:02.105] [DEBUG] debug-file - runTaskFromQueue task cost before running: 392 ms 
[2026-03-28T09:26:02.105] [INFO] debug-file - Finished :entry:default@PreCheckSyscap... after 1 ms 
[2026-03-28T09:26:02.106] [DEBUG] debug-file - Executing task :entry:default@GeneratePkgContextInfo
[2026-03-28T09:26:02.109] [DEBUG] debug-file - Task 'entry:default@GeneratePkgContextInfo' cost while wrapping incremental declarations: 1 ms 
[2026-03-28T09:26:02.109] [DEBUG] debug-file - entry : default@GeneratePkgContextInfo cost memory 0.21298980712890625
[2026-03-28T09:26:02.110] [DEBUG] debug-file - runTaskFromQueue task cost before running: 397 ms 
[2026-03-28T09:26:02.110] [INFO] debug-file - Finished :entry:default@GeneratePkgContextInfo... after 4 ms 
[2026-03-28T09:26:02.112] [DEBUG] debug-file - Executing task :entry:default@ProcessIntegratedHsp
[2026-03-28T09:26:02.112] [DEBUG] debug-file - entry:default@ProcessIntegratedHsp is not up-to-date, since the output file 'D:\HMAPPTEST\LiubaiNovel-ReReader\build\cache\default\integrated_hsp\integratedHspCache.json' does not exist.
[2026-03-28T09:26:02.112] [DEBUG] debug-file - Incremental task entry:default@ProcessIntegratedHsp pre-execution cost: 1 ms .
[2026-03-28T09:26:02.112] [DEBUG] debug-file - entry : default@ProcessIntegratedHsp cost memory 0.07811737060546875
[2026-03-28T09:26:02.112] [DEBUG] debug-file - runTaskFromQueue task cost before running: 400 ms 
[2026-03-28T09:26:02.112] [INFO] debug-file - Finished :entry:default@ProcessIntegratedHsp... after 1 ms 
[2026-03-28T09:26:02.113] [DEBUG] debug-file - Executing task :entry:default@BuildNativeWithCmake
[2026-03-28T09:26:02.113] [DEBUG] debug-file - entry : default@BuildNativeWithCmake cost memory 0.01407623291015625
[2026-03-28T09:26:02.114] [DEBUG] debug-file - runTaskFromQueue task cost before running: 401 ms 
[2026-03-28T09:26:02.114] [INFO] debug-file - Finished :entry:default@BuildNativeWithCmake... after 1 ms 
[2026-03-28T09:26:02.114] [DEBUG] debug-file - Executing task :entry:default@MakePackInfo
[2026-03-28T09:26:02.117] [DEBUG] debug-file - entry:default@MakePackInfo is not up-to-date, since the output file 'D:\HMAPPTEST\LiubaiNovel-ReReader\entry\build\default\outputs\default\pack.info' does not exist.
[2026-03-28T09:26:02.117] [DEBUG] debug-file - Incremental task entry:default@MakePackInfo pre-execution cost: 2 ms .
[2026-03-28T09:26:02.118] [DEBUG] debug-file - Module Pack Info:  {
  summary: {
    app: { bundleName: 'l***s', bundleType: 'app', version: [Object] },
    modules: [ [Object] ]
  },
  packages: [
    {
      deviceType: [Array],
      moduleType: 'entry',
      deliveryWithInstall: true,
      name: 'entry-default'
    }
  ]
}
[2026-03-28T09:26:02.119] [DEBUG] debug-file - entry : default@MakePackInfo cost memory 0.1993560791015625
[2026-03-28T09:26:02.119] [DEBUG] debug-file - runTaskFromQueue task cost before running: 407 ms 
[2026-03-28T09:26:02.120] [INFO] debug-file - Finished :entry:default@MakePackInfo... after 5 ms 
[2026-03-28T09:26:02.121] [DEBUG] debug-file - Executing task :entry:default@SyscapTransform
[2026-03-28T09:26:02.121] [DEBUG] debug-file - File: 'D:\HMAPPTEST\LiubaiNovel-ReReader\entry\src\main\syscap.json' from 'sysCapJsonPath' is not exists, just ignore.
[2026-03-28T09:26:02.121] [DEBUG] debug-file - Task 'entry:default@SyscapTransform' cost while wrapping incremental declarations: 1 ms 
[2026-03-28T09:26:02.122] [DEBUG] debug-file - entry:default@SyscapTransform is not up-to-date, since the output file 'D:\HMAPPTEST\LiubaiNovel-ReReader\entry\build\default\intermediates\syscap\default\rpcid.sc' does not exist.
[2026-03-28T09:26:02.122] [DEBUG] debug-file - Incremental task entry:default@SyscapTransform pre-execution cost: 2 ms .
[2026-03-28T09:26:02.122] [DEBUG] debug-file - entry : default@SyscapTransform cost memory 0.156005859375
[2026-03-28T09:26:02.123] [DEBUG] debug-file - runTaskFromQueue task cost before running: 410 ms 
[2026-03-28T09:26:02.123] [INFO] debug-file - Finished :entry:default@SyscapTransform... after 3 ms 
[2026-03-28T09:26:02.124] [DEBUG] debug-file - Executing task :entry:default@ProcessProfile
[2026-03-28T09:26:02.125] [DEBUG] debug-file - Task 'entry:default@ProcessProfile' cost while wrapping incremental declarations: 1 ms 
[2026-03-28T09:26:02.125] [DEBUG] debug-file - entry:default@ProcessProfile is not up-to-date, since the input file 'D:\HMAPPTEST\LiubaiNovel-ReReader\entry\build\default\intermediates\merge_profile\default\module.json' has been changed.
[2026-03-28T09:26:02.125] [DEBUG] debug-file - Incremental task entry:default@ProcessProfile pre-execution cost: 1 ms .
[2026-03-28T09:26:02.127] [DEBUG] debug-file - [
  'D:\\Program Files\\Huawei\\DevEco Studio\\tools\\node\\node.exe',
  'D:\\Program Files\\Huawei\\DevEco Studio\\sdk\\default\\openharmony\\ets\\build-tools\\ets-loader\\bin\\ark\\ts2abc.js',
  '--target-api-version',
  '16'
]
[2026-03-28T09:26:02.636] [DEBUG] debug-file - 12.0.6.0
[2026-03-28T09:26:02.637] [DEBUG] debug-file - No need to add fake ui ability because of not in preview process.
[2026-03-28T09:26:02.638] [DEBUG] debug-file - entry : default@ProcessProfile cost memory 0.41412353515625
[2026-03-28T09:26:02.638] [DEBUG] debug-file - runTaskFromQueue task cost before running: 926 ms 
[2026-03-28T09:26:02.639] [INFO] debug-file - Finished :entry:default@ProcessProfile... after 515 ms 
[2026-03-28T09:26:02.640] [DEBUG] debug-file - Executing task :entry:default@ProcessRouterMap
[2026-03-28T09:26:02.641] [DEBUG] debug-file - entry:default@ProcessRouterMap is not up-to-date, since the output file 'D:\HMAPPTEST\LiubaiNovel-ReReader\entry\build\default\intermediates\router_map\default\temp-router-map.json' does not exist.
[2026-03-28T09:26:02.641] [DEBUG] debug-file - Incremental task entry:default@ProcessRouterMap pre-execution cost: 1 ms .
[2026-03-28T09:26:02.643] [DEBUG] debug-file - entry : default@ProcessRouterMap cost memory 0.1392059326171875
[2026-03-28T09:26:02.643] [DEBUG] debug-file - runTaskFromQueue task cost before running: 930 ms 
[2026-03-28T09:26:02.643] [INFO] debug-file - Finished :entry:default@ProcessRouterMap... after 4 ms 
[2026-03-28T09:26:02.644] [DEBUG] debug-file - Executing task :entry:default@ProcessShareConfig
[2026-03-28T09:26:02.646] [DEBUG] debug-file - entry:default@ProcessShareConfig is not up-to-date, since the output file 'D:\HMAPPTEST\LiubaiNovel-ReReader\entry\build\default\intermediates\share_config\default\temp-share-config.json' does not exist.
[2026-03-28T09:26:02.646] [DEBUG] debug-file - Incremental task entry:default@ProcessShareConfig pre-execution cost: 1 ms .
[2026-03-28T09:26:02.647] [DEBUG] debug-file - entry : default@ProcessShareConfig cost memory 0.1237640380859375
[2026-03-28T09:26:02.647] [DEBUG] debug-file - runTaskFromQueue task cost before running: 935 ms 
[2026-03-28T09:26:02.648] [INFO] debug-file - Finished :entry:default@ProcessShareConfig... after 3 ms 
[2026-03-28T09:26:02.648] [DEBUG] debug-file - Executing task :entry:default@ProcessStartupConfig
[2026-03-28T09:26:02.649] [DEBUG] debug-file - Task 'entry:default@ProcessStartupConfig' cost while wrapping incremental declarations: 1 ms 
[2026-03-28T09:26:02.650] [DEBUG] debug-file - entry:default@ProcessStartupConfig is not up-to-date, since the output file 'D:\HMAPPTEST\LiubaiNovel-ReReader\entry\build\default\intermediates\startup\default\startup_config.json' does not exist.
[2026-03-28T09:26:02.650] [DEBUG] debug-file - Incremental task entry:default@ProcessStartupConfig pre-execution cost: 1 ms .
[2026-03-28T09:26:02.650] [DEBUG] debug-file - entry : default@ProcessStartupConfig cost memory 0.09952545166015625
[2026-03-28T09:26:02.651] [DEBUG] debug-file - runTaskFromQueue task cost before running: 938 ms 
[2026-03-28T09:26:02.651] [INFO] debug-file - Finished :entry:default@ProcessStartupConfig... after 3 ms 
[2026-03-28T09:26:02.653] [DEBUG] debug-file - Executing task :entry:default@BuildNativeWithNinja
[2026-03-28T09:26:02.653] [DEBUG] debug-file - entry : default@BuildNativeWithNinja cost memory 0.02581787109375
[2026-03-28T09:26:02.653] [DEBUG] debug-file - runTaskFromQueue task cost before running: 941 ms 
[2026-03-28T09:26:02.654] [INFO] debug-file - Finished :entry:default@BuildNativeWithNinja... after 1 ms 
[2026-03-28T09:26:02.655] [DEBUG] debug-file - restool module names: entry; moduleName=entry, taskName=default@ProcessResource
[2026-03-28T09:26:02.656] [DEBUG] debug-file - Executing task :entry:default@ProcessResource
[2026-03-28T09:26:02.656] [DEBUG] debug-file - Task 'entry:default@ProcessResource' cost while wrapping incremental declarations: 1 ms 
[2026-03-28T09:26:02.657] [DEBUG] debug-file - entry:default@ProcessResource is not up-to-date, since the output file 'D:\HMAPPTEST\LiubaiNovel-ReReader\entry\build\default\intermediates\res\default\resConfig.json' does not exist.
[2026-03-28T09:26:02.657] [DEBUG] debug-file - Incremental task entry:default@ProcessResource pre-execution cost: 1 ms .
[2026-03-28T09:26:02.658] [DEBUG] debug-file - entry : default@ProcessResource cost memory 0.13758087158203125
[2026-03-28T09:26:02.659] [DEBUG] debug-file - runTaskFromQueue task cost before running: 946 ms 
[2026-03-28T09:26:02.659] [INFO] debug-file - Finished :entry:default@ProcessResource... after 3 ms 
[2026-03-28T09:26:02.661] [DEBUG] debug-file - Executing task :entry:default@GenerateLoaderJson
[2026-03-28T09:26:02.661] [DEBUG] debug-file - Task 'entry:default@GenerateLoaderJson' cost while wrapping incremental declarations: 1 ms 
[2026-03-28T09:26:02.666] [DEBUG] debug-file - entry:default@GenerateLoaderJson is not up-to-date, since the input file 'D:\HMAPPTEST\LiubaiNovel-ReReader\entry\build\default\intermediates\router_map\default\temp-router-map.json' has been changed.
[2026-03-28T09:26:02.666] [DEBUG] debug-file - Incremental task entry:default@GenerateLoaderJson pre-execution cost: 3 ms .
[2026-03-28T09:26:02.671] [DEBUG] debug-file - entry : default@GenerateLoaderJson cost memory 0.551361083984375
[2026-03-28T09:26:02.672] [DEBUG] debug-file - runTaskFromQueue task cost before running: 960 ms 
[2026-03-28T09:26:02.674] [INFO] debug-file - Finished :entry:default@GenerateLoaderJson... after 12 ms 
[2026-03-28T09:26:02.675] [DEBUG] debug-file - Executing task :entry:default@ProcessLibs
[2026-03-28T09:26:02.677] [DEBUG] debug-file - entry:default@ProcessLibs is not up-to-date, since the output file 'D:\HMAPPTEST\LiubaiNovel-ReReader\entry\build\default\intermediates\libs\default' does not exist.
[2026-03-28T09:26:02.677] [DEBUG] debug-file - Incremental task entry:default@ProcessLibs pre-execution cost: 1 ms .
[2026-03-28T09:26:02.679] [DEBUG] debug-file - Worker dispatch failed, running processLibs on main thread.
[2026-03-28T09:26:02.680] [DEBUG] debug-file - entry : default@ProcessLibs cost memory 0.35196685791015625
[2026-03-28T09:26:02.680] [DEBUG] debug-file - runTaskFromQueue task cost before running: 968 ms 
[2026-03-28T09:26:02.681] [INFO] debug-file - Finished :entry:default@ProcessLibs... after 5 ms 
[2026-03-28T09:26:02.682] [DEBUG] debug-file - restool module names: entry; moduleName=entry, taskName=default@CompileResource
[2026-03-28T09:26:02.682] [DEBUG] debug-file - Executing task :entry:default@CompileResource
[2026-03-28T09:26:02.692] [DEBUG] debug-file - entry:default@CompileResource is not up-to-date, since the input file 'D:\HMAPPTEST\LiubaiNovel-ReReader\entry\build\default\intermediates\process_profile\default\module.json' has been changed.
[2026-03-28T09:26:02.692] [DEBUG] debug-file - Incremental task entry:default@CompileResource pre-execution cost: 8 ms .
[2026-03-28T09:26:02.697] [DEBUG] debug-file - Use tool [D:\Program Files\Huawei\DevEco Studio\sdk\default\openharmony\toolchains\restool.exe]
 [
  'D:\\Program Files\\Huawei\\DevEco Studio\\sdk\\default\\openharmony\\toolchains\\restool.exe',
  '-l',
  'D:\\HMAPPTEST\\LiubaiNovel-ReReader\\entry\\build\\default\\intermediates\\res\\default\\resConfig.json'
]
[2026-03-28T09:26:02.698] [DEBUG] debug-file - current process  memoryUsage: {
  rss: 147079168,
  heapTotal: 159375360,
  heapUsed: 120345000,
  external: 3154241,
  arrayBuffers: 163785
} os memoryUsage :16.012283325195312
[2026-03-28T09:26:06.953] [DEBUG] debug-file - Info: Pack: normal pack mode

[2026-03-28T09:26:07.006] [DEBUG] debug-file - Info: hardware concurrency count is : 16
Info: thread count is : 16

[2026-03-28T09:26:07.006] [DEBUG] debug-file - Info: thread pool is started

[2026-03-28T09:26:07.007] [DEBUG] debug-file - Info: GenericCompiler::CompileFiles

[2026-03-28T09:26:07.016] [DEBUG] debug-file - Info: GenericCompiler::CompileFiles

[2026-03-28T09:26:07.017] [DEBUG] debug-file - Warning: 'D:\HMAPPTEST\LiubaiNovel-ReReader\entry\src\main\resources\base\media\background.png' is defined repeatedly.

[2026-03-28T09:26:07.027] [DEBUG] debug-file - Warning: 'D:\HMAPPTEST\LiubaiNovel-ReReader\entry\src\main\resources\base\media\foreground.png' is defined repeatedly.

[2026-03-28T09:26:07.031] [DEBUG] debug-file - Warning: 'D:\HMAPPTEST\LiubaiNovel-ReReader\entry\src\main\resources\base\media\layered_image.json' is defined repeatedly.

[2026-03-28T09:26:07.043] [DEBUG] debug-file - Info: GenericCompiler::CompileFiles

[2026-03-28T09:26:07.048] [DEBUG] debug-file - 03-28 09:26:07.048 1941368 1943376 E C01400/ImageTranscoderUtils: DecodeToRGBA IN
03-28 09:26:07.048 1941368 1943376 E C01400/ImageTranscoderUtils: ImageFilter IN D:\HMAPPTEST\LiubaiNovel-ReReader\AppScope\resources\base\media\background.png

[2026-03-28T09:26:07.125] [DEBUG] debug-file - 03-28 09:26:07.125 1941368 1943376 E C01400/ImageTranscoderUtils: DecodeToRGBA IN
03-28 09:26:07.125 1941368 1943376 E C01400/ImageTranscoderUtils: ImageFilter IN D:\HMAPPTEST\LiubaiNovel-ReReader\AppScope\resources\base\media\foreground.png

[2026-03-28T09:26:07.174] [DEBUG] debug-file - Info: can't scale media json file.

[2026-03-28T09:26:07.174] [DEBUG] debug-file - Warning: The width or height of the png file referenced by the icon exceeds the limit (41 pixels)
at D:\HMAPPTEST\LiubaiNovel-ReReader\AppScope\resources\base\media\background.png
Warning: The width or height of the png file referenced by the icon exceeds the limit (41 pixels)
at D:\HMAPPTEST\LiubaiNovel-ReReader\AppScope\resources\base\media\foreground.png
Warning: D:\HMAPPTEST\LiubaiNovel-ReReader\AppScope\resources\base\media\layered_image.json is not png format

[2026-03-28T09:26:07.176] [DEBUG] debug-file - Info: restool resources compile success.

[2026-03-28T09:26:07.176] [DEBUG] debug-file - Info: thread pool is stopped

[2026-03-28T09:26:07.271] [DEBUG] debug-file - entry : default@CompileResource cost memory -12.114707946777344
[2026-03-28T09:26:07.271] [DEBUG] debug-file - runTaskFromQueue task cost before running: 5 s 559 ms 
[2026-03-28T09:26:07.272] [INFO] debug-file - Finished :entry:default@CompileResource... after 4 s 589 ms 
[2026-03-28T09:26:07.273] [DEBUG] debug-file - Executing task :entry:default@DoNativeStrip
[2026-03-28T09:26:07.273] [DEBUG] debug-file - Task 'entry:default@DoNativeStrip' cost while wrapping incremental declarations: 1 ms 
[2026-03-28T09:26:07.273] [DEBUG] debug-file - entry:default@DoNativeStrip is not up-to-date, since the output file 'D:\HMAPPTEST\LiubaiNovel-ReReader\entry\build\default\intermediates\stripped_native_libs\default' does not exist.
[2026-03-28T09:26:07.273] [DEBUG] debug-file - Incremental task entry:default@DoNativeStrip pre-execution cost: 1 ms .
[2026-03-28T09:26:07.275] [DEBUG] debug-file - entry : default@DoNativeStrip cost memory 0.09551239013671875
[2026-03-28T09:26:07.275] [DEBUG] debug-file - runTaskFromQueue task cost before running: 5 s 563 ms 
[2026-03-28T09:26:07.275] [INFO] debug-file - Finished :entry:default@DoNativeStrip... after 3 ms 
[2026-03-28T09:26:07.276] [DEBUG] debug-file - Executing task :entry:default@CompileArkTS
[2026-03-28T09:26:07.276] [DEBUG] debug-file - obfuscationOptions: undefined
[2026-03-28T09:26:07.277] [DEBUG] debug-file - Task 'entry:default@CompileArkTS' cost while wrapping incremental declarations: 1 ms 
[2026-03-28T09:26:07.280] [DEBUG] debug-file - entry:default@CompileArkTS is not up-to-date, since the input file 'D:\HMAPPTEST\LiubaiNovel-ReReader\entry\build\default\intermediates\loader\default' has been changed.
[2026-03-28T09:26:07.280] [DEBUG] debug-file - Incremental task entry:default@CompileArkTS pre-execution cost: 2 ms .
[2026-03-28T09:26:07.286] [DEBUG] debug-file - build config:
[2026-03-28T09:26:07.286] [DEBUG] debug-file - {
  moduleType: 'entry',
  perf: 0,
  targetName: '.default',
  packageManagerType: 'ohpm',
  localPropertiesPath: 'D:\\HMAPPTEST\\LiubaiNovel-ReReader\\local.properties',
  isPreview: false,
  isOhosTest: false,
  isLocalTest: false,
  buildMode: 'Debug',
  hotReloadBuild: undefined,
  watchMode: 'false',
  aceProfilePath: 'D:\\HMAPPTEST\\LiubaiNovel-ReReader\\entry\\build\\default\\intermediates\\res\\default\\resources\\base\\profile',
  etsLoaderPath: 'D:\\Program Files\\Huawei\\DevEco Studio\\sdk\\default\\openharmony\\ets\\build-tools\\ets-loader',
  modulePath: 'D:\\HMAPPTEST\\LiubaiNovel-ReReader\\entry',
  testFrameworkPar: {
    testMode: undefined,
    coveragePathFilter: undefined,
    coverageMode: undefined
  },
  needCoverageInsert: false,
  debugLine: false,
  projectTopDir: 'D:\\HMAPPTEST\\LiubaiNovel-ReReader',
  compileSdkVersion: 22,
  compatibleSdkVersion: 16,
  originCompatibleSdkVersion: '5.0.4(16)',
  compatibleSdkVersionStage: undefined,
  bundleName: 'l***s',
  etsLoaderVersion: '6.0.2.130',
  etsLoaderReleaseType: 'Release',
  aotCompileMode: 'type',
  apPath: 'D:\\HMAPPTEST\\LiubaiNovel-ReReader\\entry\\modules.ap',
  entryModuleName: 'entry',
  entryModuleVersion: '1.0.0',
  entryPackageName: 'entry',
  allModuleNameHash: 'a11a1993f991714b0f6cbd939f95a832900df08bf6034ee64e8c9c7fd5263465',
  externalApiPaths: [
    'D:\\Program Files\\Huawei\\DevEco Studio\\sdk\\default\\hms\\ets'
  ],
  compilerTypes: [],
  isCrossplatform: false,
  hvigorPluginFile: undefined,
  compilePluginPath: undefined,
  buildGeneratedProfilePath: 'D:\\HMAPPTEST\\LiubaiNovel-ReReader\\entry\\build\\default\\generated\\profile\\default',
  bundleType: 'app',
  arkTSVersion: undefined,
  apiVersion: 22,
  needCompleteSourcesMap: false,
  isFaMode: false,
  buildDir: 'D:\\HMAPPTEST\\LiubaiNovel-ReReader\\entry\\build',
  deviceTypes: [ 'phone', 'tablet', '2in1' ],
  pkgContextInfo: undefined,
  ohPackagePathMap: {},
  dependencyAliasMap: {},
  permission: {
    requestPermissions: [ [Object], [Object], [Object], [Object], [Object] ],
    definePermissions: undefined
  },
  useGetCurrentBundleName: false,
  projectArkOption: undefined,
  sourceMapDir: undefined,
  branchElimination: false,
  transformLib: undefined,
  tsImportSendable: false,
  resolveConflictMode: true,
  depName2RootPath: {},
  depName2DepInfo: {},
  rootPathSet: [ 'D:\\HMAPPTEST\\LiubaiNovel-ReReader' ],
  useNativeResolver: true,
  shouldEmitJs: true,
  useTscResolve: false,
  singleFileEmit: false,
  userProjectConfig: {
    autoLazyImport: false,
    allowEmptyBundleName: false,
    reExportCheckMode: 'noCheck',
    executionMode: 'memory',
    usePathPlaceholder: false,
    writeRollupCache: true,
    isExpandImportEnabled: false,
    expandImportExclude: '',
    lazyImportExclude: '',
    lazyImportInclude: '',
    ignoreCrossplatformCheck: false,
    isHarDeduplicateEnabled: false,
    skipOhModulesLint: false,
    enableStrictCheckOHModule: false,
    disableSendableCheckRules: [],
    useDeclarationFileSignature: false,
    customizedOptions: undefined,
    integratedHsp: false,
    isPreloadSoEnabled: false
  },
  executionMode: 'memory',
  arkCompileCachePath: 'D:\\HMAPPTEST\\LiubaiNovel-ReReader\\entry\\build\\default\\cache\\default\\default@CompileArkTS\\esmodule',
  autoLazyFilter: undefined,
  isHarDeduplicateEnabled: false,
  intermediateHarDuplicateDirPath: 'D:\\HMAPPTEST\\LiubaiNovel-ReReader\\entry\\build\\default\\intermediates\\har_duplicate\\default',
  autoLazyImport: false,
  allowEmptyBundleName: false,
  reExportCheckMode: 'noCheck',
  usePathPlaceholder: false,
  writeRollupCache: true,
  isExpandImportEnabled: false,
  expandImportExclude: '',
  lazyImportExclude: '',
  lazyImportInclude: '',
  ignoreCrossplatformCheck: false,
  skipOhModulesLint: false,
  enableStrictCheckOHModule: false,
  disableSendableCheckRules: [],
  useDeclarationFileSignature: false,
  customizedOptions: undefined,
  integratedHsp: false,
  isPreloadSoEnabled: false,
  strictMode: undefined,
  useNormalizedOHMUrl: false,
  caseSensitiveCheck: false,
  aceModuleJsonPath: 'D:\\HMAPPTEST\\LiubaiNovel-ReReader\\entry\\build\\default\\intermediates\\res\\default\\ark_module.json',
  appResource: 'D:\\HMAPPTEST\\LiubaiNovel-ReReader\\entry\\build\\default\\intermediates\\res\\default\\ResourceTable.txt',
  rawFileResource: 'D:\\HMAPPTEST\\LiubaiNovel-ReReader\\entry\\build\\default\\intermediates\\res\\default\\resources\\rawfile',
  resourceTableHash: 'e96af14888fd3dfa95c7e44cb08959be069ee2f68010bf67dcbfa9c950f41361',
  runtimeOS: 'HarmonyOS',
  sdkInfo: 'false:22:6.0.2.130:Release',
  aceModuleRoot: 'D:\\HMAPPTEST\\LiubaiNovel-ReReader\\entry\\src\\main\\ets',
  compileMode: 'esmodule',
  aceSuperVisualPath: 'D:\\HMAPPTEST\\LiubaiNovel-ReReader\\entry\\src\\main\\supervisual',
  aceBuildJson: 'D:\\HMAPPTEST\\LiubaiNovel-ReReader\\entry\\build\\default\\intermediates\\loader\\default\\loader.json',
  cachePath: 'D:\\HMAPPTEST\\LiubaiNovel-ReReader\\entry\\build\\default\\cache\\default\\default@CompileArkTS\\esmodule\\debug',
  aceModuleBuild: 'D:\\HMAPPTEST\\LiubaiNovel-ReReader\\entry\\build\\default\\intermediates\\loader_out\\default\\ets',
  supportChunks: true,
  declaredFilesPath: undefined,
  shouldCollectDirectImportees: false,
  isByteCodeHarOptimize: false,
  expandImportPath: undefined,
  pkgNameToPkgBriefInfo: {
    entry: {
      pkgRoot: 'D:\\HMAPPTEST\\LiubaiNovel-ReReader\\entry',
      originalSourceRoots: undefined,
      sourceRoots: [Array],
      pkgName: 'entry'
    }
  },
  projectModel: {
    'D:\\HMAPPTEST\\LiubaiNovel-ReReader\\entry\\src\\main': {
      moduleName: 'entry',
      modulePkgPath: 'D:\\HMAPPTEST\\LiubaiNovel-ReReader\\entry',
      belongProjectPath: 'D:\\HMAPPTEST\\LiubaiNovel-ReReader'
    },
    'D:\\HMAPPTEST\\LiubaiNovel-ReReader\\entry': {
      moduleName: 'entry',
      modulePkgPath: 'D:\\HMAPPTEST\\LiubaiNovel-ReReader\\entry',
      belongProjectPath: 'D:\\HMAPPTEST\\LiubaiNovel-ReReader'
    },
    'D:\\HMAPPTEST\\LiubaiNovel-ReReader': {
      moduleName: 'LiubaiNovel-ReReader',
      modulePkgPath: 'D:\\HMAPPTEST\\LiubaiNovel-ReReader',
      belongProjectPath: 'D:\\HMAPPTEST\\LiubaiNovel-ReReader'
    }
  },
  pkgJsonFileHash: 'a6de197493e91058a2f95b29b195d09566b5469c816481caefb54d012cea0cdb',
  allModulePaths: [ 'D:\\HMAPPTEST\\LiubaiNovel-ReReader\\entry' ],
  routerMap: {},
  obfuscationOptions: undefined,
  byteCodeHarToDependencyKeys: undefined,
  compileBlockPkg: [],
  mockParams: {
    decorator: '@MockSetup',
    packageName: '@ohos/hamock',
    etsSourceRootPath: 'src/main/ets',
    mockConfigPath: undefined,
    mockConfigKey2ModuleInfo: {},
    source2ModuleIdMap: {}
  },
  copyCodeResourceEnable: true,
  copyCodeResourceExcludes: [],
  copyCodeResourceIncludes: undefined,
  uiTransformOptimization: false,
  sdkPath: 'D:/Program Files/Huawei/DevEco Studio/sdk',
  needPreloadSoFileSet: {},
  preloadSoFilePath: 'D:\\HMAPPTEST\\LiubaiNovel-ReReader\\entry\\build\\default\\intermediates\\preload\\default\\preload.json',
  useSourceHash: false,
  localModuleParamMap: {},
  otherPaths: {
    'entry/*': [
      '..\\*',
      '..\\..\\..\\build\\default\\generated\\profile\\default\\*'
    ]
  },
  collectImportersConfig: undefined
}
[2026-03-28T09:26:07.286] [DEBUG] debug-file - Compile arkts with external api path: D:\Program Files\Huawei\DevEco Studio\sdk\default\hms\ets
[2026-03-28T09:26:07.287] [DEBUG] debug-file - default@CompileArkTS work[11] is submitted.
[2026-03-28T09:26:07.287] [DEBUG] debug-file - default@CompileArkTS work[11] is pushed to ready queue.
[2026-03-28T09:26:07.288] [DEBUG] debug-file - A work dispatched to worker[15] failed because unable to get work from ready queue.
[2026-03-28T09:26:07.288] [DEBUG] debug-file - A work dispatched to worker[14] failed because unable to get work from ready queue.
[2026-03-28T09:26:07.288] [DEBUG] debug-file - A work dispatched to worker[13] failed because unable to get work from ready queue.
[2026-03-28T09:26:07.288] [DEBUG] debug-file - A work dispatched to worker[12] failed because unable to get work from ready queue.
[2026-03-28T09:26:07.288] [DEBUG] debug-file - A work dispatched to worker[11] failed because unable to get work from ready queue.
[2026-03-28T09:26:07.288] [DEBUG] debug-file - A work dispatched to worker[10] failed because unable to get work from ready queue.
[2026-03-28T09:26:07.288] [DEBUG] debug-file - A work dispatched to worker[9] failed because unable to get work from ready queue.
[2026-03-28T09:26:07.288] [DEBUG] debug-file - A work dispatched to worker[8] failed because unable to get work from ready queue.
[2026-03-28T09:26:07.288] [DEBUG] debug-file - A work dispatched to worker[7] failed because unable to get work from ready queue.
[2026-03-28T09:26:07.288] [DEBUG] debug-file - A work dispatched to worker[6] failed because unable to get work from ready queue.
[2026-03-28T09:26:07.288] [DEBUG] debug-file - A work dispatched to worker[5] failed because unable to get work from ready queue.
[2026-03-28T09:26:07.288] [DEBUG] debug-file - Create  resident worker with id: 4.
[2026-03-28T09:26:07.289] [DEBUG] debug-file - default@CompileArkTS work[11] has been dispatched to worker[4].
[2026-03-28T09:26:07.289] [DEBUG] debug-file - default@CompileArkTS work[11] is dispatched.
[2026-03-28T09:26:07.289] [DEBUG] debug-file - CopyResources startTime: 1694044443129400
[2026-03-28T09:26:07.289] [DEBUG] debug-file - default@CompileArkTS work[12] is submitted.
[2026-03-28T09:26:07.290] [DEBUG] debug-file - default@CompileArkTS work[12] is pushed to ready queue.
[2026-03-28T09:26:07.290] [DEBUG] debug-file - A work dispatched to worker[15] failed because unable to get work from ready queue.
[2026-03-28T09:26:07.290] [DEBUG] debug-file - Create  resident worker with id: 14.
[2026-03-28T09:26:07.290] [DEBUG] debug-file - default@CompileArkTS work[12] has been dispatched to worker[14].
[2026-03-28T09:26:07.291] [DEBUG] debug-file - default@CompileArkTS work[12] is dispatched.
[2026-03-28T09:26:07.291] [DEBUG] debug-file - entry : default@CompileArkTS cost memory 1.3404159545898438
[2026-03-28T09:26:07.292] [DEBUG] debug-file - Executing task :entry:default@BuildJS
[2026-03-28T09:26:07.292] [DEBUG] debug-file - Task 'entry:default@BuildJS' cost while wrapping incremental declarations: 1 ms 
[2026-03-28T09:26:07.294] [DEBUG] debug-file - entry : default@BuildJS cost memory 0.140594482421875
[2026-03-28T09:26:07.294] [DEBUG] debug-file - runTaskFromQueue task cost before running: 5 s 581 ms 
[2026-03-28T09:26:07.294] [INFO] debug-file - Finished :entry:default@BuildJS... after 2 ms 
[2026-03-28T09:26:07.295] [DEBUG] debug-file - Executing task :entry:default@CacheNativeLibs
[2026-03-28T09:26:07.295] [DEBUG] debug-file - Task 'entry:default@CacheNativeLibs' cost while wrapping incremental declarations: 1 ms 
[2026-03-28T09:26:07.296] [DEBUG] debug-file - entry:default@CacheNativeLibs is not up-to-date, since the output file 'D:\HMAPPTEST\LiubaiNovel-ReReader\entry\build\default\intermediates\patch\default\base_native_libs.json' does not exist.
[2026-03-28T09:26:07.296] [DEBUG] debug-file - Incremental task entry:default@CacheNativeLibs pre-execution cost: 1 ms .
[2026-03-28T09:26:07.296] [DEBUG] debug-file - default@CacheNativeLibs work[13] is submitted.
[2026-03-28T09:26:07.296] [DEBUG] debug-file - default@CacheNativeLibs work[13] is pushed to ready queue.
[2026-03-28T09:26:07.296] [DEBUG] debug-file - A work dispatched to worker[15] failed because unable to get work from ready queue.
[2026-03-28T09:26:07.296] [DEBUG] debug-file - A work dispatched to worker[14] failed because of worker busy.
[2026-03-28T09:26:07.296] [DEBUG] debug-file - Create  resident worker with id: 13.
[2026-03-28T09:26:07.297] [DEBUG] debug-file - default@CacheNativeLibs work[13] has been dispatched to worker[13].
[2026-03-28T09:26:07.297] [DEBUG] debug-file - default@CacheNativeLibs work[13] is dispatched.
[2026-03-28T09:26:07.297] [DEBUG] debug-file - entry : default@CacheNativeLibs cost memory 0.19782257080078125
[2026-03-28T09:26:16.161] [DEBUG] debug-file - worker[13] has one work done.
[2026-03-28T09:26:16.162] [DEBUG] debug-file - default@CacheNativeLibs work[13] done.
[2026-03-28T09:26:16.162] [DEBUG] debug-file - A work dispatched to worker[13] failed because unable to get work from ready queue.
[2026-03-28T09:26:16.162] [INFO] debug-file - Finished :entry:default@CacheNativeLibs... after 10 ms 
[2026-03-28T09:26:16.236] [DEBUG] debug-file - worker[14] has one work done.
[2026-03-28T09:26:16.236] [DEBUG] debug-file - CopyResources is end, endTime: 1694053389542900
[2026-03-28T09:26:16.236] [DEBUG] debug-file - default@CompileArkTS work[12] done.
[2026-03-28T09:26:16.236] [DEBUG] debug-file - A work dispatched to worker[14] failed because unable to get work from ready queue.
[2026-03-28T09:26:40.395] [WARN] debug-file - [33mWARN: [33m[33mArkTS:WARN File: D:/HMAPPTEST/LiubaiNovel-ReReader/entry/src/main/ets/entryability/WindowAbility.ets:60:28
 Function may throw exceptions. Special handling is required.
[39m[39m
[33mWARN: [33m[33mArkTS:WARN File: D:/HMAPPTEST/LiubaiNovel-ReReader/entry/src/main/ets/entryability/WindowAbility.ets:62:42
 Function may throw exceptions. Special handling is required.
[39m[39m
[33mWARN: [33m[33mArkTS:WARN File: D:/HMAPPTEST/LiubaiNovel-ReReader/entry/src/main/ets/entryability/WindowAbility.ets:63:39
 Function may throw exceptions. Special handling is required.
[39m[39m
[33mWARN: [33m[33mArkTS:WARN File: D:/HMAPPTEST/LiubaiNovel-ReReader/entry/src/main/ets/entryability/WindowAbility.ets:113:5
 Function may throw exceptions. Special handling is required.
[39m[39m
[33mWARN: [33m[33mArkTS:WARN File: D:/HMAPPTEST/LiubaiNovel-ReReader/entry/src/main/ets/entryability/WindowAbility.ets:127:5
 Function may throw exceptions. Special handling is required.
[39m[39m
[33mWARN: [33m[33mArkTS:WARN File: D:/HMAPPTEST/LiubaiNovel-ReReader/entry/src/main/ets/entryability/WindowAbility.ets:140:35
 Function may throw exceptions. Special handling is required.
[39m[39m
[33mWARN: [33m[33mArkTS:WARN File: D:/HMAPPTEST/LiubaiNovel-ReReader/entry/src/main/ets/entryability/WindowAbility.ets:151:5
 Function may throw exceptions. Special handling is required.
[39m[39m
[33mWARN: [33m[33mArkTS:WARN File: D:/HMAPPTEST/LiubaiNovel-ReReader/entry/src/main/ets/utils/FileUtils.ets:43:12
 Function may throw exceptions. Special handling is required.
[39m[39m
[33mWARN: [33m[33mArkTS:WARN File: D:/HMAPPTEST/LiubaiNovel-ReReader/entry/src/main/ets/utils/FileUtils.ets:158:7
 Function may throw exceptions. Special handling is required.
[39m[39m
[33mWARN: [33m[33mArkTS:WARN File: D:/HMAPPTEST/LiubaiNovel-ReReader/entry/src/main/ets/common/LocalBookImporter.ets:87:7
 Function may throw exceptions. Special handling is required.
[39m[39m
[33mWARN: [33m[33mArkTS:WARN File: D:/HMAPPTEST/LiubaiNovel-ReReader/entry/src/main/ets/pages/Index.ets:876:12
 'pushUrl' has been deprecated.
[39m[39m
[33mWARN: [33m[33mArkTS:WARN File: D:/HMAPPTEST/LiubaiNovel-ReReader/entry/src/main/ets/pages/Index.ets:896:7
 Function may throw exceptions. Special handling is required.
[39m[39m
[33mWARN: [33m[33mArkTS:WARN File: D:/HMAPPTEST/LiubaiNovel-ReReader/entry/src/main/ets/pages/Index.ets:910:14
 'pushUrl' has been deprecated.
[39m[39m
[33mWARN: [33m[33mArkTS:WARN File: D:/HMAPPTEST/LiubaiNovel-ReReader/entry/src/main/ets/pages/Index.ets:927:7
 Function may throw exceptions. Special handling is required.
[39m[39m
[33mWARN: [33m[33mArkTS:WARN File: D:/HMAPPTEST/LiubaiNovel-ReReader/entry/src/main/ets/pages/Index.ets:952:12
 'pushUrl' has been deprecated.
[39m[39m
[33mWARN: [33m[33mArkTS:WARN File: D:/HMAPPTEST/LiubaiNovel-ReReader/entry/src/main/ets/pages/Index.ets:973:5
 Function may throw exceptions. Special handling is required.
[39m[39m
[33mWARN: [33m[33mArkTS:WARN File: D:/HMAPPTEST/LiubaiNovel-ReReader/entry/src/main/ets/pages/Index.ets:988:7
 Function may throw exceptions. Special handling is required.
[39m[39m
[33mWARN: [33m[33mArkTS:WARN File: D:/HMAPPTEST/LiubaiNovel-ReReader/entry/src/main/ets/pages/Index.ets:1007:7
 Function may throw exceptions. Special handling is required.
[39m[39m
[33mWARN: [33m[33mArkTS:WARN File: D:/HMAPPTEST/LiubaiNovel-ReReader/entry/src/main/ets/pages/Index.ets:1036:7
 Function may throw exceptions. Special handling is required.
[39m[39m
[33mWARN: [33m[33mArkTS:WARN File: D:/HMAPPTEST/LiubaiNovel-ReReader/entry/src/main/ets/pages/Index.ets:1116:7
 Function may throw exceptions. Special handling is required.
[39m[39m
[33mWARN: [33m[33mArkTS:WARN File: D:/HMAPPTEST/LiubaiNovel-ReReader/entry/src/main/ets/pages/RecommendPage.ets:47:23
 'getContext' has been deprecated.
[39m[39m
[33mWARN: [33m[33mArkTS:WARN File: D:/HMAPPTEST/LiubaiNovel-ReReader/entry/src/main/ets/pages/RecommendPage.ets:214:23
 'getContext' has been deprecated.
[39m[39m
[33mWARN: [33m[33mArkTS:WARN File: D:/HMAPPTEST/LiubaiNovel-ReReader/entry/src/main/ets/pages/RecommendPage.ets:234:23
 'getContext' has been deprecated.
[39m[39m
[33mWARN: [33m[33mArkTS:WARN File: D:/HMAPPTEST/LiubaiNovel-ReReader/entry/src/main/ets/pages/Mine.ets:44:21
 'getContext' has been deprecated.
[39m[39m
[33mWARN: [33m[33mArkTS:WARN File: D:/HMAPPTEST/LiubaiNovel-ReReader/entry/src/main/ets/pages/Mine.ets:46:24
 Function may throw exceptions. Special handling is required.
[39m[39m
[33mWARN: [33m[33mArkTS:WARN File: D:/HMAPPTEST/LiubaiNovel-ReReader/entry/src/main/ets/pages/BookSourcePage.ets:216:29
 'getParams' has been deprecated.
[39m[39m
[33mWARN: [33m[33mArkTS:WARN File: D:/HMAPPTEST/LiubaiNovel-ReReader/entry/src/main/ets/pages/BookSourcePage.ets:257:7
 Function may throw exceptions. Special handling is required.
[39m[39m
[33mWARN: [33m[33mArkTS:WARN File: D:/HMAPPTEST/LiubaiNovel-ReReader/entry/src/main/ets/pages/BookSourcePage.ets:291:7
 Function may throw exceptions. Special handling is required.
[39m[39m
[33mWARN: [33m[33mArkTS:WARN File: D:/HMAPPTEST/LiubaiNovel-ReReader/entry/src/main/ets/pages/BookSourcePage.ets:303:23
 'getContext' has been deprecated.
[39m[39m
[33mWARN: [33m[33mArkTS:WARN File: D:/HMAPPTEST/LiubaiNovel-ReReader/entry/src/main/ets/pages/BookSourcePage.ets:312:7
 Function may throw exceptions. Special handling is required.
[39m[39m
[33mWARN: [33m[33mArkTS:WARN File: D:/HMAPPTEST/LiubaiNovel-ReReader/entry/src/main/ets/pages/BookSourcePage.ets:385:37
 'decode' has been deprecated.
[39m[39m
[33mWARN: [33m[33mArkTS:WARN File: D:/HMAPPTEST/LiubaiNovel-ReReader/entry/src/main/ets/pages/BookSourcePage.ets:429:7
 Function may throw exceptions. Special handling is required.
[39m[39m
[33mWARN: [33m[33mArkTS:WARN File: D:/HMAPPTEST/LiubaiNovel-ReReader/entry/src/main/ets/pages/BookSourcePage.ets:465:7
 Function may throw exceptions. Special handling is required.
[39m[39m
[33mWARN: [33m[33mArkTS:WARN File: D:/HMAPPTEST/LiubaiNovel-ReReader/entry/src/main/ets/pages/BookSourcePage.ets:504:7
 Function may throw exceptions. Special handling is required.
[39m[39m
[33mWARN: [33m[33mArkTS:WARN File: D:/HMAPPTEST/LiubaiNovel-ReReader/entry/src/main/ets/pages/BookSourcePage.ets:525:14
 'pushUrl' has been deprecated.
[39m[39m
[33mWARN: [33m[33mArkTS:WARN File: D:/HMAPPTEST/LiubaiNovel-ReReader/entry/src/main/ets/pages/BookSourcePage.ets:544:7
 Function may throw exceptions. Special handling is required.
[39m[39m
[33mWARN: [33m[33mArkTS:WARN File: D:/HMAPPTEST/LiubaiNovel-ReReader/entry/src/main/ets/pages/BookSourcePage.ets:566:14
 'pushUrl' has been deprecated.
[39m[39m
[33mWARN: [33m[33mArkTS:WARN File: D:/HMAPPTEST/LiubaiNovel-ReReader/entry/src/main/ets/pages/BookSourceEditPage.ets:200:29
 'getParams' has been deprecated.
[39m[39m
[33mWARN: [33m[33mArkTS:WARN File: D:/HMAPPTEST/LiubaiNovel-ReReader/entry/src/main/ets/pages/BookSourceEditPage.ets:418:14
 'replaceUrl' has been deprecated.
[39m[39m
[33mWARN: [33m[33mArkTS:WARN File: D:/HMAPPTEST/LiubaiNovel-ReReader/entry/src/main/ets/pages/BookSourceEditPage.ets:429:16
 'back' has been deprecated.
[39m[39m
[33mWARN: [33m[33mArkTS:WARN File: D:/HMAPPTEST/LiubaiNovel-ReReader/entry/src/main/ets/pages/BookSourceEditPage.ets:434:14
 'back' has been deprecated.
[39m[39m
[33mWARN: [33m[33mArkTS:WARN File: D:/HMAPPTEST/LiubaiNovel-ReReader/entry/src/main/ets/pages/BookSourceEditPage.ets:442:12
 'back' has been deprecated.
[39m[39m
[33mWARN: [33m[33mArkTS:WARN File: D:/HMAPPTEST/LiubaiNovel-ReReader/entry/src/main/ets/pages/BookDetailPage.ets:65:29
 'getParams' has been deprecated.
[39m[39m
[33mWARN: [33m[33mArkTS:WARN File: D:/HMAPPTEST/LiubaiNovel-ReReader/entry/src/main/ets/pages/BookDetailPage.ets:278:7
 Function may throw exceptions. Special handling is required.
[39m[39m
[33mWARN: [33m[33mArkTS:WARN File: D:/HMAPPTEST/LiubaiNovel-ReReader/entry/src/main/ets/pages/BookDetailPage.ets:335:9
 Function may throw exceptions. Special handling is required.
[39m[39m
[33mWARN: [33m[33mArkTS:WARN File: D:/HMAPPTEST/LiubaiNovel-ReReader/entry/src/main/ets/pages/BookDetailPage.ets:343:12
 'pushUrl' has been deprecated.
[39m[39m
[33mWARN: [33m[33mArkTS:WARN File: D:/HMAPPTEST/LiubaiNovel-ReReader/entry/src/main/ets/pages/BookDetailPage.ets:373:12
 'pushUrl' has been deprecated.
[39m[39m
[33mWARN: [33m[33mArkTS:WARN File: D:/HMAPPTEST/LiubaiNovel-ReReader/entry/src/main/ets/pages/BookDetailPage.ets:471:7
 Function may throw exceptions. Special handling is required.
[39m[39m
[33mWARN: [33m[33mArkTS:WARN File: D:/HMAPPTEST/LiubaiNovel-ReReader/entry/src/main/ets/pages/BookDetailPage.ets:481:12
 'back' has been deprecated.
[39m[39m
[33mWARN: [33m[33mArkTS:WARN File: D:/HMAPPTEST/LiubaiNovel-ReReader/entry/src/main/ets/reader/providers/EpubParser.ets:173:11
 Function may throw exceptions. Special handling is required.
[39m[39m
[33mWARN: [33m[33mArkTS:WARN File: D:/HMAPPTEST/LiubaiNovel-ReReader/entry/src/main/ets/reader/providers/EpubParser.ets:411:18
 Function may throw exceptions. Special handling is required.
[39m[39m
[33mWARN: [33m[33mArkTS:WARN File: D:/HMAPPTEST/LiubaiNovel-ReReader/entry/src/main/ets/reader/providers/EpubParser.ets:412:18
 Function may throw exceptions. Special handling is required.
[39m[39m
[33mWARN: [33m[33mArkTS:WARN File: D:/HMAPPTEST/LiubaiNovel-ReReader/entry/src/main/ets/reader/providers/EpubParser.ets:414:5
 Function may throw exceptions. Special handling is required.
[39m[39m
[33mWARN: [33m[33mArkTS:WARN File: D:/HMAPPTEST/LiubaiNovel-ReReader/entry/src/main/ets/reader/providers/EpubParser.ets:415:5
 Function may throw exceptions. Special handling is required.
[39m[39m
[33mWARN: [33m[33mArkTS:WARN File: D:/HMAPPTEST/LiubaiNovel-ReReader/entry/src/main/ets/reader/providers/LocalBookProvider.ets:183:18
 Function may throw exceptions. Special handling is required.
[39m[39m
[33mWARN: [33m[33mArkTS:WARN File: D:/HMAPPTEST/LiubaiNovel-ReReader/entry/src/main/ets/reader/providers/LocalBookProvider.ets:184:18
 Function may throw exceptions. Special handling is required.
[39m[39m
[33mWARN: [33m[33mArkTS:WARN File: D:/HMAPPTEST/LiubaiNovel-ReReader/entry/src/main/ets/reader/providers/LocalBookProvider.ets:186:5
 Function may throw exceptions. Special handling is required.
[39m[39m
[33mWARN: [33m[33mArkTS:WARN File: D:/HMAPPTEST/LiubaiNovel-ReReader/entry/src/main/ets/reader/providers/LocalBookProvider.ets:187:5
 Function may throw exceptions. Special handling is required.
[39m[39m
[33mWARN: [33m[33mArkTS:WARN File: D:/HMAPPTEST/LiubaiNovel-ReReader/entry/src/main/ets/reader/tts/TTSController.ets:324:5
 Function may throw exceptions. Special handling is required.
[39m[39m
[33mWARN: [33m[33mArkTS:WARN File: D:/HMAPPTEST/LiubaiNovel-ReReader/entry/src/main/ets/pages/UnifiedReaderPage.ets:140:21
 'getContext' has been deprecated.
[39m[39m
[33mWARN: [33m[33mArkTS:WARN File: D:/HMAPPTEST/LiubaiNovel-ReReader/entry/src/main/ets/pages/UnifiedReaderPage.ets:155:27
 'getParams' has been deprecated.
[39m[39m
[33mWARN: [33m[33mArkTS:WARN File: D:/HMAPPTEST/LiubaiNovel-ReReader/entry/src/main/ets/pages/UnifiedReaderPage.ets:316:39
 'back' has been deprecated.
[39m[39m
[33mWARN: [33m[33mArkTS:WARN File: D:/HMAPPTEST/LiubaiNovel-ReReader/entry/src/main/ets/pages/UnifiedReaderPage.ets:411:20
 'back' has been deprecated.
[39m[39m
[33mWARN: [33m[33mArkTS:WARN File: D:/HMAPPTEST/LiubaiNovel-ReReader/entry/src/main/ets/pages/UnifiedReaderPage.ets:448:22
 'pushUrl' has been deprecated.
[39m[39m
[33mWARN: [33m[33mArkTS:WARN File: D:/HMAPPTEST/LiubaiNovel-ReReader/entry/src/main/ets/pages/UnifiedReaderPage.ets:871:7
 Function may throw exceptions. Special handling is required.
[39m[39m
[33mWARN: [33m[33mArkTS:WARN File: D:/HMAPPTEST/LiubaiNovel-ReReader/entry/src/main/ets/pages/UnifiedReaderPage.ets:871:20
 'showToast' has been deprecated.
[39m[39m
[33mWARN: [33m[33mArkTS:WARN File: D:/HMAPPTEST/LiubaiNovel-ReReader/entry/src/main/ets/pages/UnifiedReaderPage.ets:881:7
 Function may throw exceptions. Special handling is required.
[39m[39m
[33mWARN: [33m[33mArkTS:WARN File: D:/HMAPPTEST/LiubaiNovel-ReReader/entry/src/main/ets/pages/UnifiedReaderPage.ets:881:20
 'showToast' has been deprecated.
[39m[39m
[33mWARN: [33m[33mArkTS:WARN File: D:/HMAPPTEST/LiubaiNovel-ReReader/entry/src/main/ets/pages/UnifiedReaderPage.ets:905:22
 'showToast' has been deprecated.
[39m[39m

[2026-03-28T09:26:40.396] [DEBUG] debug-file - Ark compile task finished.finished time is 1694077549610500
[2026-03-28T09:26:40.397] [DEBUG] debug-file - worker[4] has one work done.
[2026-03-28T09:26:40.398] [DEBUG] debug-file - default@CompileArkTS work[11] done.
[2026-03-28T09:26:40.398] [DEBUG] debug-file - A work dispatched to worker[4] failed because unable to get work from ready queue.
[2026-03-28T09:26:40.400] [INFO] debug-file - Finished :entry:default@CompileArkTS... after 15 s 94 ms 
[2026-03-28T09:26:40.401] [DEBUG] debug-file - Executing task :entry:default@GeneratePkgModuleJson
[2026-03-28T09:26:40.402] [DEBUG] debug-file - File: 'D:\HMAPPTEST\LiubaiNovel-ReReader\entry\build\default\intermediates\preload\default\preload.json' from 'preloadSoJsonPath' is not exists, just ignore.
[2026-03-28T09:26:40.402] [DEBUG] debug-file - Error occurs while handling @Input 'shouldDeduplicateHar': The "data" argument must be of type string or an instance of Buffer, TypedArray, or DataView. Received undefined
[2026-03-28T09:26:40.402] [DEBUG] debug-file - Task 'entry:default@GeneratePkgModuleJson' cost while wrapping incremental declarations: 1 ms 
[2026-03-28T09:26:40.403] [DEBUG] debug-file - entry:default@GeneratePkgModuleJson is not up-to-date, since the input file 'D:\HMAPPTEST\LiubaiNovel-ReReader\entry\build\default\intermediates\res\default\module.json' has been changed.
[2026-03-28T09:26:40.403] [DEBUG] debug-file - Incremental task entry:default@GeneratePkgModuleJson pre-execution cost: 1 ms .
[2026-03-28T09:26:40.404] [DEBUG] debug-file - entry : default@GeneratePkgModuleJson cost memory 0.20862579345703125
[2026-03-28T09:26:40.404] [DEBUG] debug-file - runTaskFromQueue task cost before running: 38 s 692 ms 
[2026-03-28T09:26:40.405] [INFO] debug-file - Finished :entry:default@GeneratePkgModuleJson... after 4 ms 
[2026-03-28T09:26:40.405] [DEBUG] debug-file - Executing task :entry:default@ProcessCompiledResources
[2026-03-28T09:26:40.405] [DEBUG] debug-file - File: 'D:\HMAPPTEST\LiubaiNovel-ReReader\entry\build\default\intermediates\preload\default\preload.json' from 'preloadSoJsonPath' is not exists, just ignore.
[2026-03-28T09:26:40.405] [DEBUG] debug-file - Task 'entry:default@ProcessCompiledResources' cost while wrapping incremental declarations: 1 ms 
[2026-03-28T09:26:40.407] [DEBUG] debug-file - entry : default@ProcessCompiledResources cost memory 0.05635833740234375
[2026-03-28T09:26:40.407] [DEBUG] debug-file - runTaskFromQueue task cost before running: 38 s 695 ms 
[2026-03-28T09:26:40.407] [INFO] debug-file - Finished :entry:default@ProcessCompiledResources... after 3 ms 
[2026-03-28T09:26:40.409] [DEBUG] debug-file - Executing task :entry:default@PackageHap
[2026-03-28T09:26:40.418] [DEBUG] debug-file - entry:default@PackageHap is not up-to-date, since the input file 'D:\HMAPPTEST\LiubaiNovel-ReReader\entry\build\default\intermediates\res\default\module.json' has been changed.
[2026-03-28T09:26:40.418] [DEBUG] debug-file - Incremental task entry:default@PackageHap pre-execution cost: 9 ms .
[2026-03-28T09:26:40.419] [DEBUG] debug-file - Use tool [D:\Program Files\Huawei\DevEco Studio\sdk\default\openharmony\toolchains\lib\app_packing_tool.jar]
 [
  'java',
  '-Dfile.encoding=GBK',
  '-jar',
  'D:\\Program Files\\Huawei\\DevEco Studio\\sdk\\default\\openharmony\\toolchains\\lib\\app_packing_tool.jar',
  '--mode',
  'hap',
  '--force',
  'true',
  '--lib-path',
  'D:\\HMAPPTEST\\LiubaiNovel-ReReader\\entry\\build\\default\\intermediates\\stripped_native_libs\\default',
  '--json-path',
  'D:\\HMAPPTEST\\LiubaiNovel-ReReader\\entry\\build\\default\\intermediates\\package\\default\\module.json',
  '--resources-path',
  'D:\\HMAPPTEST\\LiubaiNovel-ReReader\\entry\\build\\default\\intermediates\\res\\default\\resources',
  '--index-path',
  'D:\\HMAPPTEST\\LiubaiNovel-ReReader\\entry\\build\\default\\intermediates\\res\\default\\resources.index',
  '--pack-info-path',
  'D:\\HMAPPTEST\\LiubaiNovel-ReReader\\entry\\build\\default\\outputs\\default\\pack.info',
  '--out-path',
  'D:\\HMAPPTEST\\LiubaiNovel-ReReader\\entry\\build\\default\\outputs\\default\\entry-default-unsigned.hap',
  '--ets-path',
  'D:\\HMAPPTEST\\LiubaiNovel-ReReader\\entry\\build\\default\\intermediates\\loader_out\\default\\ets'
]
[2026-03-28T09:26:40.471] [DEBUG] debug-file - java daemon socket received message:{"code":0,"message":"pack success"}
[2026-03-28T09:26:40.474] [DEBUG] debug-file - entry : default@PackageHap cost memory 0.466827392578125
[2026-03-28T09:26:40.474] [DEBUG] debug-file - runTaskFromQueue task cost before running: 38 s 762 ms 
[2026-03-28T09:26:40.475] [INFO] debug-file - Finished :entry:default@PackageHap... after 66 ms 
[2026-03-28T09:26:40.476] [DEBUG] debug-file - Executing task :entry:default@PackingCheck
[2026-03-28T09:26:40.481] [DEBUG] debug-file - entry : default@PackingCheck cost memory 0.56134033203125
[2026-03-28T09:26:40.481] [DEBUG] debug-file - runTaskFromQueue task cost before running: 38 s 768 ms 
[2026-03-28T09:26:40.481] [INFO] debug-file - Finished :entry:default@PackingCheck... after 5 ms 
[2026-03-28T09:26:40.482] [DEBUG] debug-file - Executing task :entry:default@SignHap
[2026-03-28T09:26:40.484] [DEBUG] debug-file - entry:default@SignHap is not up-to-date, since the input file 'D:\HMAPPTEST\LiubaiNovel-ReReader\entry\build\default\outputs\default\entry-default-unsigned.hap' has been changed.
[2026-03-28T09:26:40.484] [DEBUG] debug-file - Incremental task entry:default@SignHap pre-execution cost: 2 ms .
[2026-03-28T09:26:40.497] [DEBUG] debug-file - java daemon socket close code:1000 reason:close by user
[2026-03-28T09:26:40.517] [DEBUG] debug-file - java daemon socket received message:{"code":0,"message":"verify profile success"}
[2026-03-28T09:26:40.520] [DEBUG] debug-file - java daemon socket close code:1000 reason:close by user
[2026-03-28T09:26:40.656] [DEBUG] debug-file - java daemon socket received message:{"code":0,"message":"sign app success"}
[2026-03-28T09:26:40.657] [DEBUG] debug-file - entry : default@SignHap cost memory 0.6916580200195312
[2026-03-28T09:26:40.657] [DEBUG] debug-file - runTaskFromQueue task cost before running: 38 s 945 ms 
[2026-03-28T09:26:40.658] [INFO] debug-file - Finished :entry:default@SignHap... after 175 ms 
[2026-03-28T09:26:40.660] [DEBUG] debug-file - Executing task :entry:default@CollectDebugSymbol
[2026-03-28T09:26:40.661] [DEBUG] debug-file - entry : default@CollectDebugSymbol cost memory 0.0834808349609375
[2026-03-28T09:26:40.661] [DEBUG] debug-file - runTaskFromQueue task cost before running: 38 s 948 ms 
[2026-03-28T09:26:40.661] [INFO] debug-file - Finished :entry:default@CollectDebugSymbol... after 2 ms 
[2026-03-28T09:26:40.661] [DEBUG] debug-file - Executing task :entry:assembleHap
[2026-03-28T09:26:40.661] [DEBUG] debug-file - entry : assembleHap cost memory 0.01227569580078125
[2026-03-28T09:26:40.661] [DEBUG] debug-file - runTaskFromQueue task cost before running: 38 s 949 ms 
[2026-03-28T09:26:40.662] [INFO] debug-file - Finished :entry:assembleHap... after 1 ms 
[2026-03-28T09:26:41.966] [INFO] debug-file - BUILD SUCCESSFUL in 40 s 253 ms 
[2026-03-28T09:26:41.966] [DEBUG] debug-file - There is no need to refresh cache, since the incremental task entry:default@PreBuild is up-to-date.
[2026-03-28T09:26:41.966] [DEBUG] debug-file - Update task entry:default@CreateModuleInfo output file:D:\HMAPPTEST\LiubaiNovel-ReReader\entry\build\default\generated\profile\default\ModuleInfo.ts cache.
[2026-03-28T09:26:41.967] [DEBUG] debug-file - Incremental task entry:default@CreateModuleInfo post-execution cost:1 ms .
[2026-03-28T09:26:41.967] [DEBUG] debug-file - Update task entry:default@GenerateMetadata input file:D:\HMAPPTEST\LiubaiNovel-ReReader\entry\src\main\module.json5 cache by regenerate.
[2026-03-28T09:26:41.967] [DEBUG] debug-file - Update task entry:default@GenerateMetadata output file:D:\HMAPPTEST\LiubaiNovel-ReReader\entry\build\default\intermediates\hap_metadata\default\output_metadata.json cache.
[2026-03-28T09:26:41.968] [DEBUG] debug-file - Incremental task entry:default@GenerateMetadata post-execution cost:1 ms .
[2026-03-28T09:26:41.968] [DEBUG] debug-file - Update task entry:default@MergeProfile input file:D:\HMAPPTEST\LiubaiNovel-ReReader\AppScope\app.json5 cache by regenerate.
[2026-03-28T09:26:41.968] [DEBUG] debug-file - Update task entry:default@MergeProfile input file:D:\HMAPPTEST\LiubaiNovel-ReReader\build-profile.json5 cache by regenerate.
[2026-03-28T09:26:41.968] [DEBUG] debug-file - Update task entry:default@MergeProfile input file:D:\HMAPPTEST\LiubaiNovel-ReReader\entry\src\main\module.json5 cache by regenerate.
[2026-03-28T09:26:41.968] [DEBUG] debug-file - Update task entry:default@MergeProfile output file:D:\HMAPPTEST\LiubaiNovel-ReReader\entry\build\default\intermediates\merge_profile\default\module.json cache.
[2026-03-28T09:26:41.968] [DEBUG] debug-file - Incremental task entry:default@MergeProfile post-execution cost:1 ms .
[2026-03-28T09:26:41.968] [DEBUG] debug-file - Update task entry:default@CreateBuildProfile input file:D:\HMAPPTEST\LiubaiNovel-ReReader\AppScope\app.json5 cache by regenerate.
[2026-03-28T09:26:41.969] [DEBUG] debug-file - Update task entry:default@CreateBuildProfile input file:D:\HMAPPTEST\LiubaiNovel-ReReader\build-profile.json5 cache by regenerate.
[2026-03-28T09:26:41.969] [DEBUG] debug-file - Update task entry:default@CreateBuildProfile output file:D:\HMAPPTEST\LiubaiNovel-ReReader\entry\build\default\generated\profile\default\BuildProfile.ets cache.
[2026-03-28T09:26:41.969] [DEBUG] debug-file - Incremental task entry:default@CreateBuildProfile post-execution cost:1 ms .
[2026-03-28T09:26:41.969] [DEBUG] debug-file - Update task entry:default@GeneratePkgContextInfo output file:D:\HMAPPTEST\LiubaiNovel-ReReader\entry\build\default\intermediates\loader\default\pkgContextInfo.json cache.
[2026-03-28T09:26:41.969] [DEBUG] debug-file - Incremental task entry:default@GeneratePkgContextInfo post-execution cost:1 ms .
[2026-03-28T09:26:41.969] [DEBUG] debug-file - Update task entry:default@ProcessIntegratedHsp output file:D:\HMAPPTEST\LiubaiNovel-ReReader\build\cache\default\integrated_hsp\integratedHspCache.json cache.
[2026-03-28T09:26:41.970] [DEBUG] debug-file - Incremental task entry:default@ProcessIntegratedHsp post-execution cost:1 ms .
[2026-03-28T09:26:41.970] [DEBUG] debug-file - Update task entry:default@MakePackInfo input file:D:\HMAPPTEST\LiubaiNovel-ReReader\AppScope\app.json5 cache by regenerate.
[2026-03-28T09:26:41.970] [DEBUG] debug-file - Update task entry:default@MakePackInfo input file:D:\HMAPPTEST\LiubaiNovel-ReReader\entry\src\main\module.json5 cache by regenerate.
[2026-03-28T09:26:41.970] [DEBUG] debug-file - Update task entry:default@MakePackInfo input file:D:\HMAPPTEST\LiubaiNovel-ReReader\build-profile.json5 cache by regenerate.
[2026-03-28T09:26:41.971] [DEBUG] debug-file - Update task entry:default@MakePackInfo input file:D:\HMAPPTEST\LiubaiNovel-ReReader\entry\src\main\resources\base\profile\backup_config.json cache by regenerate.
[2026-03-28T09:26:41.971] [DEBUG] debug-file - Update task entry:default@MakePackInfo output file:D:\HMAPPTEST\LiubaiNovel-ReReader\entry\build\default\outputs\default\pack.info cache.
[2026-03-28T09:26:41.971] [DEBUG] debug-file - Incremental task entry:default@MakePackInfo post-execution cost:2 ms .
[2026-03-28T09:26:41.971] [DEBUG] debug-file - Update task entry:default@SyscapTransform input file:D:\Program Files\Huawei\DevEco Studio\sdk\default\openharmony\toolchains\syscap_tool.exe cache by regenerate.
[2026-03-28T09:26:41.971] [DEBUG] debug-file - Update task entry:default@SyscapTransform input file:D:\Program Files\Huawei\DevEco Studio\sdk\default\openharmony\ets\api\device-define cache by regenerate.
[2026-03-28T09:26:41.972] [DEBUG] debug-file - Update task entry:default@SyscapTransform output file:D:\HMAPPTEST\LiubaiNovel-ReReader\entry\build\default\intermediates\syscap\default\rpcid.sc cache.
[2026-03-28T09:26:41.972] [DEBUG] debug-file - Incremental task entry:default@SyscapTransform post-execution cost:2 ms .
[2026-03-28T09:26:41.972] [DEBUG] debug-file - Update task entry:default@ProcessProfile input file:D:\HMAPPTEST\LiubaiNovel-ReReader\entry\build\default\intermediates\merge_profile\default\module.json cache from map.
[2026-03-28T09:26:41.972] [DEBUG] debug-file - Update task entry:default@ProcessProfile output file:D:\HMAPPTEST\LiubaiNovel-ReReader\entry\build\default\intermediates\process_profile\default\module.json cache.
[2026-03-28T09:26:41.973] [DEBUG] debug-file - Incremental task entry:default@ProcessProfile post-execution cost:1 ms .
[2026-03-28T09:26:41.973] [DEBUG] debug-file - Update task entry:default@ProcessRouterMap input file:D:\HMAPPTEST\LiubaiNovel-ReReader\entry\oh-package.json5 cache by regenerate.
[2026-03-28T09:26:41.973] [DEBUG] debug-file - Update task entry:default@ProcessRouterMap input file:D:\HMAPPTEST\LiubaiNovel-ReReader\oh-package.json5 cache by regenerate.
[2026-03-28T09:26:41.973] [DEBUG] debug-file - Update task entry:default@ProcessRouterMap input file:D:\HMAPPTEST\LiubaiNovel-ReReader\entry\src\main\module.json5 cache by regenerate.
[2026-03-28T09:26:41.973] [DEBUG] debug-file - Update task entry:default@ProcessRouterMap output file:D:\HMAPPTEST\LiubaiNovel-ReReader\entry\build\default\intermediates\router_map\default\temp-router-map.json cache.
[2026-03-28T09:26:41.973] [DEBUG] debug-file - Update task entry:default@ProcessRouterMap output file:D:\HMAPPTEST\LiubaiNovel-ReReader\entry\build\default\intermediates\router_map\default\loader-router-map.json cache.
[2026-03-28T09:26:41.974] [DEBUG] debug-file - Incremental task entry:default@ProcessRouterMap post-execution cost:2 ms .
[2026-03-28T09:26:41.974] [DEBUG] debug-file - Update task entry:default@ProcessShareConfig input file:D:\HMAPPTEST\LiubaiNovel-ReReader\entry\oh-package.json5 cache by regenerate.
[2026-03-28T09:26:41.974] [DEBUG] debug-file - Update task entry:default@ProcessShareConfig input file:D:\HMAPPTEST\LiubaiNovel-ReReader\oh-package.json5 cache by regenerate.
[2026-03-28T09:26:41.974] [DEBUG] debug-file - Update task entry:default@ProcessShareConfig input file:D:\HMAPPTEST\LiubaiNovel-ReReader\entry\src\main\module.json5 cache by regenerate.
[2026-03-28T09:26:41.974] [DEBUG] debug-file - Update task entry:default@ProcessShareConfig output file:D:\HMAPPTEST\LiubaiNovel-ReReader\entry\build\default\intermediates\share_config\default\temp-share-config.json cache.
[2026-03-28T09:26:41.975] [DEBUG] debug-file - Incremental task entry:default@ProcessShareConfig post-execution cost:1 ms .
[2026-03-28T09:26:41.975] [DEBUG] debug-file - Update task entry:default@ProcessStartupConfig output file:D:\HMAPPTEST\LiubaiNovel-ReReader\entry\build\default\intermediates\startup\default\startup_config.json cache.
[2026-03-28T09:26:41.975] [DEBUG] debug-file - Incremental task entry:default@ProcessStartupConfig post-execution cost:1 ms .
[2026-03-28T09:26:41.975] [DEBUG] debug-file - Update task entry:default@ProcessResource output file:D:\HMAPPTEST\LiubaiNovel-ReReader\entry\build\default\intermediates\res\default\resConfig.json cache.
[2026-03-28T09:26:41.975] [DEBUG] debug-file - Update task entry:default@ProcessResource output file:D:\HMAPPTEST\LiubaiNovel-ReReader\entry\build\default\intermediates\res\default\opt-compression.json cache.
[2026-03-28T09:26:41.975] [DEBUG] debug-file - Incremental task entry:default@ProcessResource post-execution cost:1 ms .
[2026-03-28T09:26:41.976] [DEBUG] debug-file - Update task entry:default@GenerateLoaderJson input file:D:\HMAPPTEST\LiubaiNovel-ReReader\entry\build\default\intermediates\router_map\default\temp-router-map.json cache from map.
[2026-03-28T09:26:41.976] [DEBUG] debug-file - Update task entry:default@GenerateLoaderJson output file:D:\HMAPPTEST\LiubaiNovel-ReReader\entry\build\default\intermediates\loader\default\loader.json cache.
[2026-03-28T09:26:41.977] [DEBUG] debug-file - Incremental task entry:default@GenerateLoaderJson post-execution cost:1 ms .
[2026-03-28T09:26:41.977] [DEBUG] debug-file - Update task entry:default@ProcessLibs input file:D:\HMAPPTEST\LiubaiNovel-ReReader\build-profile.json5 cache by regenerate.
[2026-03-28T09:26:41.977] [DEBUG] debug-file - Update task entry:default@ProcessLibs input file:D:\HMAPPTEST\LiubaiNovel-ReReader\entry\build-profile.json5 cache by regenerate.
[2026-03-28T09:26:41.977] [DEBUG] debug-file - Update task entry:default@ProcessLibs output file:D:\HMAPPTEST\LiubaiNovel-ReReader\entry\build\default\intermediates\libs\default cache.
[2026-03-28T09:26:41.977] [DEBUG] debug-file - Incremental task entry:default@ProcessLibs post-execution cost:1 ms .
[2026-03-28T09:26:41.978] [DEBUG] debug-file - Update task entry:default@CompileResource input file:D:\HMAPPTEST\LiubaiNovel-ReReader\entry\src\main\resources cache by regenerate.
[2026-03-28T09:26:41.985] [DEBUG] debug-file - Update task entry:default@CompileResource input file:D:\HMAPPTEST\LiubaiNovel-ReReader\AppScope\resources cache by regenerate.
[2026-03-28T09:26:41.986] [DEBUG] debug-file - Update task entry:default@CompileResource input file:D:\HMAPPTEST\LiubaiNovel-ReReader\entry\build\default\intermediates\process_profile\default\module.json cache from map.
[2026-03-28T09:26:41.986] [DEBUG] debug-file - Update task entry:default@CompileResource input file:D:\HMAPPTEST\LiubaiNovel-ReReader\entry\build\default\intermediates\res\default\resConfig.json cache by regenerate.
[2026-03-28T09:26:41.987] [DEBUG] debug-file - Update task entry:default@CompileResource output file:D:\HMAPPTEST\LiubaiNovel-ReReader\entry\build\default\intermediates\res\default cache.
[2026-03-28T09:26:41.994] [DEBUG] debug-file - Update task entry:default@CompileResource output file:D:\HMAPPTEST\LiubaiNovel-ReReader\entry\build\default\generated\r\default\ResourceTable.h cache.
[2026-03-28T09:26:41.994] [DEBUG] debug-file - Update task entry:default@CompileResource output file:D:\HMAPPTEST\LiubaiNovel-ReReader\entry\build\default\generated\r\default cache.
[2026-03-28T09:26:41.994] [DEBUG] debug-file - Incremental task entry:default@CompileResource post-execution cost:17 ms .
[2026-03-28T09:26:41.994] [DEBUG] debug-file - Update task entry:default@DoNativeStrip input file:D:\HMAPPTEST\LiubaiNovel-ReReader\entry\build\default\intermediates\libs\default cache by regenerate.
[2026-03-28T09:26:41.995] [DEBUG] debug-file - Update task entry:default@DoNativeStrip output file:D:\HMAPPTEST\LiubaiNovel-ReReader\entry\build\default\intermediates\stripped_native_libs\default cache.
[2026-03-28T09:26:41.995] [DEBUG] debug-file - Incremental task entry:default@DoNativeStrip post-execution cost:1 ms .
[2026-03-28T09:26:41.996] [DEBUG] debug-file - Update task entry:default@CompileArkTS input file:D:\HMAPPTEST\LiubaiNovel-ReReader\entry\build\default\intermediates\loader\default cache from map.
[2026-03-28T09:26:41.997] [DEBUG] debug-file - Update task entry:default@CompileArkTS input file:D:\HMAPPTEST\LiubaiNovel-ReReader\entry\build\default\intermediates\res\default\resources\rawfile cache by regenerate.
[2026-03-28T09:26:41.998] [DEBUG] debug-file - Update task entry:default@CompileArkTS input file:D:\HMAPPTEST\LiubaiNovel-ReReader\entry\build\default\intermediates\res\default\ResourceTable.txt cache by regenerate.
[2026-03-28T09:26:41.998] [DEBUG] debug-file - Update task entry:default@CompileArkTS input file:D:\HMAPPTEST\LiubaiNovel-ReReader\entry\build\default\intermediates\res\default\ark_module.json cache by regenerate.
[2026-03-28T09:26:41.998] [DEBUG] debug-file - Update task entry:default@CompileArkTS input file:D:\HMAPPTEST\LiubaiNovel-ReReader\entry\build\default\intermediates\res\default\resources\base\profile cache by regenerate.
[2026-03-28T09:26:41.999] [DEBUG] debug-file - Update task entry:default@CompileArkTS input file:D:\HMAPPTEST\LiubaiNovel-ReReader\entry\src\main\ets cache by regenerate.
[2026-03-28T09:26:42.008] [DEBUG] debug-file - Update task entry:default@CompileArkTS input file:D:\HMAPPTEST\LiubaiNovel-ReReader\entry\build\default\generated\profile\default\BuildProfile.ets cache by regenerate.
[2026-03-28T09:26:42.009] [DEBUG] debug-file - Update task entry:default@CompileArkTS output file:D:\HMAPPTEST\LiubaiNovel-ReReader\entry\build\default\intermediates\loader_out\default\ets cache.
[2026-03-28T09:26:42.010] [DEBUG] debug-file - Incremental task entry:default@CompileArkTS post-execution cost:15 ms .
[2026-03-28T09:26:42.011] [DEBUG] debug-file - Update task entry:default@BuildJS input file:D:\HMAPPTEST\LiubaiNovel-ReReader\entry\build\default\intermediates\loader\default cache by regenerate.
[2026-03-28T09:26:42.012] [DEBUG] debug-file - Update task entry:default@BuildJS input file:D:\HMAPPTEST\LiubaiNovel-ReReader\entry\build\default\intermediates\res\default\resources\rawfile cache by regenerate.
[2026-03-28T09:26:42.013] [DEBUG] debug-file - Update task entry:default@BuildJS input file:D:\HMAPPTEST\LiubaiNovel-ReReader\entry\build\default\intermediates\res\default\ResourceTable.txt cache by regenerate.
[2026-03-28T09:26:42.013] [DEBUG] debug-file - Update task entry:default@BuildJS input file:D:\HMAPPTEST\LiubaiNovel-ReReader\entry\build\default\intermediates\res\default\ark_module.json cache by regenerate.
[2026-03-28T09:26:42.013] [DEBUG] debug-file - Update task entry:default@BuildJS input file:D:\HMAPPTEST\LiubaiNovel-ReReader\entry\build\default\intermediates\res\default\resources\base\profile cache by regenerate.
[2026-03-28T09:26:42.014] [DEBUG] debug-file - Update task entry:default@BuildJS output file:D:\HMAPPTEST\LiubaiNovel-ReReader\entry\build\default\intermediates\loader_out\default\js cache.
[2026-03-28T09:26:42.014] [DEBUG] debug-file - Incremental task entry:default@BuildJS post-execution cost:5 ms .
[2026-03-28T09:26:42.014] [DEBUG] debug-file - Update task entry:default@CacheNativeLibs input file:D:\HMAPPTEST\LiubaiNovel-ReReader\entry\build\default\intermediates\stripped_native_libs\default cache by regenerate.
[2026-03-28T09:26:42.014] [DEBUG] debug-file - Update task entry:default@CacheNativeLibs input file:D:\HMAPPTEST\LiubaiNovel-ReReader\entry\build\default\intermediates\libs\default cache by regenerate.
[2026-03-28T09:26:42.015] [DEBUG] debug-file - Update task entry:default@CacheNativeLibs output file:D:\HMAPPTEST\LiubaiNovel-ReReader\entry\build\default\intermediates\patch\default\base_native_libs.json cache.
[2026-03-28T09:26:42.015] [DEBUG] debug-file - Incremental task entry:default@CacheNativeLibs post-execution cost:1 ms .
[2026-03-28T09:26:42.015] [DEBUG] debug-file - Update task entry:default@GeneratePkgModuleJson input file:D:\HMAPPTEST\LiubaiNovel-ReReader\entry\build\default\intermediates\res\default\module.json cache from map.
[2026-03-28T09:26:42.015] [DEBUG] debug-file - Update task entry:default@GeneratePkgModuleJson output file:D:\HMAPPTEST\LiubaiNovel-ReReader\entry\build\default\intermediates\package\default\module.json cache.
[2026-03-28T09:26:42.015] [DEBUG] debug-file - Incremental task entry:default@GeneratePkgModuleJson post-execution cost:1 ms .
[2026-03-28T09:26:42.015] [DEBUG] debug-file - Incremental task entry:default@ProcessCompiledResources post-execution cost:1 ms .
[2026-03-28T09:26:42.017] [DEBUG] debug-file - Update task entry:default@PackageHap input file:D:\HMAPPTEST\LiubaiNovel-ReReader\entry\build\default\intermediates\stripped_native_libs\default cache by regenerate.
[2026-03-28T09:26:42.017] [DEBUG] debug-file - Update task entry:default@PackageHap input file:D:\HMAPPTEST\LiubaiNovel-ReReader\entry\build\default\intermediates\res\default\module.json cache from map.
[2026-03-28T09:26:42.017] [DEBUG] debug-file - Update task entry:default@PackageHap input file:D:\HMAPPTEST\LiubaiNovel-ReReader\entry\build\default\intermediates\res\default\resources cache by regenerate.
[2026-03-28T09:26:42.021] [DEBUG] debug-file - Update task entry:default@PackageHap input file:D:\HMAPPTEST\LiubaiNovel-ReReader\entry\build\default\intermediates\res\default\resources.index cache by regenerate.
[2026-03-28T09:26:42.022] [DEBUG] debug-file - Update task entry:default@PackageHap input file:D:\HMAPPTEST\LiubaiNovel-ReReader\entry\build\default\outputs\default\pack.info cache by regenerate.
[2026-03-28T09:26:42.022] [DEBUG] debug-file - Update task entry:default@PackageHap input file:D:\HMAPPTEST\LiubaiNovel-ReReader\entry\build\default\intermediates\loader_out\default\ets cache by regenerate.
[2026-03-28T09:26:42.022] [DEBUG] debug-file - Update task entry:default@PackageHap input file:D:\HMAPPTEST\LiubaiNovel-ReReader\entry\build\default\intermediates\loader_out\default\ets\sourceMaps.map cache by regenerate.
[2026-03-28T09:26:42.022] [DEBUG] debug-file - Update task entry:default@PackageHap input file:D:\HMAPPTEST\LiubaiNovel-ReReader\entry\build\default\generated\profile\default\BuildProfile.ets cache by regenerate.
[2026-03-28T09:26:42.023] [DEBUG] debug-file - Update task entry:default@PackageHap output file:D:\HMAPPTEST\LiubaiNovel-ReReader\entry\build\default\outputs\default\entry-default-unsigned.hap cache.
[2026-03-28T09:26:42.023] [DEBUG] debug-file - Update task entry:default@PackageHap output file:D:\HMAPPTEST\LiubaiNovel-ReReader\entry\build\default\intermediates\source_map\default\sourceMaps.map cache.
[2026-03-28T09:26:42.023] [DEBUG] debug-file - Update task entry:default@PackageHap output file:D:\HMAPPTEST\LiubaiNovel-ReReader\entry\build\default\outputs\default\mapping\sourceMaps.map cache.
[2026-03-28T09:26:42.023] [DEBUG] debug-file - Incremental task entry:default@PackageHap post-execution cost:8 ms .
[2026-03-28T09:26:42.024] [DEBUG] debug-file - Update task entry:default@SignHap input file:C:\Users\zxyzhy233\.ohos\config\default_LiubaiNovel-ReReader_U1UTVGz8nzXoDVi686OyEZxVoEKg_W5HfTmv5fg-wcI=.cer cache by regenerate.
[2026-03-28T09:26:42.024] [DEBUG] debug-file - Update task entry:default@SignHap input file:C:\Users\zxyzhy233\.ohos\config\default_LiubaiNovel-ReReader_U1UTVGz8nzXoDVi686OyEZxVoEKg_W5HfTmv5fg-wcI=.p7b cache by regenerate.
[2026-03-28T09:26:42.024] [DEBUG] debug-file - Update task entry:default@SignHap input file:C:\Users\zxyzhy233\.ohos\config\default_LiubaiNovel-ReReader_U1UTVGz8nzXoDVi686OyEZxVoEKg_W5HfTmv5fg-wcI=.p12 cache by regenerate.
[2026-03-28T09:26:42.024] [DEBUG] debug-file - Update task entry:default@SignHap input file:D:\HMAPPTEST\LiubaiNovel-ReReader\entry\build\default\outputs\default\entry-default-unsigned.hap cache from map.
[2026-03-28T09:26:42.024] [DEBUG] debug-file - Update task entry:default@SignHap output file:D:\HMAPPTEST\LiubaiNovel-ReReader\entry\build\default\outputs\default\entry-default-signed.hap cache.
[2026-03-28T09:26:42.025] [DEBUG] debug-file - Incremental task entry:default@SignHap post-execution cost:2 ms .
[2026-03-28T09:26:42.025] [DEBUG] debug-file - Update task entry:default@CollectDebugSymbol input file:D:\HMAPPTEST\LiubaiNovel-ReReader\entry\build\default\intermediates\loader_out\default\ets\sourceMaps.map cache by regenerate.
[2026-03-28T09:26:42.025] [DEBUG] debug-file - Update task entry:default@CollectDebugSymbol input file:D:\HMAPPTEST\LiubaiNovel-ReReader\entry\build\default\intermediates\libs\default cache by regenerate.
[2026-03-28T09:26:42.025] [DEBUG] debug-file - Update task entry:default@CollectDebugSymbol output file:D:\HMAPPTEST\LiubaiNovel-ReReader\entry\build\default\outputs\default\symbol cache.
[2026-03-28T09:26:42.026] [DEBUG] debug-file - Incremental task entry:default@CollectDebugSymbol post-execution cost:1 ms .
[2026-03-28T09:26:42.906] [DEBUG] debug-file - Cleanup worker 13.
[2026-03-28T09:26:42.906] [DEBUG] debug-file - Worker 13 has been cleaned up.
[2026-03-28T09:26:42.906] [DEBUG] debug-file - Current idle worker size: 2.
[2026-03-28T09:26:42.906] [DEBUG] debug-file - Current resident worker size: 3.
[2026-03-28T09:26:42.907] [DEBUG] debug-file - Cleanup worker 14.
[2026-03-28T09:26:42.907] [DEBUG] debug-file - Worker 14 has been cleaned up.
[2026-03-28T09:26:42.907] [DEBUG] debug-file - Current idle worker size: 1.
[2026-03-28T09:26:42.907] [DEBUG] debug-file - Current resident worker size: 3.
[2026-03-28T09:26:42.907] [DEBUG] debug-file - hvigor build process will be closed.
[2026-03-28T09:26:42.908] [DEBUG] debug-file - java daemon socket close code:1000 reason:close by user
[2026-03-28T09:26:42.921] [DEBUG] debug-file - session manager: send message to worker process.
[2026-03-28T09:26:42.922] [DEBUG] debug-file - session manager: send message to worker process.
[2026-03-28T09:26:42.923] [DEBUG] debug-file - watch worker: worker id should be larger than 0. Nothing will be sent to any worker thread.
[2026-03-28T09:26:42.924] [DEBUG] debug-file - watch worker: worker id should be larger than 0. Nothing will be sent to any worker thread.
[2026-03-28T09:26:42.936] [DEBUG] debug-file - worker[13] exits with exit code 1.
[2026-03-28T09:26:42.939] [DEBUG] debug-file - worker[14] exits with exit code 1.
